comm_id,account_id,comm_date,channel,duration_minutes,outcome,conc_compliant_script_used,agent
COM000001,DC100002,28-02-2026,Email,,Left Voicemail,Y,Francis S.
COM000002,DC100002,2026-03-30,outbound call,8.6,Left Voicemail,Y,Dorothy D.
COM000003,DC100003,2025-09-28,Inbound Call,0.5,Payment Arranged,Unknown,Deborah W.
COM000004,DC100003,31/01/2026,outbound call,10.3,Disputed Debt,Y,Janet F.
COM000005,DC100004,26-12-2024,SMS,,Requested Callback,Y,Charlotte H.
COM000006,DC100004,2025-03-20,Email,,,Y,Keith F.
COM000007,DC100006,2025-07-25,Call,16.1,Requested Callback,Y,Richard P.
COM000008,DC100006,2026-05-04,Call,15.6,Left Voicemail,Y,Gary P.
COM000009,DC100006,2025-07-27,Call,2.6,Disputed Debt,Y,William B.
COM000010,DC100007,2025-10-30,Inbound Call,17.5,Complaint Raised,Y,Billy Y.
COM000011,DC100008,05/23/2024,Letter,,Refused to Pay,Y,Danny H.
COM000012,DC100008,2024-02-16,outbound call,9.5,Call Dropped,Y,Jane G.
COM000013,DC100008,18-07-2025,Call,2.9,Customer Confirmed Vulnerability,Y,Harriet B.
COM000014,DC100008,2024-01-27,Email,,Disputed Debt,Y,Carole W.
COM000015,DC100008,2025-02-22,Call,1.7,DSAR Request Logged,Y,Jemma A.
COM000016,DC100009,30/09/2025,outbound call,10.6,Complaint Raised,Y,Laura Q.
COM000017,DC100010,2026-02-24,SMS,,Disputed Debt,Unknown,Andrew B.
COM000018,DC100011,20/02/2025,Letter,,Left Voicemail,Y,June W.
COM000019,DC100011,2025-06-03,Inbound Call,20.5,Refused to Pay,Y,Ben T.
COM000020,DC100014,2026-04-07,SMS,,Requested Callback,Y,Victoria D.
COM000021,DC100014,02-05-2026,Email,,,Y,Jodie K.
COM000022,DC100014,2026-06-29,Outbound Call,20.8,DSAR Request Logged,Y,Jack D.
COM000023,DC100015,2024-09-16,Email,,Requested Callback,Y,Abigail W.
COM000024,DC100015,24/04/2024,Call,18.8,,Y,Elaine P.
COM000025,DC100015,2025-04-04,Call,14.6,No Answer,Y,Anthony R.
COM000026,DC100015,2025-03-28,Call,21.3,Requested Callback,Y,Anna H.
COM000027,DC100015,2025-06-27,Inbound Call,16.7,,Unknown,Mandy R.
COM000028,DC100015,27/04/2024,outbound call,2.2,Payment Arranged,Y,Marcus B.
COM000029,DC100015,08/10/2024,outbound call,14.8,Customer Confirmed Vulnerability,Y,Judith D.
COM000030,DC100016,2026-01-31,Email,,Customer Confirmed Vulnerability,Y,Gordon R.
COM000031,DC100016,2025-02-10,Outbound Call,18.3,DSAR Request Logged,Y,Sandra B.
COM000032,DC100017,2026-07-09,Outbound Call,10.0,Payment Arranged,Y,Terry E.
COM000033,DC100018,2026-08-09,Call,17.8,Payment Arranged,Y,Reece W.
COM000034,DC100020,18/04/2024,Call,21.5,Wrong Number,Y,Paige B.
COM000035,DC100020,2025-04-02,Call,13.3,Complaint Raised,Y,Gillian B.
COM000036,DC100020,25-03-2025,outbound call,9.6,No Answer,Y,Roger D.
COM000037,DC100021,2024-10-06,SMS,,DSAR Request Logged,Y,Ben S.
COM000038,DC100021,14/01/2025,Outbound Call,16.8,No Answer,Y,Nathan L.
COM000039,DC100021,22-09-2024,Inbound Call,9.3,,Y,Mary S.
COM000040,DC100021,12/01/2024,SMS,,Requested Callback,Y,Sally R.
COM000041,DC100021,2024-05-18,SMS,,,Y,Elliott D.
COM000042,DC100021,2025-04-17,Email,,Wrong Number,Y,Olivia K.
COM000043,DC100021,2025-04-21,Inbound Call,0.6,Payment Arranged,Y,Leigh P.
COM000044,DC100021,2024-12-21,Outbound Call,11.7,Requested Callback,Y,Karl L.
COM000045,DC100021,06/07/2025,Letter,,Left Voicemail,Y,Keith B.
COM000046,DC100021,19/10/2024,outbound call,9.5,Call Dropped,Y,Janice D.
COM000047,DC100022,06/18/2025,Call,5.1,Left Voicemail,Y,Adam W.
COM000048,DC100022,05-02-2026,Outbound Call,3.4,No Answer,Y,Leslie T.
COM000049,DC100023,14/01/2025,Inbound Call,16.7,Left Voicemail,Y,Patrick T.
COM000050,DC100024,2026-03-13,SMS,,Complaint Raised,Y,Samuel S.
COM000051,DC100024,2025-03-27,Letter,,Customer Confirmed Vulnerability,Y,Neil W.
COM000052,DC100024,2025-02-18,outbound call,12.1,Payment Arranged,Y,Glen T.
COM000053,DC100025,2024-09-27,Outbound Call,18.9,Payment Arranged,Y,Dennis R.
COM000054,DC100025,2024-09-09,outbound call,19.2,,Y,Timothy M.
COM000055,DC100025,2025-06-05,SMS,,Requested Callback,N,Eleanor G.
COM000056,DC100025,2024-12-25,Email,,Disputed Debt,Y,Patrick F.
COM000057,DC100026,2026-03-18,Email,,Payment Arranged,Y,Dawn K.
COM000058,DC100026,2026-07-01,Inbound Call,5.9,Payment Arranged,Y,Ronald A.
COM000059,DC100027,17-04-2025,Call,9.8,Refused to Pay,Y,Shaun D.
COM000060,DC100027,2023-12-16,Email,,No Answer,Y,Abigail L.
COM000061,DC100028,01/03/2026,Call,17.1,Wrong Number,Y,Justin W.
COM000062,DC100028,2026-04-17,Call,13.7,Left Voicemail,Y,Gordon S.
COM000063,DC100030,2025-12-01,Letter,,Left Voicemail,Y,Marion K.
COM000064,DC100030,2026-03-18,Outbound Call,19.3,Requested Callback,Y,Abigail M.
COM000065,DC100031,2026-05-02,Email,,No Answer,Y,Jennifer B.
COM000066,DC100031,05/02/2026,Call,9.5,Wrong Number,Unknown,Rachel T.
COM000067,DC100031,2025-12-15,Email,,,Y,Dale G.
COM000068,DC100031,2025-12-17,SMS,,No Answer,Unknown,Sheila S.
COM000069,DC100032,28-08-2024,Call,2.6,Payment Arranged,Y,Katherine W.
COM000070,DC100032,19/04/2025,Email,,Call Dropped,N,Gail T.
COM000071,DC100032,2025-07-31,Letter,,Wrong Number,Y,Michelle D.
COM000072,DC100032,2024-04-21,Inbound Call,21.7,,Y,Bernard A.
COM000073,DC100033,2025-12-18,Inbound Call,12.1,Left Voicemail,Y,Daniel H.
COM000074,DC100033,30/03/2025,Call,3.7,No Answer,Y,Rita F.
COM000075,DC100033,15/02/2026,Call,10.2,Complaint Raised,Y,Heather R.
COM000076,DC100034,18/06/2026,Call,2.9,Payment Arranged,N,Terence P.
COM000077,DC100034,20-02-2026,Inbound Call,12.1,No Answer,Y,Beth L.
COM000078,DC100036,15/07/2025,Letter,,Left Voicemail,Y,Carol J.
COM000079,DC100036,15-08-2026,Outbound Call,12.5,Left Voicemail,Y,Sean T.
COM000080,DC100036,19/05/2026,Letter,,Refused to Pay,Y,Stephen O.
COM000081,DC100036,11/27/2025,SMS,,No Answer,Y,Paul P.
COM000082,DC100037,2025-08-05,outbound call,3.5,No Answer,Unknown,Katy G.
COM000083,DC100037,2025-08-02,outbound call,7.1,Disputed Debt,Y,Jeremy W.
COM000084,DC100037,2025-07-12,Call,16.6,Requested Callback,Y,Damien M.
COM000085,DC100038,11/03/2025,Email,,Refused to Pay,Y,Lisa D.
COM000086,DC100038,2025-05-07,Inbound Call,1.2,Payment Arranged,Y,Katy O.
COM000087,DC100038,2024-05-22,Inbound Call,4.1,No Answer,Y,Albert P.
COM000088,DC100038,2024-03-09,outbound call,12.3,,Y,Lucy C.
COM000089,DC100039,23-10-2025,Letter,,No Answer,Y,Carol P.
COM000090,DC100039,2026-01-01,SMS,,Refused to Pay,Unknown,Liam N.
COM000091,DC100039,2025-10-18,Inbound Call,9.4,Requested Callback,Y,Clive F.
COM000092,DC100039,2026-07-12,SMS,,Requested Callback,Y,Alexandra K.
COM000093,DC100040,10/09/2025,Call,9.8,No Answer,Y,Caroline M.
COM000094,DC100040,2026-07-18,Inbound Call,17.3,DSAR Request Logged,Unknown,Simon B.
COM000095,DC100041,2025-06-28,outbound call,1.7,Call Dropped,Y,Jill P.
COM000096,DC100041,02/10/2026,outbound call,17.1,Payment Arranged,Y,Sharon J.
COM000097,DC100041,2026-08-24,SMS,,,Y,Joanna B.
COM000098,DC100041,04/01/2026,Inbound Call,3.1,No Answer,Y,Janice T.
COM000099,DC100043,2024-09-23,Outbound Call,21.2,No Answer,Y,Ian B.
COM000100,DC100043,2024-12-15,Email,,No Answer,Y,Joshua W.
COM000101,DC100043,2024-05-22,Inbound Call,11.8,No Answer,Y,Hazel E.
COM000102,DC100043,2024-12-14,Inbound Call,19.2,Wrong Number,Y,Cheryl G.
COM000103,DC100044,29/03/2025,Call,7.3,No Answer,Y,June E.
COM000104,DC100044,2025-08-05,Outbound Call,3.0,Complaint Raised,N,Tony O.
COM000105,DC100044,14-06-2025,Email,,No Answer,Y,Iain B.
COM000106,DC100045,21-03-2025,Outbound Call,0.9,,Y,Lynda H.
COM000107,DC100045,04-02-2025,Call,5.3,Payment Arranged,Y,Kathryn L.
COM000108,DC100045,2025-02-18,Letter,,Customer Confirmed Vulnerability,Y,Harriet C.
COM000109,DC100046,2024-06-16,Outbound Call,14.5,Complaint Raised,Y,Denis P.
COM000110,DC100046,2024-11-02,Outbound Call,20.2,No Answer,Y,Janice B.
COM000111,DC100046,2024-03-12,Call,18.0,Wrong Number,Y,Alan B.
COM000112,DC100046,13/05/2024,Email,,No Answer,Y,Chloe G.
COM000113,DC100046,2024-02-06,outbound call,21.1,Wrong Number,Y,Antony S.
COM000114,DC100046,2024-07-15,outbound call,19.5,Wrong Number,Unknown,Paige A.
COM000115,DC100046,2024-12-24,Outbound Call,9.1,No Answer,Y,Janet J.
COM000116,DC100046,2024-02-26,Outbound Call,18.4,Payment Arranged,Unknown,Sheila H.
COM000117,DC100046,28/04/2025,Inbound Call,19.7,No Answer,Y,Sylvia B.
COM000118,DC100046,2024-11-29,Outbound Call,14.6,No Answer,Y,Amber P.
COM000119,DC100047,2026-06-22,Call,17.5,,Y,Martin R.
COM000120,DC100048,20/06/2024,SMS,,Left Voicemail,Y,Teresa A.
COM000121,DC100048,2024-07-28,Inbound Call,5.3,Left Voicemail,Y,Bethany H.
COM000122,DC100049,2026-04-15,Email,,Payment Arranged,Y,Jacqueline F.
COM000123,DC100049,2026-03-03,Call,15.6,Left Voicemail,Y,Sara A.
COM000124,DC100049,2025-07-23,Email,,No Answer,Y,Amanda L.
COM000125,DC100051,2025-08-16,Inbound Call,6.3,Customer Confirmed Vulnerability,Unknown,Callum N.
COM000126,DC100051,21-03-2024,Inbound Call,17.0,Refused to Pay,Y,Melissa C.
COM000127,DC100054,2025-08-27,Inbound Call,0.5,No Answer,Y,Elliott D.
COM000128,DC100055,28/09/2023,Email,,Requested Callback,Y,Carly S.
COM000129,DC100055,2025-01-31,Call,10.3,Payment Arranged,N,Kayleigh J.
COM000130,DC100055,2025-05-05,Inbound Call,19.9,Disputed Debt,Y,Laura B.
COM000131,DC100055,12-10-2023,SMS,,Disputed Debt,Y,Max Y.
COM000132,DC100055,16-02-2024,outbound call,11.6,Customer Confirmed Vulnerability,Unknown,Cheryl B.
COM000133,DC100055,05-12-2024,SMS,,Left Voicemail,N,Rebecca D.
COM000134,DC100055,04/14/2025,Call,11.2,Requested Callback,Y,Janet P.
COM000135,DC100056,2026-04-01,Call,12.4,,N,Joyce M.
COM000136,DC100056,2026-03-01,Email,,Requested Callback,Y,Ian H.
COM000137,DC100056,01/08/2026,Call,5.9,Payment Arranged,Y,Harry T.
COM000138,DC100056,06-11-2025,outbound call,20.6,Call Dropped,Y,Joanna N.
COM000139,DC100056,2025-09-15,Call,13.0,Payment Arranged,Unknown,Glenn D.
COM000140,DC100056,2025-09-02,Outbound Call,13.8,No Answer,Y,Max S.
COM000141,DC100058,2026-01-21,SMS,,No Answer,Y,Jenna N.
COM000142,DC100058,07/31/2025,Inbound Call,2.5,Disputed Debt,Y,Bradley I.
COM000143,DC100058,2026-06-15,Letter,,,Y,Molly H.
COM000144,DC100058,2026-05-01,Outbound Call,9.8,Payment Arranged,Y,Kim S.
COM000145,DC100058,2025-06-03,Email,,No Answer,Y,Aaron R.
COM000146,DC100058,2026-01-25,Outbound Call,8.3,No Answer,N,Beverley B.
COM000147,DC100058,08/06/2025,outbound call,4.5,Customer Confirmed Vulnerability,Y,Deborah B.
COM000148,DC100058,2025-05-22,Inbound Call,20.0,Left Voicemail,N,Ross T.
COM000149,DC100058,2026-03-31,SMS,,Payment Arranged,Y,Gordon K.
COM000150,DC100058,15/02/2026,Letter,,No Answer,Y,Marion M.
COM000151,DC100059,2025-01-11,Email,,No Answer,Y,Roger S.
COM000152,DC100060,02-01-2026,Outbound Call,21.1,Requested Callback,Y,Toby B.
COM000153,DC100062,2026-03-18,Call,18.6,No Answer,Y,Pamela W.
COM000154,DC100062,2026-07-22,Email,,Left Voicemail,Y,Glenn M.
COM000155,DC100062,2025-12-17,Letter,,Payment Arranged,Y,Beverley T.
COM000156,DC100062,2026-01-17,outbound call,19.5,DSAR Request Logged,Y,Joan M.
COM000157,DC100064,2026-05-07,Letter,,DSAR Request Logged,Y,Tina G.
COM000158,DC100064,2025-02-14,Letter,,Payment Arranged,Y,Lauren W.
COM000159,DC100064,2025-06-03,Inbound Call,19.0,Left Voicemail,Y,Leanne W.
COM000160,DC100064,01-10-2024,Inbound Call,20.4,No Answer,Y,Carolyn D.
COM000161,DC100064,2025-11-13,SMS,,Complaint Raised,Y,Claire P.
COM000162,DC100064,2025-01-23,Call,17.5,Complaint Raised,Y,Leah J.
COM000163,DC100064,29/03/2025,Letter,,Complaint Raised,Y,Marcus A.
COM000164,DC100065,14-07-2026,Email,,Left Voicemail,Y,Yvonne D.
COM000165,DC100065,2026-08-22,Inbound Call,11.8,Left Voicemail,Y,Kathryn P.
COM000166,DC100066,08/04/2026,Letter,,No Answer,Y,Gail H.
COM000167,DC100066,2025-06-26,outbound call,0.8,No Answer,Y,Elliot W.
COM000168,DC100066,2026-06-05,Outbound Call,21.5,Refused to Pay,N,Gordon P.
COM000169,DC100067,04/26/2026,Outbound Call,13.2,Complaint Raised,Y,Frances L.
COM000170,DC100067,2026-05-28,Inbound Call,17.7,Left Voicemail,Y,Melissa T.
COM000171,DC100068,23/06/2026,Call,14.1,Wrong Number,Y,Hayley A.
COM000172,DC100069,30/01/2025,Letter,,Call Dropped,Y,Joe B.
COM000173,DC100069,2024-09-14,outbound call,4.0,Disputed Debt,Y,Geraldine S.
COM000174,DC100070,2025-01-17,Email,,Requested Callback,N,Ian H.
COM000175,DC100070,2024-08-17,Letter,,Wrong Number,Y,Julie K.
COM000176,DC100071,2024-12-02,SMS,,No Answer,Y,Victor H.
COM000177,DC100071,15-11-2025,Email,,Left Voicemail,Y,Raymond M.
COM000178,DC100071,27/03/2026,Call,8.8,Left Voicemail,Y,Toby H.
COM000179,DC100071,28/10/2025,Outbound Call,17.9,,Y,Robin B.
COM000180,DC100072,2024-10-22,Inbound Call,4.5,Wrong Number,Y,Allan W.
COM000181,DC100072,2026-01-10,SMS,,Requested Callback,Y,Alice W.
COM000182,DC100072,11/30/2024,Outbound Call,2.1,No Answer,Y,Judith G.
COM000183,DC100074,2026-05-17,outbound call,9.9,No Answer,Y,Elliott T.
COM000184,DC100074,2025-03-16,Outbound Call,6.7,Requested Callback,N,Jasmine P.
COM000185,DC100077,28/03/2026,outbound call,3.1,Payment Arranged,Y,Raymond A.
COM000186,DC100077,2026-07-29,Call,19.2,,Unknown,Nicholas H.
COM000187,DC100077,2026-02-20,Outbound Call,17.2,Customer Confirmed Vulnerability,Y,Owen W.
COM000188,DC100078,2025-12-19,Inbound Call,16.1,Left Voicemail,N,Debra W.
COM000189,DC100079,2024-10-29,Inbound Call,1.5,Left Voicemail,Y,Marie B.
COM000190,DC100079,28-05-2025,Letter,,Requested Callback,Y,Chelsea H.
COM000191,DC100079,16-04-2025,Outbound Call,21.3,Left Voicemail,Y,Wayne R.
COM000192,DC100080,2023-12-07,Letter,,Wrong Number,Unknown,Rebecca C.
COM000193,DC100080,2024-02-07,SMS,,Payment Arranged,Y,Katherine H.
COM000194,DC100081,2026-09-11,Email,,No Answer,Y,Damien A.
COM000195,DC100081,24/04/2026,Call,5.2,Left Voicemail,Y,Ashley H.
COM000196,DC100081,09/06/2026,SMS,,Left Voicemail,Y,Nicole L.
COM000197,DC100082,2026-06-15,Call,16.4,No Answer,Unknown,Anne S.
COM000198,DC100083,11/07/2026,outbound call,17.2,Payment Arranged,Y,Carole L.
COM000199,DC100084,2026-05-06,outbound call,6.7,No Answer,Y,Barbara P.
COM000200,DC100085,2025-09-03,Letter,,Requested Callback,Y,Mohammed K.
COM000201,DC100086,23/02/2026,outbound call,11.0,No Answer,Y,Denise H.
COM000202,DC100086,2025-12-27,SMS,,Payment Arranged,Y,Aimee W.
COM000203,DC100087,2026-04-06,Outbound Call,2.4,,Y,Joan O.
COM000204,DC100087,2025-09-15,outbound call,11.3,Payment Arranged,Y,Julie R.
COM000205,DC100088,09/06/2024,Inbound Call,7.2,Left Voicemail,Y,Jayne B.
COM000206,DC100088,2025-10-21,outbound call,11.9,Wrong Number,Y,Stephanie C.
COM000207,DC100088,2024-09-24,Inbound Call,9.5,Refused to Pay,Y,Jayne W.
COM000208,DC100091,02/17/2025,Call,3.8,Left Voicemail,Y,Brett P.
COM000209,DC100092,2026-09-17,SMS,,Left Voicemail,Y,Thomas Y.
COM000210,DC100093,2025-01-09,Letter,,Left Voicemail,Unknown,Mohammad P.
COM000211,DC100094,2024-07-04,Email,,No Answer,Y,Eileen S.
COM000212,DC100094,31/08/2024,Call,7.8,Wrong Number,Y,Liam H.
COM000213,DC100094,2024-11-01,Inbound Call,18.1,,Y,Wayne G.
COM000214,DC100094,2024-07-27,outbound call,8.8,Refused to Pay,Y,Connor R.
COM000215,DC100095,2026-06-21,Call,19.6,No Answer,Y,Brian M.
COM000216,DC100095,2026-07-19,Call,21.7,No Answer,Y,Brandon C.
COM000217,DC100096,2025-03-25,SMS,,Disputed Debt,Y,Dennis P.
COM000218,DC100096,2025-05-18,Email,,Wrong Number,Y,Diane D.
COM000219,DC100097,2025-07-08,Email,,,Y,Oliver A.
COM000220,DC100097,11/10/2024,Letter,,DSAR Request Logged,Y,Glen B.
COM000221,DC100097,03-12-2024,Email,,Left Voicemail,Y,Judith R.
COM000222,DC100097,2025-04-05,Call,2.1,Left Voicemail,Y,Emma G.
COM000223,DC100097,12/11/2024,Email,,Disputed Debt,Y,Abigail C.
COM000224,DC100099,2026-06-30,SMS,,Payment Arranged,Y,Ross D.
COM000225,DC100099,2026-02-13,outbound call,21.2,Refused to Pay,Y,Kim P.
COM000226,DC100100,2026-05-10,Email,,Payment Arranged,Y,Iain G.
COM000227,DC100100,2026-04-14,Inbound Call,19.6,Requested Callback,Y,Kieran M.
COM000228,DC100101,2025-01-03,Outbound Call,18.4,No Answer,Y,Katherine R.
COM000229,DC100101,2024-07-14,Outbound Call,18.0,,Y,Geraldine T.
COM000230,DC100102,09-05-2026,Letter,,Call Dropped,Y,Rhys G.
COM000231,DC100102,21/10/2024,Inbound Call,9.3,Left Voicemail,Y,Brian C.
COM000232,DC100102,20/10/2024,Inbound Call,11.4,Complaint Raised,Unknown,Kyle G.
COM000233,DC100102,2025-08-25,Inbound Call,2.4,Left Voicemail,Y,Kenneth P.
COM000234,DC100102,2026-05-03,Outbound Call,8.6,Left Voicemail,Y,Karl L.
COM000235,DC100102,2026-04-07,Email,,Requested Callback,Y,Malcolm T.
COM000236,DC100102,03/02/2026,Outbound Call,18.7,DSAR Request Logged,Y,Gareth S.
COM000237,DC100102,2025-05-17,outbound call,3.2,No Answer,Y,Leah B.
COM000238,DC100102,2026-02-12,Call,6.8,Disputed Debt,Y,Stewart J.
COM000239,DC100102,2025-12-05,SMS,,Left Voicemail,Y,Darren P.
COM000240,DC100103,2024-05-03,outbound call,2.0,No Answer,N,George R.
COM000241,DC100103,2025-02-17,outbound call,0.6,Requested Callback,Y,Elizabeth S.
COM000242,DC100103,2024-09-08,SMS,,Left Voicemail,Y,Sam M.
COM000243,DC100104,16/02/2026,Outbound Call,9.2,No Answer,Y,Leigh J.
COM000244,DC100104,25/05/2026,Call,19.4,No Answer,N,Roger P.
COM000245,DC100104,2026-04-18,Inbound Call,10.0,,Y,Sophie J.
COM000246,DC100104,2025-10-17,SMS,,Payment Arranged,Y,Nicholas K.
COM000247,DC100104,2025-08-03,Letter,,No Answer,Y,Edward G.
COM000248,DC100104,2026-06-02,Call,10.2,Refused to Pay,Y,Bruce J.
COM000249,DC100104,2026-05-07,SMS,,Disputed Debt,Y,Danny S.
COM000250,DC100104,2026-01-31,Call,9.5,,Y,Linda M.
COM000251,DC100105,05/13/2025,Letter,,Wrong Number,Y,Barry L.
COM000252,DC100106,18-05-2026,Letter,,Wrong Number,Y,Ryan R.
COM000253,DC100106,2026-07-24,Letter,,Left Voicemail,Y,Marian G.
COM000254,DC100107,2026-02-27,Inbound Call,5.3,Disputed Debt,Y,Aimee C.
COM000255,DC100108,2025-03-22,Call,3.1,Requested Callback,Y,Sylvia N.
COM000256,DC100108,2026-02-04,Letter,,No Answer,Y,Timothy G.
COM000257,DC100109,2025-11-27,Outbound Call,15.3,Refused to Pay,Unknown,Justin E.
COM000258,DC100109,2025-07-08,outbound call,17.5,No Answer,Y,Trevor B.
COM000259,DC100109,25/03/2026,SMS,,Complaint Raised,Y,Clive C.
COM000260,DC100109,2025-06-08,Email,,No Answer,Y,Joyce S.
COM000261,DC100109,06/09/2026,Inbound Call,1.7,,Unknown,Angela G.
COM000262,DC100109,04/19/2026,Email,,DSAR Request Logged,Y,Charlie B.
COM000263,DC100111,2026-09-08,SMS,,No Answer,Y,Matthew R.
COM000264,DC100112,2025-11-05,outbound call,4.8,Wrong Number,Unknown,Melissa N.
COM000265,DC100112,2024-12-24,Call,10.8,Refused to Pay,Y,Jayne S.
COM000266,DC100112,2025-07-17,SMS,,Payment Arranged,Unknown,Victoria W.
COM000267,DC100113,04/08/2026,Call,7.7,Refused to Pay,N,Rachel R.
COM000268,DC100114,2026-01-09,Email,,Complaint Raised,Y,Fiona T.
COM000269,DC100114,2025-12-22,Inbound Call,8.8,Wrong Number,Y,Leon S.
COM000270,DC100116,2024-06-07,Letter,,Requested Callback,Y,Mohammed R.
COM000271,DC100116,18/08/2024,SMS,,No Answer,Y,Julie C.
COM000272,DC100118,2026-03-16,Letter,,No Answer,Y,Sheila M.
COM000273,DC100118,2026-09-17,SMS,,No Answer,Y,Suzanne S.
COM000274,DC100118,2026-03-31,SMS,,Payment Arranged,Y,Vincent F.
COM000275,DC100118,01/08/2025,Outbound Call,5.9,Refused to Pay,Y,Wendy W.
COM000276,DC100119,2025-03-23,Email,,Payment Arranged,Y,Valerie L.
COM000277,DC100119,2025-06-01,SMS,,Disputed Debt,Y,Lisa H.
COM000278,DC100119,2025-07-17,Letter,,,Y,Michael B.
COM000279,DC100120,20/10/2024,outbound call,12.5,Call Dropped,Y,Howard W.
COM000280,DC100120,29/10/2025,Email,,No Answer,Y,Dawn T.
COM000281,DC100120,2024-10-11,Inbound Call,15.0,Refused to Pay,Y,Connor G.
COM000282,DC100121,2025-12-05,Email,,,Y,Carole W.
COM000283,DC100121,13/05/2026,outbound call,17.1,Requested Callback,Y,Christian B.
COM000284,DC100121,2025-04-13,Call,17.2,,Y,Chloe R.
COM000285,DC100122,2025-02-11,outbound call,11.8,Requested Callback,N,Louis K.
COM000286,DC100122,2024-07-07,Call,5.0,Left Voicemail,Y,Jodie J.
COM000287,DC100123,27/08/2025,outbound call,3.3,Requested Callback,Y,Jean E.
COM000288,DC100123,2026-06-09,SMS,,No Answer,Y,Allan J.
COM000289,DC100123,2026-01-12,Letter,,Left Voicemail,Y,Toby K.
COM000290,DC100123,05/12/2026,SMS,,Payment Arranged,Y,Nicole H.
COM000291,DC100123,2025-12-22,Letter,,Customer Confirmed Vulnerability,Y,Maureen S.
COM000292,DC100123,24-07-2026,Email,,No Answer,Y,Kieran D.
COM000293,DC100123,2025-06-21,outbound call,11.9,No Answer,Y,Frances M.
COM000294,DC100124,2025-07-02,Outbound Call,17.5,Call Dropped,Y,Julie S.
COM000295,DC100124,2025-01-01,Inbound Call,7.4,Complaint Raised,Y,Alexander F.
COM000296,DC100124,2025-06-24,Email,,Refused to Pay,Y,Kyle T.
COM000297,DC100126,2026-07-21,Inbound Call,20.0,No Answer,Y,Wendy J.
COM000298,DC100128,25/07/2026,outbound call,10.8,Requested Callback,Y,Maureen H.
COM000299,DC100130,2025-11-14,Inbound Call,12.4,No Answer,Y,Lydia K.
COM000300,DC100130,07-02-2026,Email,,No Answer,Y,Geraldine S.
COM000301,DC100131,2026-09-08,Outbound Call,6.5,Requested Callback,Y,Susan G.
COM000302,DC100131,07/12/2026,Outbound Call,20.7,Customer Confirmed Vulnerability,N,Kim W.
COM000303,DC100131,2026-03-04,outbound call,18.3,Disputed Debt,Y,Benjamin R.
COM000304,DC100131,2026-09-14,outbound call,8.3,Call Dropped,Y,Simon H.
COM000305,DC100131,03/11/2025,Inbound Call,12.1,Requested Callback,Y,Ricky S.
COM000306,DC100132,2025-08-18,SMS,,Payment Arranged,N,Charlotte B.
COM000307,DC100132,11/05/2025,Letter,,No Answer,N,Marion D.
COM000308,DC100132,23/09/2024,SMS,,Wrong Number,Unknown,Marion P.
COM000309,DC100132,2025-05-11,Call,18.2,Customer Confirmed Vulnerability,Y,Kelly C.
COM000310,DC100133,2026-07-05,Call,14.9,,Y,Ben W.
COM000311,DC100133,2026-03-01,Email,,Wrong Number,Y,Alexandra S.
COM000312,DC100134,2026-06-15,Inbound Call,6.0,Requested Callback,Y,Daniel M.
COM000313,DC100134,2026-07-01,Letter,,DSAR Request Logged,Y,Carly M.
COM000314,DC100134,21/08/2026,outbound call,16.8,Payment Arranged,Y,Kate M.
COM000315,DC100134,20/06/2026,Inbound Call,13.8,No Answer,Y,Cheryl J.
COM000316,DC100135,2025-07-31,Call,5.2,Refused to Pay,Y,Lesley W.
COM000317,DC100136,2026-08-02,SMS,,Left Voicemail,Y,Denise O.
COM000318,DC100136,2026-08-11,Letter,,No Answer,Y,Molly W.
COM000319,DC100138,2025-12-28,Outbound Call,20.6,Refused to Pay,Y,Pauline B.
COM000320,DC100138,2026-01-30,Outbound Call,7.9,DSAR Request Logged,Y,Joyce W.
COM000321,DC100138,04/07/2025,Inbound Call,14.1,Requested Callback,Y,Colin J.
COM000322,DC100138,2025-12-03,outbound call,19.4,Customer Confirmed Vulnerability,N,Geoffrey D.
COM000323,DC100138,04-06-2026,Call,15.7,Wrong Number,Y,Anthony P.
COM000324,DC100138,22/06/2026,Call,11.4,No Answer,Y,Derek C.
COM000325,DC100138,2026-05-15,outbound call,12.2,Call Dropped,Unknown,Charles H.
COM000326,DC100138,2026-01-16,Letter,,Payment Arranged,Y,Joyce B.
COM000327,DC100138,08/08/2025,Outbound Call,8.0,Refused to Pay,Y,Kelly C.
COM000328,DC100140,2024-08-25,Call,20.7,DSAR Request Logged,Y,Geoffrey B.
COM000329,DC100140,29-01-2025,Email,,No Answer,Y,Ellie A.
COM000330,DC100141,2025-07-02,Inbound Call,18.9,No Answer,Y,Sophie W.
COM000331,DC100141,23/01/2025,outbound call,18.9,Customer Confirmed Vulnerability,Y,Jeremy T.
COM000332,DC100141,06-02-2024,Call,6.8,Left Voicemail,Y,Marian A.
COM000333,DC100142,29-01-2026,outbound call,19.8,Left Voicemail,Y,Glenn A.
COM000334,DC100142,2026-07-09,Call,10.1,Customer Confirmed Vulnerability,Y,Debra C.
COM000335,DC100144,21-05-2024,outbound call,10.9,No Answer,Y,Brenda M.
COM000336,DC100144,2024-08-26,Outbound Call,17.6,Payment Arranged,Y,Allan S.
COM000337,DC100144,2025-08-05,SMS,,No Answer,Y,Alexandra L.
COM000338,DC100145,2026-04-28,SMS,,Left Voicemail,Y,Gavin W.
COM000339,DC100145,11/12/2024,Inbound Call,17.6,Payment Arranged,Y,Irene C.
COM000340,DC100147,11-12-2025,Letter,,Left Voicemail,Y,Josh O.
COM000341,DC100147,2025-08-30,Outbound Call,1.7,No Answer,Y,Stuart B.
COM000342,DC100147,02/03/2026,Letter,,Wrong Number,Y,Lawrence N.
COM000343,DC100148,09/09/2024,Inbound Call,2.3,Call Dropped,Unknown,Daniel P.
COM000344,DC100148,02/23/2025,outbound call,10.9,Left Voicemail,Y,Jill B.
COM000345,DC100148,2025-08-03,Inbound Call,10.0,Payment Arranged,Y,Judith D.
COM000346,DC100149,10/09/2024,Letter,,Payment Arranged,N,John A.
COM000347,DC100149,2025-03-30,Outbound Call,2.1,Customer Confirmed Vulnerability,Y,Toby R.
COM000348,DC100149,03/05/2026,Inbound Call,7.6,No Answer,Unknown,Kieran A.
COM000349,DC100149,13/11/2024,Call,6.8,,Y,Nicola C.
COM000350,DC100151,03-07-2026,Outbound Call,3.7,Requested Callback,Y,Beth B.
COM000351,DC100151,2026-07-24,Email,,No Answer,Unknown,Bruce A.
COM000352,DC100151,2026-07-08,Call,21.7,Requested Callback,Y,Gary B.
COM000353,DC100151,07/31/2025,Call,9.7,Disputed Debt,Y,Abbie W.
COM000354,DC100151,19/09/2026,Letter,,Left Voicemail,Y,Allan E.
COM000355,DC100151,2025-10-15,Letter,,No Answer,Y,Shirley A.
COM000356,DC100152,03-07-2025,outbound call,13.8,Payment Arranged,Y,Annette J.
COM000357,DC100152,2024-03-22,outbound call,2.5,No Answer,Y,Andrew R.
COM000358,DC100152,10-03-2025,SMS,,Left Voicemail,Y,Bernard M.
COM000359,DC100153,2025-02-07,Email,,Requested Callback,Y,Martyn B.
COM000360,DC100153,2024-09-11,Call,9.1,Requested Callback,Y,Sarah P.
COM000361,DC100154,2026-01-29,Call,13.5,Left Voicemail,Unknown,Charlotte P.
COM000362,DC100154,2025-11-26,outbound call,10.9,Complaint Raised,Y,Callum K.
COM000363,DC100155,2024-04-02,Inbound Call,12.1,Requested Callback,Y,Keith G.
COM000364,DC100155,2024-05-04,SMS,,DSAR Request Logged,Y,Dean P.
COM000365,DC100156,2026-09-06,Call,1.2,Left Voicemail,Y,Alexander O.
COM000366,DC100157,10/01/2026,SMS,,No Answer,Y,Shaun J.
COM000367,DC100157,2025-08-03,Call,20.9,Wrong Number,Y,Nicole H.
COM000368,DC100159,2025-11-11,Call,4.8,,Y,Benjamin W.
COM000369,DC100159,12/04/2025,Outbound Call,21.1,Left Voicemail,Unknown,Graham W.
COM000370,DC100160,2026-04-25,Letter,,Requested Callback,Unknown,Daniel A.
COM000371,DC100160,2026-04-09,Letter,,DSAR Request Logged,Y,Callum C.
COM000372,DC100161,2024-11-02,Inbound Call,11.3,Requested Callback,Y,Francesca H.
COM000373,DC100161,10/03/2025,Outbound Call,7.3,Disputed Debt,Y,Kenneth W.
COM000374,DC100161,2025-11-23,Inbound Call,3.4,No Answer,Y,Elliot W.
COM000375,DC100161,11/01/2024,Outbound Call,19.8,Left Voicemail,N,Sam M.
COM000376,DC100162,2026-05-15,SMS,,No Answer,Unknown,Jemma B.
COM000377,DC100162,2026-04-13,Call,3.0,Customer Confirmed Vulnerability,Y,Rita E.
COM000378,DC100163,2026-01-18,Email,,Left Voicemail,Y,Frederick H.
COM000379,DC100163,2025-05-31,Outbound Call,19.6,Payment Arranged,Y,Andrew R.
COM000380,DC100163,2025-06-04,Email,,Left Voicemail,Y,Carol A.
COM000381,DC100163,2025-05-15,Inbound Call,7.3,Payment Arranged,Y,Lynne A.
COM000382,DC100163,09/03/2026,Call,15.4,Left Voicemail,Y,Ruth P.
COM000383,DC100163,2025-03-04,outbound call,8.5,Complaint Raised,N,Mary L.
COM000384,DC100163,24/08/2024,Inbound Call,21.4,Requested Callback,Y,Mohammad J.
COM000385,DC100164,19-11-2024,Outbound Call,16.1,Payment Arranged,Y,Marie D.
COM000386,DC100164,2024-12-22,outbound call,14.4,Left Voicemail,Y,Damien P.
COM000387,DC100164,2025-01-27,Letter,,Refused to Pay,Y,Diane W.
COM000388,DC100164,2025-06-04,Inbound Call,14.5,Payment Arranged,Y,Louis S.
COM000389,DC100165,22/05/2026,outbound call,14.2,No Answer,Unknown,Ashley S.
COM000390,DC100166,2025-02-04,Inbound Call,11.4,Requested Callback,Y,Tracy H.
COM000391,DC100166,2026-01-28,outbound call,19.9,,Y,Samuel D.
COM000392,DC100167,17/03/2026,SMS,,Wrong Number,Y,Katherine B.
COM000393,DC100167,2026-07-03,Outbound Call,12.9,,Unknown,Gavin P.
COM000394,DC100169,2026-08-09,Email,,Payment Arranged,Y,Andrea W.
COM000395,DC100170,29/06/2026,Email,,Left Voicemail,Y,Martyn M.
COM000396,DC100170,2025-09-22,SMS,,Left Voicemail,Y,George J.
COM000397,DC100170,2025-04-17,outbound call,8.8,Left Voicemail,Y,Mary L.
COM000398,DC100170,2025-11-04,Inbound Call,9.3,No Answer,Y,Paige B.
COM000399,DC100170,2025-08-04,Inbound Call,5.6,Disputed Debt,Y,Lewis C.
COM000400,DC100170,2025-07-06,Letter,,Complaint Raised,Y,Vanessa O.
COM000401,DC100170,2026-08-07,outbound call,12.5,Refused to Pay,Y,Kenneth K.
COM000402,DC100170,2025-06-18,Email,,No Answer,Y,Robert T.
COM000403,DC100170,2025-04-25,Call,7.8,Call Dropped,Y,Raymond S.
COM000404,DC100170,2026-08-07,Email,,Disputed Debt,Y,Geraldine L.
COM000405,DC100171,04-04-2024,Letter,,Left Voicemail,Y,Natasha T.
COM000406,DC100171,2025-04-11,Email,,Payment Arranged,Y,Alison W.
COM000407,DC100172,31-12-2024,Letter,,Requested Callback,Y,Bernard R.
COM000408,DC100172,2024-05-17,Outbound Call,2.1,Left Voicemail,Y,Anthony B.
COM000409,DC100173,09/02/2026,SMS,,Payment Arranged,Y,Melanie W.
COM000410,DC100173,22-06-2025,Outbound Call,8.1,Customer Confirmed Vulnerability,Y,Abigail H.
COM000411,DC100173,2025-06-28,outbound call,1.4,Left Voicemail,Y,Joanne J.
COM000412,DC100173,2025-11-05,Letter,,Payment Arranged,Y,Geraldine C.
COM000413,DC100174,2025-01-18,Email,,No Answer,Y,Tracy C.
COM000414,DC100175,27-01-2026,Letter,,No Answer,Y,Debra D.
COM000415,DC100175,27/12/2025,SMS,,No Answer,Y,Katie P.
COM000416,DC100176,21/04/2025,Email,,DSAR Request Logged,N,Howard H.
COM000417,DC100176,2025-09-01,SMS,,No Answer,Y,Dennis O.
COM000418,DC100176,2025-11-04,Email,,No Answer,Y,Christopher S.
COM000419,DC100178,08/09/2026,Letter,,Customer Confirmed Vulnerability,Y,Marc J.
COM000420,DC100178,2026-07-16,Call,18.1,Refused to Pay,Y,Charles W.
COM000421,DC100179,2026-06-05,outbound call,10.4,No Answer,N,Chloe W.
COM000422,DC100180,2026-06-17,SMS,,Disputed Debt,Y,Lisa W.
COM000423,DC100180,2026-03-06,Call,15.1,Refused to Pay,Y,Kieran F.
COM000424,DC100180,2026-03-16,Letter,,No Answer,Y,Fiona C.
COM000425,DC100180,2026-08-12,Inbound Call,1.5,Left Voicemail,Y,Cameron H.
COM000426,DC100182,2025-10-16,Email,,Left Voicemail,Y,Ryan T.
COM000427,DC100182,2025-12-31,Letter,,Left Voicemail,Y,Vincent A.
COM000428,DC100182,2025-07-30,Inbound Call,8.8,Left Voicemail,Unknown,Diane S.
COM000429,DC100182,2025-03-24,Outbound Call,8.3,Left Voicemail,Y,Mohamed J.
COM000430,DC100183,07/04/2025,Call,0.8,Left Voicemail,Y,Joseph J.
COM000431,DC100184,2024-05-30,Email,,Left Voicemail,Y,Joan J.
COM000432,DC100184,02/05/2025,outbound call,3.9,Left Voicemail,Y,Jade H.
COM000433,DC100185,27-12-2024,Outbound Call,1.8,Left Voicemail,Y,Michael M.
COM000434,DC100186,01-02-2026,outbound call,4.1,No Answer,Y,Damian D.
COM000435,DC100186,2025-07-19,outbound call,2.9,Disputed Debt,Y,Lynn T.
COM000436,DC100186,2024-09-04,Letter,,,Y,Lynne R.
COM000437,DC100186,03/11/2024,Email,,Requested Callback,Y,Lindsey Y.
COM000438,DC100187,2025-05-15,Call,3.8,Complaint Raised,Y,Paul S.
COM000439,DC100187,2026-01-05,Call,7.1,Complaint Raised,N,Dorothy T.
COM000440,DC100187,25-01-2025,Letter,,Refused to Pay,Y,Gary S.
COM000441,DC100187,2025-11-15,outbound call,13.7,Customer Confirmed Vulnerability,Y,Kyle T.
COM000442,DC100187,2024-11-25,Call,5.4,Requested Callback,Y,Kathryn J.
COM000443,DC100188,2024-10-21,Email,,Complaint Raised,Y,Joan J.
COM000444,DC100188,2024-06-13,SMS,,Disputed Debt,Y,June F.
COM000445,DC100188,2024-02-07,Email,,No Answer,Y,Hannah G.
COM000446,DC100189,19/08/2026,SMS,,No Answer,Y,Valerie D.
COM000447,DC100189,31/05/2026,Outbound Call,13.1,Payment Arranged,Y,Eileen C.
COM000448,DC100189,05/02/2026,Outbound Call,12.7,Left Voicemail,Y,Gillian W.
COM000449,DC100189,2025-05-20,Inbound Call,17.3,Left Voicemail,Y,Lydia O.
COM000450,DC100189,2025-07-14,SMS,,Payment Arranged,Y,Elizabeth P.
COM000451,DC100189,06/18/2025,Letter,,,Y,Suzanne B.
COM000452,DC100189,19/09/2025,Letter,,Payment Arranged,Y,Timothy A.
COM000453,DC100189,2026-08-15,SMS,,Refused to Pay,Y,Margaret N.
COM000454,DC100189,02-10-2025,Email,,No Answer,Y,Kieran S.
COM000455,DC100190,26/01/2026,Call,19.5,No Answer,Unknown,Adam J.
COM000456,DC100190,2024-09-17,Letter,,Customer Confirmed Vulnerability,Y,Alexandra P.
COM000457,DC100192,08/15/2025,SMS,,DSAR Request Logged,Y,Brandon W.
COM000458,DC100192,2025-02-16,Email,,Payment Arranged,N,Rhys P.
COM000459,DC100192,02/08/2024,SMS,,Payment Arranged,Y,Katherine D.
COM000460,DC100193,21/08/2026,Letter,,No Answer,Y,Carole P.
COM000461,DC100193,2025-06-29,Outbound Call,15.4,No Answer,Y,Geoffrey T.
COM000462,DC100194,2025-06-13,SMS,,Wrong Number,Y,Stephen R.
COM000463,DC100195,2026-03-23,Outbound Call,20.1,No Answer,Y,Arthur O.
COM000464,DC100196,03/11/2025,outbound call,9.6,Payment Arranged,Y,Irene D.
COM000465,DC100196,2026-04-21,outbound call,3.9,Left Voicemail,Y,Allan J.
COM000466,DC100196,10/14/2025,Email,,Disputed Debt,Unknown,Katherine H.
COM000467,DC100196,2026-06-20,Inbound Call,3.3,Payment Arranged,Y,Sheila W.
COM000468,DC100196,29/03/2025,Call,1.7,Requested Callback,Y,Kenneth A.
COM000469,DC100196,2025-09-04,SMS,,Customer Confirmed Vulnerability,Y,William G.
COM000470,DC100196,2025-03-15,Letter,,No Answer,Y,Irene K.
COM000471,DC100198,2026-08-11,Outbound Call,19.2,Payment Arranged,Y,Teresa S.
COM000472,DC100201,2026-06-21,Letter,,Payment Arranged,Y,Jake S.
COM000473,DC100201,2025-05-19,outbound call,16.9,,Unknown,Lydia H.
COM000474,DC100202,2025-12-25,outbound call,19.3,Disputed Debt,Y,Sally W.
COM000475,DC100202,2025-08-22,Outbound Call,7.9,No Answer,Y,Fiona P.
COM000476,DC100202,20/06/2026,Call,6.6,Payment Arranged,Y,Sean B.
COM000477,DC100203,2025-05-22,SMS,,Payment Arranged,Y,Louise H.
COM000478,DC100203,01/11/2024,SMS,,No Answer,Y,Shannon H.
COM000479,DC100203,06/07/2024,Email,,No Answer,Y,Kate A.
COM000480,DC100204,2026-08-12,Letter,,No Answer,Y,Natasha H.
COM000481,DC100206,2024-09-16,Inbound Call,11.8,No Answer,Y,Janice M.
COM000482,DC100206,08/05/2024,SMS,,No Answer,Y,Elliot R.
COM000483,DC100207,02-06-2025,outbound call,11.7,No Answer,Y,Trevor P.
COM000484,DC100207,2025-03-07,Email,,Wrong Number,Unknown,Susan B.
COM000485,DC100207,2024-08-31,Email,,No Answer,Y,Donald B.
COM000486,DC100207,2024-02-17,Call,7.6,Refused to Pay,Y,Chloe P.
COM000487,DC100207,2024-11-05,Inbound Call,12.8,Wrong Number,Y,Karen W.
COM000488,DC100207,12/09/2024,outbound call,10.8,Payment Arranged,Y,Mark P.
COM000489,DC100207,2025-10-03,Inbound Call,9.5,Wrong Number,Y,Benjamin B.
COM000490,DC100207,2025-08-07,outbound call,10.4,Left Voicemail,Y,Garry P.
COM000491,DC100207,2025-08-04,outbound call,6.8,No Answer,Y,Samantha J.
COM000492,DC100207,2025-01-05,Inbound Call,20.0,Requested Callback,Y,Elaine K.
COM000493,DC100209,2025-02-21,Inbound Call,3.4,Wrong Number,Y,Roy P.
COM000494,DC100209,13-08-2025,SMS,,No Answer,Unknown,Graham B.
COM000495,DC100209,25/09/2025,Call,20.4,Call Dropped,Y,Sophie G.
COM000496,DC100209,2025-06-25,Email,,Refused to Pay,N,Eileen K.
COM000497,DC100209,2024-07-04,outbound call,11.6,No Answer,Y,Charles L.
COM000498,DC100210,2025-10-06,Outbound Call,15.4,Requested Callback,Y,Marie D.
COM000499,DC100211,2024-09-06,outbound call,16.5,Payment Arranged,Y,Vanessa D.
COM000500,DC100211,2024-09-07,Inbound Call,8.5,No Answer,Unknown,Leanne H.
COM000501,DC100213,04/06/2026,Outbound Call,17.0,Call Dropped,Y,Vanessa B.
COM000502,DC100213,2026-03-02,SMS,,Requested Callback,N,Lesley K.
COM000503,DC100214,2024-03-20,Letter,,Complaint Raised,Y,Samuel F.
COM000504,DC100214,08/01/2024,Inbound Call,10.5,No Answer,Unknown,Bernard E.
COM000505,DC100215,06/09/2024,Outbound Call,0.6,,Y,Craig P.
COM000506,DC100216,2025-10-14,SMS,,No Answer,Y,Owen P.
COM000507,DC100217,2026-03-19,Inbound Call,8.4,Payment Arranged,Y,Lynn G.
COM000508,DC100218,2025-10-08,outbound call,1.3,,Y,Glen D.
COM000509,DC100218,30/03/2025,outbound call,2.4,Requested Callback,Unknown,Hollie F.
COM000510,DC100218,2024-11-15,SMS,,Complaint Raised,Y,Francis R.
COM000511,DC100218,2024-10-15,outbound call,11.4,Disputed Debt,Y,Gemma N.
COM000512,DC100219,20-06-2026,Email,,No Answer,Y,Kelly J.
COM000513,DC100219,2026-09-06,SMS,,Payment Arranged,N,Katy D.
COM000514,DC100220,11-10-2025,outbound call,17.8,,Y,Iain H.
COM000515,DC100220,07/01/2026,Outbound Call,21.9,,Y,Rachael B.
COM000516,DC100221,23/02/2026,Email,,Disputed Debt,Y,Lawrence L.
COM000517,DC100223,13-05-2026,Email,,Left Voicemail,Unknown,Arthur H.
COM000518,DC100223,2025-12-11,Inbound Call,20.9,Payment Arranged,Y,Anne P.
COM000519,DC100225,11/03/2026,SMS,,DSAR Request Logged,Y,Gary W.
COM000520,DC100225,2025-06-19,Letter,,Requested Callback,Y,Carl M.
COM000521,DC100225,2025-08-07,outbound call,15.8,Payment Arranged,N,Timothy C.
COM000522,DC100225,14/03/2025,Letter,,No Answer,Y,Sam R.
COM000523,DC100226,2025-11-05,Outbound Call,6.7,Refused to Pay,Y,Norman M.
COM000524,DC100227,2024-12-23,Outbound Call,7.3,Left Voicemail,Y,Joanna K.
COM000525,DC100227,2026-01-02,SMS,,Requested Callback,Y,David K.
COM000526,DC100227,2025-01-05,outbound call,12.0,Disputed Debt,Y,Marion H.
COM000527,DC100227,2025-04-12,Inbound Call,6.7,No Answer,Y,Ross P.
COM000528,DC100227,2025-01-28,Email,,Payment Arranged,Y,Tracey K.
COM000529,DC100227,04/01/2025,Call,12.6,Left Voicemail,Y,Donna W.
COM000530,DC100227,2025-08-06,Email,,Requested Callback,Y,Luke S.
COM000531,DC100228,17/05/2024,Call,16.0,Payment Arranged,Unknown,Garry B.
COM000532,DC100228,2024-07-20,Letter,,Disputed Debt,Y,Derek S.
COM000533,DC100228,24-07-2024,Letter,,Disputed Debt,Unknown,Kerry W.
COM000534,DC100228,16/06/2024,SMS,,No Answer,Y,Beverley T.
COM000535,DC100229,2024-08-14,Inbound Call,16.4,No Answer,Y,Philip A.
COM000536,DC100229,05/11/2023,Inbound Call,3.3,Payment Arranged,Y,Liam S.
COM000537,DC100229,20/01/2024,Inbound Call,11.8,No Answer,Y,Nathan G.
COM000538,DC100229,2024-03-26,SMS,,Wrong Number,Y,Frederick E.
COM000539,DC100229,25-02-2025,Letter,,No Answer,Y,Grace H.
COM000540,DC100229,2024-03-27,Letter,,Payment Arranged,Y,Ben W.
COM000541,DC100229,2025-02-21,Email,,No Answer,Y,Dennis E.
COM000542,DC100230,2025-03-06,outbound call,8.6,Left Voicemail,Y,Allan J.
COM000543,DC100230,2025-04-23,Email,,Refused to Pay,Y,Jane L.
COM000544,DC100230,2024-10-21,Outbound Call,0.5,Left Voicemail,Y,Maurice B.
COM000545,DC100231,2025-02-10,Email,,No Answer,Y,Conor P.
COM000546,DC100231,14/10/2024,outbound call,9.6,,Y,Denise G.
COM000547,DC100233,2026-09-11,Email,,No Answer,Y,Daniel W.
COM000548,DC100234,17/01/2026,Inbound Call,16.4,Left Voicemail,Y,Ricky B.
COM000549,DC100234,2026-03-07,Inbound Call,9.8,No Answer,Y,Olivia D.
COM000550,DC100234,2025-03-22,Letter,,Complaint Raised,Y,Harry R.
COM000551,DC100234,2025-01-01,Inbound Call,20.4,Left Voicemail,Y,Anne S.
COM000552,DC100235,21/11/2023,Email,,No Answer,Y,Alex H.
COM000553,DC100235,17/08/2024,Call,19.4,Complaint Raised,Unknown,Henry D.
COM000554,DC100236,2025-11-08,SMS,,Payment Arranged,Y,Joanne B.
COM000555,DC100236,2025-10-22,SMS,,Requested Callback,Y,Pauline D.
COM000556,DC100237,21-09-2026,Inbound Call,5.4,Refused to Pay,Y,Gary C.
COM000557,DC100237,2025-03-25,SMS,,Disputed Debt,Unknown,Malcolm H.
COM000558,DC100237,2025-08-30,Inbound Call,10.4,Customer Confirmed Vulnerability,N,Marilyn P.
COM000559,DC100238,28/07/2026,Inbound Call,10.1,Wrong Number,Y,Harriet T.
COM000560,DC100238,2026-02-20,outbound call,20.4,Call Dropped,Y,Joanna A.
COM000561,DC100238,2026-01-03,Letter,,Customer Confirmed Vulnerability,Y,Paul T.
COM000562,DC100239,2025-03-26,Letter,,Wrong Number,Y,Lynn L.
COM000563,DC100239,28/05/2026,Inbound Call,16.4,Payment Arranged,Y,Abdul H.
COM000564,DC100239,2026-06-02,Outbound Call,19.3,Left Voicemail,Y,Mathew A.
COM000565,DC100241,2025-01-02,Inbound Call,2.6,Requested Callback,Y,Eric B.
COM000566,DC100241,02/02/2025,Call,12.5,Disputed Debt,Y,Brenda G.
COM000567,DC100241,31-05-2024,Email,,Complaint Raised,Y,Lisa J.
COM000568,DC100243,07-08-2025,Call,14.9,No Answer,N,Amber A.
COM000569,DC100243,04/22/2026,outbound call,14.5,Disputed Debt,Y,Marian N.
COM000570,DC100243,15/06/2026,Email,,Left Voicemail,Y,Frederick H.
COM000571,DC100243,2026-01-20,Outbound Call,12.7,Requested Callback,Y,Kimberley B.
COM000572,DC100243,2025-11-15,Email,,Complaint Raised,Y,Marian P.
COM000573,DC100243,2026-03-22,Call,15.9,No Answer,Y,Graeme B.
COM000574,DC100244,2025-06-18,Inbound Call,14.1,,Y,Graeme H.
COM000575,DC100244,30/12/2024,outbound call,19.7,Wrong Number,Y,George M.
COM000576,DC100244,04/03/2026,Outbound Call,19.6,Payment Arranged,Y,Joan S.
COM000577,DC100244,02/03/2025,Outbound Call,7.7,Refused to Pay,Y,Terry R.
COM000578,DC100244,11-07-2025,outbound call,13.8,Call Dropped,Y,Adam G.
COM000579,DC100245,2025-09-23,outbound call,4.0,,Y,June D.
COM000580,DC100245,2026-08-21,SMS,,Refused to Pay,Y,Kevin W.
COM000581,DC100245,07/09/2025,Email,,Left Voicemail,Y,Lesley T.
COM000582,DC100245,20-04-2026,Inbound Call,14.0,Left Voicemail,Y,Louis H.
COM000583,DC100246,30/11/2024,Email,,Left Voicemail,Y,Annette T.
COM000584,DC100246,12/07/2024,Outbound Call,22.0,No Answer,Y,Geoffrey B.
COM000585,DC100246,09/11/2024,SMS,,Disputed Debt,Unknown,Jason O.
COM000586,DC100246,15/02/2025,Outbound Call,10.9,Requested Callback,Y,Benjamin W.
COM000587,DC100246,2024-11-26,SMS,,Payment Arranged,Y,Jodie P.
COM000588,DC100246,2025-01-02,Email,,No Answer,Y,Suzanne M.
COM000589,DC100246,2025-08-27,Letter,,No Answer,Y,Gavin O.
COM000590,DC100246,2025-05-31,Outbound Call,9.4,Wrong Number,Y,Frederick A.
COM000591,DC100246,13/03/2025,Outbound Call,1.4,No Answer,Y,Carolyn M.
COM000592,DC100246,30/05/2025,Outbound Call,8.0,No Answer,Y,Oliver L.
COM000593,DC100247,2025-12-10,Letter,,Left Voicemail,Y,Christine F.
COM000594,DC100247,2024-07-09,Call,21.3,Left Voicemail,Y,Jessica J.
COM000595,DC100248,2025-04-29,Inbound Call,2.0,Payment Arranged,Y,Marilyn L.
COM000596,DC100249,04/10/2025,Email,,Left Voicemail,Y,Barry B.
COM000597,DC100251,2024-10-16,Outbound Call,15.8,No Answer,Y,Anthony H.
COM000598,DC100251,2024-09-19,SMS,,No Answer,Y,Nicola W.
COM000599,DC100251,2024-10-05,Outbound Call,14.4,Disputed Debt,Y,Jill T.
COM000600,DC100251,2025-02-28,outbound call,4.5,DSAR Request Logged,Y,Nicole O.
COM000601,DC100251,19-07-2024,Email,,No Answer,Y,Sharon S.
COM000602,DC100251,20/06/2024,Email,,No Answer,Y,Adam M.
COM000603,DC100251,22/04/2025,SMS,,Requested Callback,Y,Amanda S.
COM000604,DC100251,03/07/2024,Letter,,Left Voicemail,Y,Stephen P.
COM000605,DC100251,25-08-2025,outbound call,7.3,Refused to Pay,Y,Graeme M.
COM000606,DC100251,04-08-2025,Outbound Call,0.8,No Answer,Y,Julie J.
COM000607,DC100252,09/05/2025,Call,19.2,No Answer,Unknown,Shannon L.
COM000608,DC100252,07/10/2025,Call,17.9,No Answer,Y,Alexandra P.
COM000609,DC100252,22-06-2025,Call,13.9,Wrong Number,Y,Mohammad R.
COM000610,DC100254,19-02-2025,outbound call,15.8,No Answer,Y,Kathleen N.
COM000611,DC100254,2024-09-12,Call,14.2,Payment Arranged,Y,Matthew F.
COM000612,DC100254,2024-05-27,Inbound Call,6.1,Disputed Debt,Y,Norman B.
COM000613,DC100254,2025-06-29,outbound call,9.0,Refused to Pay,Y,Lauren S.
COM000614,DC100254,15/06/2024,Outbound Call,2.0,No Answer,Y,Carol H.
COM000615,DC100255,2026-06-02,Call,0.9,Payment Arranged,Y,Ashleigh G.
COM000616,DC100255,2026-08-29,outbound call,10.4,Disputed Debt,Y,Samantha H.
COM000617,DC100256,2024-12-09,SMS,,,Y,Raymond F.
COM000618,DC100256,2025-07-27,Outbound Call,19.0,Wrong Number,Y,Albert B.
COM000619,DC100256,2024-11-01,SMS,,Left Voicemail,Y,Denis W.
COM000620,DC100257,01/02/2025,Email,,No Answer,Y,Annette B.
COM000621,DC100257,2023-12-03,Outbound Call,21.5,Left Voicemail,Y,Diane W.
COM000622,DC100257,15/10/2024,outbound call,3.5,No Answer,N,Christian I.
COM000623,DC100257,01/15/2024,outbound call,19.1,Left Voicemail,Y,Derek H.
COM000624,DC100259,07/02/2026,Letter,,Payment Arranged,Y,Anne A.
COM000625,DC100259,2026-07-21,outbound call,20.8,Customer Confirmed Vulnerability,N,Lesley F.
COM000626,DC100259,2026-08-27,Call,17.2,Disputed Debt,N,Elaine K.
COM000627,DC100259,08/17/2026,Inbound Call,13.3,Requested Callback,Y,Aaron M.
COM000628,DC100260,23/08/2026,outbound call,9.7,,Y,Janet D.
COM000629,DC100260,25/07/2025,Letter,,Customer Confirmed Vulnerability,Y,Jason W.
COM000630,DC100261,2025-12-08,Letter,,No Answer,Y,Oliver G.
COM000631,DC100261,03/12/2025,outbound call,16.9,Wrong Number,Y,Stephanie S.
COM000632,DC100261,2026-08-13,SMS,,Requested Callback,Y,Tony A.
COM000633,DC100261,2025-12-23,Call,5.0,No Answer,Y,Georgia D.
COM000634,DC100263,2025-05-17,Letter,,,Y,Paula B.
COM000635,DC100264,08/07/2026,Outbound Call,19.9,Requested Callback,Y,Georgia R.
COM000636,DC100265,2026-08-02,SMS,,Refused to Pay,Y,Olivia C.
COM000637,DC100265,2025-05-20,Email,,Left Voicemail,Unknown,Scott C.
COM000638,DC100270,2026-07-20,SMS,,No Answer,Y,James B.
COM000639,DC100271,05-07-2025,outbound call,19.0,,Y,Barry T.
COM000640,DC100271,2024-08-30,outbound call,18.2,Left Voicemail,N,Michelle J.
COM000641,DC100271,2026-02-25,Outbound Call,11.2,No Answer,Y,Roger D.
COM000642,DC100271,2025-07-11,Email,,Left Voicemail,Y,Diane W.
COM000643,DC100271,05/06/2025,Outbound Call,5.8,DSAR Request Logged,Unknown,Jamie B.
COM000644,DC100272,2024-06-10,Letter,,,Y,Debra S.
COM000645,DC100272,09/05/2024,Outbound Call,1.5,Left Voicemail,Y,Catherine C.
COM000646,DC100272,2025-04-04,Letter,,No Answer,Y,Sharon W.
COM000647,DC100273,2025-06-14,Letter,,No Answer,N,Emma T.
COM000648,DC100273,2026-07-28,Outbound Call,13.7,Refused to Pay,Y,Stacey P.
COM000649,DC100274,2026-04-30,Outbound Call,9.1,DSAR Request Logged,Y,Heather T.
COM000650,DC100274,12-06-2026,SMS,,Payment Arranged,Y,Arthur W.
COM000651,DC100274,17/12/2025,Call,16.5,Refused to Pay,N,Clive G.
COM000652,DC100274,2025-07-18,Email,,,Y,Harry D.
COM000653,DC100274,2026-08-23,outbound call,10.0,Complaint Raised,Y,Annette M.
COM000654,DC100275,17/04/2025,Inbound Call,0.9,Requested Callback,Y,Howard E.
COM000655,DC100275,2026-01-13,Call,8.1,Requested Callback,Y,Max P.
COM000656,DC100277,10/11/2025,Email,,Left Voicemail,N,Stewart R.
COM000657,DC100277,2026-08-02,Inbound Call,14.9,Complaint Raised,Y,Mitchell R.
COM000658,DC100277,2025-07-03,Letter,,,Y,Declan C.
COM000659,DC100280,16/10/2024,SMS,,Payment Arranged,Y,Bradley C.
COM000660,DC100280,2025-03-06,Inbound Call,14.3,Disputed Debt,Unknown,Carl M.
COM000661,DC100280,2024-02-12,Letter,,Payment Arranged,Y,Lucy H.
COM000662,DC100280,2025-04-03,Letter,,Payment Arranged,Y,Shannon F.
COM000663,DC100281,2026-06-25,outbound call,15.8,Payment Arranged,Y,Abigail R.
COM000664,DC100281,2026-05-02,outbound call,20.6,Left Voicemail,Y,Jasmine H.
COM000665,DC100281,12/09/2026,Email,,Requested Callback,Y,Graham P.
COM000666,DC100282,30/08/2026,Call,11.1,Requested Callback,Y,Patricia M.
COM000667,DC100282,2026-06-22,Outbound Call,20.8,No Answer,Y,Norman K.
COM000668,DC100283,18/01/2026,outbound call,16.3,Payment Arranged,Y,Josephine C.
COM000669,DC100283,2025-12-19,Call,12.5,Refused to Pay,Y,Wendy T.
COM000670,DC100283,19/09/2025,outbound call,16.0,Customer Confirmed Vulnerability,Y,Alex T.
COM000671,DC100285,2025-05-15,Letter,,DSAR Request Logged,Y,Leslie P.
COM000672,DC100285,2025-12-02,Letter,,Requested Callback,Unknown,Alice N.
COM000673,DC100285,08/26/2025,Letter,,Left Voicemail,Y,James W.
COM000674,DC100286,27-10-2024,Inbound Call,12.5,No Answer,N,Joseph J.
COM000675,DC100286,2024-11-10,outbound call,1.0,,N,Charlotte H.
COM000676,DC100286,2024-03-09,Letter,,No Answer,Y,Luke S.
COM000677,DC100286,2025-04-15,Letter,,Left Voicemail,Y,Heather C.
COM000678,DC100287,2025-06-25,Inbound Call,6.5,Call Dropped,Y,Bernard R.
COM000679,DC100287,2026-04-30,Inbound Call,14.4,Refused to Pay,Y,Janice H.
COM000680,DC100287,03/02/2025,Letter,,No Answer,Y,Jacob P.
COM000681,DC100289,18/07/2025,Inbound Call,1.0,DSAR Request Logged,Y,Bernard W.
COM000682,DC100289,2026-02-27,Call,18.1,No Answer,Y,James F.
COM000683,DC100289,2024-11-06,outbound call,1.7,Wrong Number,Y,Beth G.
COM000684,DC100289,13/08/2025,SMS,,No Answer,Y,Stuart L.
COM000685,DC100290,2025-12-22,outbound call,19.0,No Answer,Unknown,Hannah W.
COM000686,DC100290,2025-12-30,SMS,,No Answer,Y,Leanne H.
COM000687,DC100291,15/08/2026,Call,5.3,Left Voicemail,Y,Diane W.
COM000688,DC100291,16/07/2026,outbound call,19.4,Payment Arranged,Y,Kyle W.
COM000689,DC100291,27/07/2026,Email,,Left Voicemail,Y,Conor B.
COM000690,DC100292,04-09-2026,Call,6.1,Disputed Debt,Y,Elliot S.
COM000691,DC100293,07/12/2024,SMS,,No Answer,Y,Stacey K.
COM000692,DC100293,2024-04-23,SMS,,Disputed Debt,Y,Eleanor S.
COM000693,DC100293,2024-10-19,Letter,,Customer Confirmed Vulnerability,Y,Charlene C.
COM000694,DC100293,2025-05-02,Inbound Call,21.2,Customer Confirmed Vulnerability,Y,Mandy B.
COM000695,DC100294,2025-01-13,Inbound Call,20.7,Payment Arranged,Y,Lynn D.
COM000696,DC100294,31/12/2025,Outbound Call,10.2,DSAR Request Logged,Y,Jemma H.
COM000697,DC100295,20/05/2026,Email,,Requested Callback,Y,Aimee P.
COM000698,DC100296,2026-07-23,Inbound Call,20.1,Refused to Pay,Y,Harry K.
COM000699,DC100296,2026-02-06,Email,,Disputed Debt,Y,Caroline H.
COM000700,DC100297,2025-11-14,Call,14.1,Payment Arranged,Unknown,Conor C.
COM000701,DC100300,2026-03-19,outbound call,4.4,,Y,Diane S.
COM000702,DC100301,2026-03-10,SMS,,DSAR Request Logged,Y,Dean Y.
COM000703,DC100301,09/03/2026,outbound call,13.6,Wrong Number,Y,Hollie A.
COM000704,DC100302,2024-10-20,Letter,,Requested Callback,Y,Guy J.
COM000705,DC100302,2025-01-27,Call,6.4,Left Voicemail,Y,Rita D.
COM000706,DC100302,09-01-2025,Call,10.2,DSAR Request Logged,Y,Catherine W.
COM000707,DC100302,24/01/2026,Inbound Call,21.4,Payment Arranged,Y,Barbara D.
COM000708,DC100302,2024-12-24,Call,15.3,Refused to Pay,Y,Howard P.
COM000709,DC100302,25-02-2026,SMS,,Payment Arranged,Y,Alan B.
COM000710,DC100302,26/05/2025,Outbound Call,19.8,No Answer,Y,June H.
COM000711,DC100302,2026-02-11,Call,15.5,No Answer,Y,Margaret E.
COM000712,DC100302,2026-03-06,outbound call,12.1,Customer Confirmed Vulnerability,Y,Clive P.
COM000713,DC100302,2025-04-30,outbound call,4.1,No Answer,Y,Dennis H.
COM000714,DC100304,2025-12-28,Email,,Requested Callback,Y,Ben B.
COM000715,DC100304,2026-08-03,Outbound Call,9.2,Complaint Raised,Y,Frank P.
COM000716,DC100304,2026-07-05,Email,,Complaint Raised,Y,Timothy H.
COM000717,DC100305,23/03/2024,SMS,,No Answer,Y,Leah K.
COM000718,DC100305,2024-04-05,Letter,,Wrong Number,Y,Dawn H.
COM000719,DC100305,21/05/2024,Email,,No Answer,Y,Charles C.
COM000720,DC100308,2025-06-10,Letter,,No Answer,Y,Katherine B.
COM000721,DC100308,09/26/2025,Inbound Call,9.2,Payment Arranged,N,Melissa R.
COM000722,DC100308,01/06/2026,Email,,No Answer,Y,Phillip T.
COM000723,DC100308,2026-06-21,Outbound Call,11.7,Customer Confirmed Vulnerability,Y,Adrian T.
COM000724,DC100308,2025-08-16,SMS,,Left Voicemail,Y,Connor B.
COM000725,DC100308,02/11/2026,Inbound Call,1.7,Refused to Pay,Y,Bernard J.
COM000726,DC100308,2025-10-04,SMS,,Requested Callback,Y,Paul B.
COM000727,DC100309,29-06-2026,Inbound Call,10.8,,Y,Emma H.
COM000728,DC100309,2025-12-03,SMS,,DSAR Request Logged,Y,Jessica C.
COM000729,DC100310,2026-07-24,Letter,,No Answer,Y,Natasha G.
COM000730,DC100312,2026-04-04,Email,,Complaint Raised,Y,Sian J.
COM000731,DC100313,04-03-2025,Inbound Call,18.7,No Answer,Y,Mark F.
COM000732,DC100313,2025-07-12,Letter,,No Answer,Y,Bryan B.
COM000733,DC100313,28-10-2025,SMS,,,Unknown,Jacqueline R.
COM000734,DC100313,13/07/2025,Inbound Call,16.4,Wrong Number,Y,Gerard L.
COM000735,DC100313,2025-02-03,Outbound Call,7.8,No Answer,Y,Damian B.
COM000736,DC100314,03/10/2024,SMS,,Refused to Pay,Y,Stanley B.
COM000737,DC100314,2026-03-01,Call,10.2,Complaint Raised,Y,Jemma C.
COM000738,DC100315,11/06/2025,SMS,,Left Voicemail,Y,Anthony F.
COM000739,DC100315,27/12/2025,Inbound Call,19.8,No Answer,Y,Martyn O.
COM000740,DC100315,19-04-2026,SMS,,Disputed Debt,Y,Georgina H.
COM000741,DC100315,20/07/2026,Call,11.5,Left Voicemail,Unknown,Gordon S.
COM000742,DC100316,25/04/2026,Email,,Payment Arranged,Y,Joan S.
COM000743,DC100317,26-07-2026,outbound call,13.0,Payment Arranged,Y,Nigel H.
COM000744,DC100317,2026-03-27,Call,9.4,No Answer,Y,Joe H.
COM000745,DC100317,30/01/2026,outbound call,18.1,No Answer,Y,Andrew M.
COM000746,DC100317,08/07/2026,Inbound Call,19.1,Refused to Pay,Y,Sophie C.
COM000747,DC100317,03/08/2026,SMS,,Left Voicemail,Y,Paul M.
COM000748,DC100317,2026-08-25,Outbound Call,14.8,Left Voicemail,Y,Ricky C.
COM000749,DC100320,2025-08-07,Letter,,No Answer,Y,Keith F.
COM000750,DC100320,09/02/2025,Outbound Call,0.6,Disputed Debt,Y,Charlene P.
COM000751,DC100320,2026-01-10,Letter,,Payment Arranged,Unknown,Ann P.
COM000752,DC100320,20/03/2025,Email,,Left Voicemail,Y,Aimee B.
COM000753,DC100320,2026-01-31,Letter,,No Answer,Y,Max G.
COM000754,DC100320,01/30/2025,Outbound Call,7.5,DSAR Request Logged,Y,James F.
COM000755,DC100320,05/03/2026,Letter,,No Answer,Y,Lisa C.
COM000756,DC100321,11-05-2025,Inbound Call,9.5,Call Dropped,Y,Nicholas E.
COM000757,DC100322,01/22/2026,outbound call,3.1,DSAR Request Logged,Y,Eric S.
COM000758,DC100323,02/02/2024,Letter,,No Answer,Y,Katie F.
COM000759,DC100323,01/10/2024,Letter,,Disputed Debt,N,Oliver M.
COM000760,DC100324,2026-03-28,Letter,,DSAR Request Logged,Y,Marie P.
COM000761,DC100325,23/07/2026,Letter,,Payment Arranged,Y,Luke N.
COM000762,DC100327,2026-01-19,Outbound Call,11.7,Left Voicemail,Y,Gordon S.
COM000763,DC100327,2026-08-01,outbound call,13.9,Disputed Debt,Y,Lorraine H.
COM000764,DC100328,2025-11-19,outbound call,13.6,Payment Arranged,Y,Gemma W.
COM000765,DC100328,2026-06-30,Outbound Call,8.5,,Y,Kirsty A.
COM000766,DC100328,01/06/2025,SMS,,Payment Arranged,Y,Carol W.
COM000767,DC100329,12/21/2025,SMS,,Wrong Number,Y,Stephen H.
COM000768,DC100330,2025-05-05,Call,21.9,Requested Callback,Y,Nicole D.
COM000769,DC100330,2026-01-25,Letter,,DSAR Request Logged,Y,Heather A.
COM000770,DC100330,2025-07-26,outbound call,16.2,Disputed Debt,Y,Megan H.
COM000771,DC100331,2026-07-10,Outbound Call,14.3,No Answer,Y,Jemma J.
COM000772,DC100331,26/12/2025,outbound call,11.5,No Answer,Y,Jayne F.
COM000773,DC100332,11/19/2023,Letter,,DSAR Request Logged,Y,Marie M.
COM000774,DC100332,03/25/2025,Call,11.3,Payment Arranged,Y,Linda P.
COM000775,DC100332,2023-12-05,SMS,,Wrong Number,Y,Martin P.
COM000776,DC100333,2026-06-05,Call,14.7,Left Voicemail,Y,Daniel M.
COM000777,DC100334,12/20/2024,Letter,,Wrong Number,Y,Daniel H.
COM000778,DC100334,01/10/2025,Outbound Call,10.6,No Answer,Y,Wayne W.
COM000779,DC100334,2025-06-11,Letter,,Requested Callback,Y,Rita M.
COM000780,DC100335,2025-10-05,Inbound Call,10.3,Wrong Number,Unknown,Julia B.
COM000781,DC100335,25/12/2024,Call,21.5,No Answer,Y,Yvonne H.
COM000782,DC100336,2025-01-12,Outbound Call,16.5,Payment Arranged,Y,Stephen S.
COM000783,DC100336,2025-05-07,Outbound Call,1.2,Left Voicemail,Y,Jason F.
COM000784,DC100336,2025-04-08,SMS,,Requested Callback,N,Christopher C.
COM000785,DC100336,23-08-2024,outbound call,5.9,No Answer,Y,Alexandra C.
COM000786,DC100337,03-12-2024,outbound call,7.3,Payment Arranged,Y,Liam L.
COM000787,DC100337,2025-03-16,Inbound Call,8.3,Payment Arranged,Y,Rebecca G.
COM000788,DC100337,24/07/2024,outbound call,16.9,,Unknown,Terry P.
COM000789,DC100337,24-08-2025,Email,,No Answer,Y,Terence H.
COM000790,DC100338,2025-06-01,Outbound Call,13.2,Payment Arranged,Y,Diana G.
COM000791,DC100339,2026-03-04,Call,21.3,Payment Arranged,Y,Holly D.
COM000792,DC100341,2026-05-21,outbound call,2.1,Disputed Debt,Y,Lewis F.
COM000793,DC100343,2025-10-08,Outbound Call,4.0,No Answer,Unknown,Jacob W.
COM000794,DC100343,2025-08-31,Outbound Call,13.0,Disputed Debt,Unknown,Tina E.
COM000795,DC100343,2026-09-11,outbound call,5.8,Left Voicemail,Y,Sophie S.
COM000796,DC100344,2025-07-12,Email,,Left Voicemail,Y,Edward M.
COM000797,DC100344,2025-10-12,Email,,Call Dropped,Y,Mandy H.
COM000798,DC100344,10/05/2026,SMS,,Wrong Number,Y,Albert L.
COM000799,DC100344,20-07-2025,Letter,,Wrong Number,Y,Keith P.
COM000800,DC100344,2025-01-10,SMS,,Requested Callback,Y,Lindsey W.
COM000801,DC100345,2026-07-30,Email,,Left Voicemail,Y,Arthur A.
COM000802,DC100348,2024-05-15,Outbound Call,8.5,Complaint Raised,Unknown,Andrea W.
COM000803,DC100348,2025-01-03,outbound call,19.2,Left Voicemail,Y,Billy P.
COM000804,DC100348,2024-04-06,SMS,,Payment Arranged,Y,Jordan N.
COM000805,DC100348,10/01/2025,outbound call,8.4,,Y,Leanne C.
COM000806,DC100348,2024-12-01,Inbound Call,10.9,No Answer,Y,Melissa D.
COM000807,DC100348,07/10/2024,Call,20.4,Left Voicemail,Y,Claire H.
COM000808,DC100348,12/03/2024,outbound call,19.7,No Answer,Y,David E.
COM000809,DC100348,24/04/2025,Inbound Call,17.2,Disputed Debt,Y,Jack S.
COM000810,DC100348,06/10/2024,Inbound Call,13.9,No Answer,Y,Adam C.
COM000811,DC100348,03/05/2024,Inbound Call,8.3,No Answer,Y,Tracey L.
COM000812,DC100349,2026-05-30,Outbound Call,19.5,No Answer,Y,Glenn B.
COM000813,DC100349,2025-10-26,Outbound Call,5.0,No Answer,Y,Alexander N.
COM000814,DC100349,20/08/2026,Inbound Call,5.8,No Answer,Y,Phillip M.
COM000815,DC100349,07/11/2025,Call,14.8,Disputed Debt,Y,Ricky B.
COM000816,DC100350,2026-06-03,Outbound Call,3.2,,Y,Edward H.
COM000817,DC100350,26/05/2026,Email,,Customer Confirmed Vulnerability,Y,Yvonne T.
COM000818,DC100350,2026-07-18,Email,,Wrong Number,Y,Leonard B.
COM000819,DC100350,2026-04-25,outbound call,2.2,Requested Callback,Y,Craig J.
COM000820,DC100350,07/05/2026,outbound call,6.7,Left Voicemail,Y,Naomi H.
COM000821,DC100350,2026-05-06,outbound call,5.2,Disputed Debt,Y,Georgia A.
COM000822,DC100350,2025-03-16,Email,,No Answer,N,Charlene S.
COM000823,DC100351,2025-03-04,outbound call,8.2,,Y,George K.
COM000824,DC100351,2025-03-23,Inbound Call,17.4,DSAR Request Logged,Y,Samantha F.
COM000825,DC100351,23/01/2025,outbound call,3.3,Payment Arranged,Unknown,Joanna B.
COM000826,DC100352,13/09/2026,outbound call,3.5,Wrong Number,Y,Karen B.
COM000827,DC100352,09-09-2026,Inbound Call,19.7,No Answer,Y,Gary H.
COM000828,DC100353,24-01-2026,SMS,,Wrong Number,Y,Chelsea H.
COM000829,DC100353,02/09/2026,Outbound Call,2.9,Left Voicemail,Y,Darren G.
COM000830,DC100353,15/05/2026,SMS,,Call Dropped,Y,Beverley H.
COM000831,DC100353,2026-02-16,Letter,,Call Dropped,Y,David M.
COM000832,DC100354,06-07-2026,SMS,,Customer Confirmed Vulnerability,Y,Raymond R.
COM000833,DC100354,2026-03-18,Inbound Call,3.3,Disputed Debt,Y,Sylvia H.
COM000834,DC100355,2025-01-23,outbound call,13.0,Disputed Debt,Y,Jonathan M.
COM000835,DC100355,2025-01-18,Email,,Customer Confirmed Vulnerability,N,Samuel R.
COM000836,DC100355,2025-09-19,outbound call,14.4,No Answer,Y,Julian M.
COM000837,DC100355,2025-08-28,Letter,,Payment Arranged,Y,Chloe M.
COM000838,DC100357,2025-09-23,Letter,,Payment Arranged,Unknown,Ryan H.
COM000839,DC100357,2025-07-16,Letter,,Complaint Raised,Y,Sharon W.
COM000840,DC100357,12/06/2024,SMS,,Payment Arranged,Y,Gail B.
COM000841,DC100357,2025-08-02,Outbound Call,11.8,No Answer,Y,Pamela S.
COM000842,DC100357,03/09/2025,outbound call,5.2,Left Voicemail,Y,Beth B.
COM000843,DC100358,2026-06-11,SMS,,Wrong Number,Y,Leanne A.
COM000844,DC100359,2024-11-30,outbound call,17.8,Left Voicemail,Y,Toby H.
COM000845,DC100359,2026-01-07,SMS,,Complaint Raised,Y,Julian B.
COM000846,DC100359,27-07-2025,SMS,,Customer Confirmed Vulnerability,Y,Patrick R.
COM000847,DC100359,09/11/2025,Letter,,Left Voicemail,Y,Zoe J.
COM000848,DC100359,19/10/2024,Email,,Call Dropped,Y,Jenna D.
COM000849,DC100359,2025-09-04,SMS,,,Y,Allan T.
COM000850,DC100359,2025-12-27,Inbound Call,20.5,No Answer,Y,Amy W.
COM000851,DC100359,12/08/2025,Letter,,No Answer,Y,Marilyn S.
COM000852,DC100359,08/03/2026,SMS,,Disputed Debt,Y,Megan M.
COM000853,DC100359,28/08/2025,SMS,,Payment Arranged,Y,Amy L.
COM000854,DC100360,08/04/2024,Email,,Left Voicemail,Y,Sara J.
COM000855,DC100360,15-11-2024,Inbound Call,9.2,Call Dropped,Y,Katherine B.
COM000856,DC100362,2024-09-08,Call,4.5,No Answer,Y,Graeme B.
COM000857,DC100362,2025-06-25,SMS,,Call Dropped,Y,Jake D.
COM000858,DC100362,2025-05-13,SMS,,No Answer,Y,Steven F.
COM000859,DC100363,2025-06-21,Letter,,Left Voicemail,Y,Carl P.
COM000860,DC100363,2025-05-04,Email,,No Answer,Y,Chelsea A.
COM000861,DC100363,20/02/2025,Outbound Call,7.9,Requested Callback,Unknown,Sophie M.
COM000862,DC100363,2025-03-27,Call,8.6,No Answer,Y,Justin R.
COM000863,DC100365,06/06/2025,outbound call,16.0,No Answer,N,Rebecca W.
COM000864,DC100365,2025-10-19,SMS,,Payment Arranged,Y,Judith M.
COM000865,DC100365,2025-01-16,Letter,,Call Dropped,N,Cameron H.
COM000866,DC100365,2024-06-01,Call,19.6,No Answer,Y,Derek B.
COM000867,DC100365,2025-05-24,Email,,Disputed Debt,Y,Darren S.
COM000868,DC100365,30/06/2025,Inbound Call,4.5,Payment Arranged,Y,Abdul R.
COM000869,DC100365,2025-08-25,SMS,,No Answer,Y,Tracy T.
COM000870,DC100366,2026-08-03,Email,,No Answer,Y,Gordon F.
COM000871,DC100368,2026-05-29,SMS,,Call Dropped,Y,Tony B.
COM000872,DC100368,11/12/2025,SMS,,No Answer,Y,Joanna H.
COM000873,DC100369,15/10/2025,Inbound Call,10.5,No Answer,Unknown,Edward S.
COM000874,DC100369,01/04/2026,Letter,,Left Voicemail,Y,Julian C.
COM000875,DC100369,2026-02-20,Inbound Call,9.0,Left Voicemail,Y,Harriet M.
COM000876,DC100370,2025-11-28,outbound call,10.2,DSAR Request Logged,Y,Ashley H.
COM000877,DC100370,2026-01-13,Outbound Call,1.9,No Answer,Y,Mohamed S.
COM000878,DC100370,2025-01-26,outbound call,3.7,,Y,Katie W.
COM000879,DC100370,2025-01-18,Inbound Call,11.1,No Answer,Y,Martyn C.
COM000880,DC100370,21/01/2026,Call,14.5,No Answer,Y,Lisa E.
COM000881,DC100370,2026-02-17,outbound call,12.3,Refused to Pay,Y,Jasmine G.
COM000882,DC100370,23/11/2024,outbound call,2.8,No Answer,Y,Jason H.
COM000883,DC100370,17/06/2025,Inbound Call,5.8,Left Voicemail,Y,Patricia W.
COM000884,DC100370,29/09/2024,Inbound Call,19.5,No Answer,Y,Anna A.
COM000885,DC100370,01/09/2025,Letter,,Complaint Raised,Y,John W.
COM000886,DC100371,2025-07-02,Outbound Call,13.6,No Answer,Y,Brett P.
COM000887,DC100371,2026-04-29,SMS,,Payment Arranged,Y,Victor D.
COM000888,DC100371,2026-01-15,Inbound Call,19.1,Left Voicemail,Y,Valerie J.
COM000889,DC100371,2026-08-01,Outbound Call,4.9,Payment Arranged,Y,Dylan E.
COM000890,DC100373,28/03/2026,Email,,Wrong Number,Unknown,Donald S.
COM000891,DC100373,01-08-2026,Outbound Call,16.8,Payment Arranged,N,Jake T.
COM000892,DC100373,16-09-2025,Letter,,Refused to Pay,Y,Bethany M.
COM000893,DC100373,28/07/2026,outbound call,19.0,Payment Arranged,Y,Charlotte G.
COM000894,DC100373,2025-09-01,Call,18.0,No Answer,Y,Joyce B.
COM000895,DC100374,2025-02-27,outbound call,17.6,Left Voicemail,Y,Bryan C.
COM000896,DC100374,30/06/2025,Inbound Call,3.3,Requested Callback,Y,Louise R.
COM000897,DC100375,2025-05-29,SMS,,No Answer,Y,Rita W.
COM000898,DC100375,2025-03-20,Email,,No Answer,Y,Ashleigh J.
COM000899,DC100376,2026-07-15,Call,8.3,Call Dropped,Y,Lauren B.
COM000900,DC100377,2025-04-19,Email,,Left Voicemail,Y,Max H.
COM000901,DC100377,18/04/2025,outbound call,11.5,Payment Arranged,Y,Jake R.
COM000902,DC100377,17-12-2025,Letter,,No Answer,Y,David L.
COM000903,DC100377,2026-04-03,Inbound Call,9.4,Complaint Raised,Y,Dorothy K.
COM000904,DC100377,2024-09-14,Letter,,,Y,Jennifer H.
COM000905,DC100377,30/07/2025,Inbound Call,1.6,No Answer,Y,Anna E.
COM000906,DC100377,29/08/2025,Outbound Call,15.4,Refused to Pay,Y,Darren B.
COM000907,DC100377,2025-12-15,Call,3.8,No Answer,N,Helen C.
COM000908,DC100377,2025-11-27,Call,3.6,No Answer,Y,Beth B.
COM000909,DC100377,2025-06-12,Email,,Complaint Raised,Y,Jason N.
COM000910,DC100378,2025-02-08,outbound call,16.1,Disputed Debt,Y,Justin W.
COM000911,DC100378,2026-04-21,SMS,,Payment Arranged,Y,Denis M.
COM000912,DC100378,20/01/2025,Letter,,Payment Arranged,Y,Abbie H.
COM000913,DC100380,14-11-2025,Outbound Call,4.2,Wrong Number,Y,Marian C.
COM000914,DC100381,18/12/2025,Letter,,Left Voicemail,Y,Samuel A.
COM000915,DC100381,2025-03-17,outbound call,13.2,Left Voicemail,Y,Valerie S.
COM000916,DC100381,2026-06-30,Letter,,Requested Callback,Y,Angela C.
COM000917,DC100381,2025-08-23,Email,,Requested Callback,Unknown,Callum H.
COM000918,DC100381,2025-11-04,SMS,,Complaint Raised,Y,Georgina P.
COM000919,DC100381,2025-09-21,Inbound Call,5.5,Disputed Debt,Y,Owen W.
COM000920,DC100381,09/05/2026,Inbound Call,3.7,No Answer,Unknown,Marie D.
COM000921,DC100381,2025-08-30,Inbound Call,17.2,Payment Arranged,N,Carly D.
COM000922,DC100381,10-07-2025,Call,12.7,DSAR Request Logged,Y,Dale K.
COM000923,DC100381,07/04/2025,Outbound Call,9.0,Wrong Number,Unknown,Gary P.
COM000924,DC100382,07/08/2026,Letter,,Disputed Debt,Y,Gerard A.
COM000925,DC100384,2026-07-24,outbound call,18.3,,Y,James M.
COM000926,DC100387,18/12/2025,Outbound Call,19.8,No Answer,Y,Malcolm C.
COM000927,DC100387,2025-01-25,outbound call,13.0,Refused to Pay,Y,Allan R.
COM000928,DC100387,25-08-2025,SMS,,Call Dropped,Y,Kathleen T.
COM000929,DC100387,19/02/2025,Email,,Refused to Pay,Y,Glen C.
COM000930,DC100388,24/06/2025,Email,,Left Voicemail,Y,Kayleigh O.
COM000931,DC100388,25-04-2026,SMS,,Customer Confirmed Vulnerability,Y,Neil N.
COM000932,DC100388,2026-05-14,Call,10.0,Disputed Debt,Y,Hilary H.
COM000933,DC100388,2025-11-09,Email,,Payment Arranged,Y,Amber R.
COM000934,DC100388,2026-04-11,outbound call,6.7,No Answer,Y,Clive H.
COM000935,DC100388,2026-01-21,Inbound Call,5.9,DSAR Request Logged,Y,Sarah W.
COM000936,DC100388,2026-06-23,Inbound Call,3.1,Left Voicemail,Y,Norman W.
COM000937,DC100388,2026-01-25,Inbound Call,2.6,No Answer,Y,Joyce S.
COM000938,DC100388,2025-08-09,Call,13.2,Wrong Number,Unknown,Sean T.
COM000939,DC100388,2025-07-24,outbound call,17.7,Requested Callback,N,Charlotte B.
COM000940,DC100389,18/06/2024,Outbound Call,2.7,Left Voicemail,Y,Holly P.
COM000941,DC100389,2024-12-01,Letter,,Payment Arranged,Y,Melissa B.
COM000942,DC100390,2024-06-07,Inbound Call,1.0,Left Voicemail,Y,Alexandra R.
COM000943,DC100390,2024-09-05,Outbound Call,7.3,,Y,Lorraine H.
COM000944,DC100390,2024-08-07,Inbound Call,9.9,No Answer,Y,Janice C.
COM000945,DC100390,16/12/2023,Email,,Payment Arranged,Y,Jennifer J.
COM000946,DC100391,02/01/2024,outbound call,6.1,Payment Arranged,Y,Bethan B.
COM000947,DC100391,07/04/2025,Inbound Call,2.8,Payment Arranged,Y,Catherine K.
COM000948,DC100392,2026-02-27,Outbound Call,12.1,Disputed Debt,Y,Malcolm E.
COM000949,DC100392,17/06/2026,SMS,,Requested Callback,Y,Charlie A.
COM000950,DC100392,06/08/2026,SMS,,Left Voicemail,Y,Shirley B.
COM000951,DC100392,01/10/2026,Call,14.4,Left Voicemail,Y,Mohammad J.
COM000952,DC100392,2026-03-29,SMS,,,Y,Karen T.
COM000953,DC100392,2026-08-05,SMS,,Payment Arranged,Y,Michael H.
COM000954,DC100392,2026-05-10,Letter,,,Y,Abigail H.
COM000955,DC100392,2026-07-24,Call,9.8,Disputed Debt,Y,Charles S.
COM000956,DC100393,2024-05-17,Email,,Wrong Number,Y,Shaun P.
COM000957,DC100393,2024-05-28,Email,,Left Voicemail,Y,Mark F.
COM000958,DC100394,05-07-2025,Letter,,Requested Callback,Unknown,Jessica W.
COM000959,DC100394,22/07/2024,Inbound Call,17.5,No Answer,Y,Callum S.
COM000960,DC100394,2024-05-04,outbound call,13.9,Wrong Number,Unknown,Jeffrey H.
COM000961,DC100395,2025-06-15,Call,2.4,No Answer,Y,Conor A.
COM000962,DC100395,2025-03-29,Letter,,Requested Callback,Y,Benjamin J.
COM000963,DC100396,13/07/2026,outbound call,12.5,Wrong Number,Y,Marion C.
COM000964,DC100397,25/06/2024,Letter,,Complaint Raised,Y,Ross B.
COM000965,DC100397,2024-06-29,Email,,,Y,Neil R.
COM000966,DC100398,27/02/2026,Email,,No Answer,Y,Ryan B.
COM000967,DC100398,2026-08-19,Outbound Call,19.3,Payment Arranged,Y,Carly B.
COM000968,DC100399,2025-12-01,Email,,Disputed Debt,Y,Sian P.
COM000969,DC100399,10/10/2025,Outbound Call,8.1,Payment Arranged,Y,Duncan B.
COM000970,DC100400,2026-07-02,Email,,Wrong Number,Y,Sheila H.
COM000971,DC100401,2026-05-24,Inbound Call,20.7,No Answer,Y,Howard S.
COM000972,DC100402,2025-08-06,Inbound Call,19.0,Call Dropped,Y,Connor N.
COM000973,DC100402,08-03-2025,Letter,,Refused to Pay,Y,Lisa W.
COM000974,DC100404,2026-08-13,outbound call,12.9,Requested Callback,Y,Thomas W.
COM000975,DC100404,2026-04-10,Inbound Call,9.3,Left Voicemail,Y,Josephine S.
COM000976,DC100406,09/15/2026,Call,19.0,Left Voicemail,Y,Albert M.
COM000977,DC100408,02/01/2026,Call,13.5,Requested Callback,Y,Paige P.
COM000978,DC100408,2026-04-12,SMS,,Wrong Number,Y,Anna T.
COM000979,DC100409,24/10/2024,Inbound Call,19.8,No Answer,Y,Jenna P.
COM000980,DC100410,09/04/2026,SMS,,Requested Callback,Y,Graeme T.
COM000981,DC100410,2026-05-19,SMS,,Call Dropped,Unknown,Jordan W.
COM000982,DC100411,30/03/2026,Call,16.5,Disputed Debt,Y,Samantha D.
COM000983,DC100412,2026-05-08,Inbound Call,20.3,Disputed Debt,Unknown,John Y.
COM000984,DC100412,08/06/2026,Email,,Requested Callback,Y,Patrick M.
COM000985,DC100413,14/02/2026,SMS,,No Answer,Y,Christian H.
COM000986,DC100413,11/10/2025,outbound call,17.0,Customer Confirmed Vulnerability,Y,Bethany R.
COM000987,DC100413,07/18/2025,Outbound Call,18.3,Left Voicemail,Y,Peter B.
COM000988,DC100413,2025-11-23,Outbound Call,1.4,Disputed Debt,Y,Malcolm W.
COM000989,DC100413,2026-02-25,Outbound Call,12.6,Left Voicemail,Y,Louise C.
COM000990,DC100414,2026-04-22,Call,13.8,Wrong Number,Y,Shaun W.
COM000991,DC100414,2026-03-08,Outbound Call,2.5,Requested Callback,N,Georgina B.
COM000992,DC100414,21/07/2026,Letter,,Refused to Pay,Unknown,Roy W.
COM000993,DC100416,01-02-2024,SMS,,Refused to Pay,Y,Tina W.
COM000994,DC100416,2024-10-29,SMS,,Disputed Debt,Y,Ronald T.
COM000995,DC100416,2025-01-29,Inbound Call,18.2,No Answer,N,Judith T.
COM000996,DC100417,2026-02-07,outbound call,7.9,DSAR Request Logged,Y,Wendy W.
COM000997,DC100417,2026-01-21,Letter,,No Answer,Y,Joyce O.
COM000998,DC100417,2025-06-29,Inbound Call,9.6,No Answer,Y,Neil W.
COM000999,DC100418,17/09/2026,Call,4.8,Refused to Pay,Y,Stephanie W.
COM001000,DC100418,22/04/2026,Email,,Wrong Number,Y,Paula H.
COM001001,DC100418,2026-07-09,Inbound Call,15.3,Payment Arranged,Y,Georgina W.
COM001002,DC100418,2026-02-03,Call,20.2,Wrong Number,Y,Joan S.
COM001003,DC100419,29/08/2025,outbound call,3.9,Complaint Raised,Y,Gillian M.
COM001004,DC100419,2026-08-06,outbound call,4.0,No Answer,Y,Pauline T.
COM001005,DC100419,08/06/2026,Email,,,Y,Hollie G.
COM001006,DC100419,13/08/2025,outbound call,1.1,Requested Callback,N,Suzanne L.
COM001007,DC100419,2025-10-23,Call,12.1,Payment Arranged,Y,Lindsey P.
COM001008,DC100420,19/08/2026,Call,17.7,Wrong Number,Y,Declan B.
COM001009,DC100421,13/02/2026,Email,,Payment Arranged,N,Beth B.
COM001010,DC100422,17/11/2024,SMS,,Payment Arranged,Y,Lorraine R.
COM001011,DC100422,10/25/2025,Email,,Payment Arranged,Y,Tina H.
COM001012,DC100422,21/10/2024,SMS,,Requested Callback,Y,Natasha W.
COM001013,DC100423,2025-07-10,Outbound Call,10.7,Payment Arranged,Y,Kyle R.
COM001014,DC100423,2026-01-07,Outbound Call,13.4,Refused to Pay,Y,Martyn F.
COM001015,DC100423,2026-02-21,Call,11.7,Left Voicemail,Y,Graeme T.
COM001016,DC100423,27-01-2026,Inbound Call,14.2,Refused to Pay,Y,Sylvia G.
COM001017,DC100425,2025-07-23,Inbound Call,20.3,Payment Arranged,Y,Lesley M.
COM001018,DC100425,2025-02-08,Call,16.9,No Answer,Y,Alexander W.
COM001019,DC100425,2024-09-16,outbound call,8.9,Payment Arranged,Y,Allan R.
COM001020,DC100425,2024-09-09,Inbound Call,8.3,,Y,Paula C.
COM001021,DC100425,2024-09-20,Outbound Call,15.1,No Answer,Y,Bernard K.
COM001022,DC100426,2026-06-28,Email,,Payment Arranged,Y,Darren S.
COM001023,DC100427,2025-11-01,Outbound Call,15.1,,Y,Holly S.
COM001024,DC100427,17/10/2025,Email,,Payment Arranged,Y,Abbie K.
COM001025,DC100427,03/26/2025,outbound call,13.3,Call Dropped,Y,Wayne B.
COM001026,DC100427,2024-09-26,Outbound Call,5.0,,Y,Judith M.
COM001027,DC100427,03/09/2024,Inbound Call,3.3,Customer Confirmed Vulnerability,Y,Gary O.
COM001028,DC100429,2025-09-22,Call,7.5,Complaint Raised,Unknown,Mandy E.
COM001029,DC100430,2026-05-14,Email,,No Answer,Y,Ellie C.
COM001030,DC100431,2026-02-21,Inbound Call,17.6,Wrong Number,Y,James C.
COM001031,DC100431,2026-08-20,Email,,Left Voicemail,Y,Ashleigh M.
COM001032,DC100432,2024-04-30,Email,,Payment Arranged,N,Bethan B.
COM001033,DC100434,27/01/2025,Letter,,No Answer,Y,Jennifer S.
COM001034,DC100434,2025-03-20,SMS,,Disputed Debt,Unknown,Scott B.
COM001035,DC100434,05/01/2025,Call,13.0,Refused to Pay,Y,Timothy S.
COM001036,DC100435,2026-08-26,Email,,Disputed Debt,Y,Luke S.
COM001037,DC100435,13/05/2026,Call,12.4,Left Voicemail,Y,Callum H.
COM001038,DC100436,2026-02-09,SMS,,Requested Callback,Y,Anthony R.
COM001039,DC100436,2025-10-24,Email,,Left Voicemail,N,Hannah C.
COM001040,DC100438,2026-06-16,Letter,,Disputed Debt,Y,Leigh E.
COM001041,DC100439,2026-08-13,SMS,,DSAR Request Logged,Y,Chloe M.
COM001042,DC100439,21-06-2025,SMS,,Refused to Pay,Y,Susan S.
COM001043,DC100440,2026-09-15,Outbound Call,4.1,Payment Arranged,Unknown,Kathryn P.
COM001044,DC100441,26/03/2024,Call,1.5,Requested Callback,Y,Steven R.
COM001045,DC100441,2025-03-31,Call,21.0,No Answer,Y,Naomi W.
COM001046,DC100441,13/08/2024,Letter,,Disputed Debt,Y,June A.
COM001047,DC100443,2026-07-19,Outbound Call,3.9,Customer Confirmed Vulnerability,Y,Liam J.
COM001048,DC100443,2026-09-20,Letter,,No Answer,Y,Gemma T.
COM001049,DC100444,2024-11-28,Call,11.1,No Answer,Unknown,Sam J.
COM001050,DC100444,2024-02-09,Call,10.5,Payment Arranged,Y,Melanie L.
COM001051,DC100446,2024-03-04,outbound call,7.6,Refused to Pay,Y,Louis G.
COM001052,DC100446,24-06-2024,outbound call,7.2,,Unknown,Joanna P.
COM001053,DC100446,10/06/2024,SMS,,Left Voicemail,Y,Joseph B.
COM001054,DC100446,2023-12-29,Email,,Refused to Pay,Y,Deborah M.
COM001055,DC100447,29/04/2026,Inbound Call,15.9,No Answer,Y,Reece S.
COM001056,DC100447,2025-09-26,Outbound Call,1.4,Refused to Pay,Y,Samantha J.
COM001057,DC100447,2026-03-22,Call,5.9,Refused to Pay,Y,Donna H.
COM001058,DC100447,2026-07-24,Inbound Call,18.8,No Answer,Y,Carol R.
COM001059,DC100449,07/03/2026,SMS,,Wrong Number,Y,Lisa H.
COM001060,DC100449,17-06-2026,Letter,,Customer Confirmed Vulnerability,Unknown,Simon C.
COM001061,DC100449,2026-05-07,Outbound Call,8.3,Complaint Raised,Y,Beth N.
COM001062,DC100450,2024-12-24,SMS,,Refused to Pay,Y,Alexandra L.
COM001063,DC100451,28/04/2025,Outbound Call,20.0,Wrong Number,N,Linda H.
COM001064,DC100451,23-05-2025,Letter,,Customer Confirmed Vulnerability,Y,Kimberley H.
COM001065,DC100451,2026-06-19,Outbound Call,12.3,Complaint Raised,Y,Conor H.
COM001066,DC100451,11/30/2025,SMS,,No Answer,Y,Alan W.
COM001067,DC100454,2025-09-22,Call,18.3,Complaint Raised,Y,Rachael W.
COM001068,DC100454,20/10/2025,Call,2.5,Wrong Number,Y,Eric S.
COM001069,DC100454,2026-01-13,Inbound Call,18.0,Requested Callback,Y,Leigh B.
COM001070,DC100455,2026-06-26,Call,13.1,Requested Callback,Unknown,Nicola T.
COM001071,DC100456,2024-06-12,outbound call,13.8,Disputed Debt,Y,Leslie C.
COM001072,DC100456,01/08/2024,Call,12.6,Disputed Debt,Y,Tracy Y.
COM001073,DC100456,09-05-2024,Email,,DSAR Request Logged,Y,Terence N.
COM001074,DC100457,07/08/2026,Outbound Call,5.3,No Answer,Y,Conor B.
COM001075,DC100457,2026-08-15,Letter,,Requested Callback,Unknown,Victoria K.
COM001076,DC100458,2026-09-17,SMS,,,Y,Glenn S.
COM001077,DC100459,2026-04-23,outbound call,4.8,Wrong Number,Y,Danny P.
COM001078,DC100459,2026-02-03,Letter,,Wrong Number,Y,Derek S.
COM001079,DC100459,2026-08-31,outbound call,19.2,Left Voicemail,Y,Katherine B.
COM001080,DC100459,2025-08-01,Outbound Call,5.5,Requested Callback,Y,Heather S.
COM001081,DC100459,2025-10-14,Inbound Call,6.2,No Answer,Y,Simon W.
COM001082,DC100460,2025-03-11,outbound call,16.8,Left Voicemail,Y,Marilyn G.
COM001083,DC100460,08/07/2026,Call,5.7,Refused to Pay,Y,Marian G.
COM001084,DC100460,09/04/2025,Call,2.0,Left Voicemail,Y,Brenda B.
COM001085,DC100460,19-04-2025,Call,3.5,Left Voicemail,Y,Sean D.
COM001086,DC100460,12/08/2026,SMS,,Customer Confirmed Vulnerability,N,Graeme W.
COM001087,DC100460,21/06/2025,Letter,,Left Voicemail,Y,Graham M.
COM001088,DC100460,2025-06-07,Email,,DSAR Request Logged,Y,Alexandra R.
COM001089,DC100461,02-08-2024,Call,3.5,Payment Arranged,Unknown,Marc M.
COM001090,DC100461,2024-07-15,Outbound Call,19.1,Wrong Number,Y,Shane S.
COM001091,DC100461,2024-11-11,SMS,,Requested Callback,Y,Lawrence M.
COM001092,DC100461,01/01/2026,Call,18.3,Requested Callback,N,Christian G.
COM001093,DC100461,2024-10-03,Inbound Call,15.0,Left Voicemail,Y,Dorothy T.
COM001094,DC100462,2025-06-08,Call,14.9,Payment Arranged,Y,Eric S.
COM001095,DC100462,2025-07-11,Email,,Payment Arranged,Y,Reece W.
COM001096,DC100462,2025-08-04,Inbound Call,4.0,Disputed Debt,Y,Joshua L.
COM001097,DC100462,17/03/2026,Call,21.1,No Answer,Y,Cameron H.
COM001098,DC100462,2026-04-20,SMS,,Disputed Debt,Y,Diana L.
COM001099,DC100462,2026-07-15,Outbound Call,9.5,Customer Confirmed Vulnerability,Y,Aimee H.
COM001100,DC100462,26/07/2025,Call,0.7,No Answer,Y,Carol D.
COM001101,DC100462,26/06/2026,SMS,,Wrong Number,Y,Vincent C.
COM001102,DC100462,2025-11-13,Email,,No Answer,Y,Jade M.
COM001103,DC100463,2025-10-16,Outbound Call,2.7,Customer Confirmed Vulnerability,Y,Hollie M.
COM001104,DC100463,12/01/2025,Letter,,Call Dropped,N,Max K.
COM001105,DC100463,2026-06-26,SMS,,No Answer,Y,Sandra A.
COM001106,DC100463,2026-05-03,SMS,,Left Voicemail,Y,Max A.
COM001107,DC100466,2025-02-09,outbound call,1.7,Call Dropped,Y,Marc E.
COM001108,DC100466,2025-07-22,Inbound Call,10.1,Wrong Number,Y,Shane W.
COM001109,DC100466,2025-06-02,Letter,,No Answer,Y,Lynne J.
COM001110,DC100468,2025-09-20,Email,,Wrong Number,Y,Marilyn O.
COM001111,DC100468,2025-01-20,Call,7.3,Payment Arranged,Y,Margaret H.
COM001112,DC100469,2025-05-03,Letter,,Wrong Number,Y,Gavin H.
COM001113,DC100469,14-12-2023,Letter,,Refused to Pay,Y,Malcolm H.
COM001114,DC100469,2024-02-19,Email,,Call Dropped,Y,Glenn H.
COM001115,DC100470,22/01/2024,Inbound Call,15.6,Requested Callback,Y,Amelia W.
COM001116,DC100470,2024-07-06,Letter,,No Answer,Y,Marion R.
COM001117,DC100470,2024-02-26,outbound call,10.0,Requested Callback,Y,Marian B.
COM001118,DC100470,2024-03-17,Inbound Call,4.0,Payment Arranged,Y,Stewart B.
COM001119,DC100470,2023-10-15,outbound call,11.8,No Answer,Y,Maurice S.
COM001120,DC100470,2024-04-21,SMS,,Left Voicemail,Unknown,Tracey W.
COM001121,DC100470,2025-01-22,Inbound Call,6.9,No Answer,Y,Brandon F.
COM001122,DC100471,2026-02-20,Outbound Call,1.6,,Y,Margaret F.
COM001123,DC100473,11/01/2024,Inbound Call,3.9,,Y,Shane B.
COM001124,DC100473,2025-09-25,Inbound Call,10.4,,N,Martyn K.
COM001125,DC100473,2024-10-01,Email,,,Y,Laura O.
COM001126,DC100473,13-01-2025,Call,17.0,,Y,Joan S.
COM001127,DC100473,2025-10-23,Letter,,Payment Arranged,Y,Vincent C.
COM001128,DC100473,14/11/2025,Letter,,,Y,Adrian B.
COM001129,DC100473,2024-07-12,Call,13.8,,Y,Mitchell B.
COM001130,DC100474,29/04/2026,SMS,,No Answer,Y,Arthur H.
COM001131,DC100474,14/03/2026,Inbound Call,13.1,Customer Confirmed Vulnerability,Unknown,Carole C.
COM001132,DC100474,2026-08-14,Inbound Call,4.7,Requested Callback,Y,Charles S.
COM001133,DC100474,2025-12-11,Call,3.2,Refused to Pay,Y,Connor H.
COM001134,DC100475,2026-03-24,outbound call,4.5,,Y,Dylan D.
COM001135,DC100475,24/09/2024,Call,14.4,No Answer,Unknown,William P.
COM001136,DC100475,2025-12-06,Inbound Call,4.6,No Answer,Y,Amy L.
COM001137,DC100475,2024-08-26,outbound call,17.6,Left Voicemail,Unknown,Clare W.
COM001138,DC100475,2025-07-02,SMS,,Left Voicemail,Y,Gail C.
COM001139,DC100475,2024-09-21,Email,,No Answer,N,Robert W.
COM001140,DC100475,10/02/2025,SMS,,Left Voicemail,Unknown,Joyce E.
COM001141,DC100476,2025-05-20,Outbound Call,18.8,No Answer,Y,Melanie F.
COM001142,DC100476,09/01/2025,Email,,Requested Callback,Y,Mohammed S.
COM001143,DC100477,25/07/2024,Outbound Call,12.8,Left Voicemail,Y,Laura E.
COM001144,DC100477,2024-06-21,Call,5.0,Call Dropped,Y,Katie G.
COM001145,DC100477,2025-05-15,Email,,Left Voicemail,Y,Nicole W.
COM001146,DC100478,2024-05-01,Outbound Call,1.5,DSAR Request Logged,Y,Linda S.
COM001147,DC100478,2024-03-26,Call,9.9,No Answer,Y,Sylvia W.
COM001148,DC100479,10/08/2026,Email,,No Answer,Y,Ann G.
COM001149,DC100482,2025-08-25,Call,10.6,Left Voicemail,Y,Gail H.
COM001150,DC100483,13/05/2026,Letter,,Payment Arranged,Unknown,Anthony C.
COM001151,DC100483,15-12-2025,outbound call,6.3,Wrong Number,Y,Gordon G.
COM001152,DC100483,2026-05-03,Call,4.3,No Answer,Y,Ben T.
COM001153,DC100483,2026-02-22,Inbound Call,21.6,Disputed Debt,Y,Sian P.
COM001154,DC100484,2025-07-10,Inbound Call,11.7,Refused to Pay,N,Maurice H.
COM001155,DC100484,2025-07-03,Outbound Call,3.8,No Answer,Y,Sean W.
COM001156,DC100484,03/05/2026,Call,6.8,Left Voicemail,Y,Louise H.
COM001157,DC100484,2026-03-30,Inbound Call,3.8,DSAR Request Logged,Y,Wayne M.
COM001158,DC100484,13/05/2026,SMS,,,Y,Tracey R.
COM001159,DC100485,2025-07-12,Call,13.4,No Answer,Y,Gordon J.
COM001160,DC100485,01/20/2025,Inbound Call,5.3,Disputed Debt,N,Nathan W.
COM001161,DC100485,2025-09-11,Inbound Call,4.9,Complaint Raised,Unknown,Benjamin B.
COM001162,DC100486,2025-02-13,Call,18.7,Disputed Debt,N,Harriet H.
COM001163,DC100486,2025-03-16,Email,,No Answer,Y,Carl B.
COM001164,DC100488,04/11/2024,Inbound Call,6.8,Requested Callback,Y,Laura R.
COM001165,DC100488,2024-11-29,Letter,,Requested Callback,Unknown,Maureen S.
COM001166,DC100488,2024-12-06,SMS,,Refused to Pay,Y,Jordan F.
COM001167,DC100488,18/07/2024,Email,,No Answer,Unknown,Derek J.
COM001168,DC100488,07-01-2025,Outbound Call,4.6,Wrong Number,Y,Jill W.
COM001169,DC100489,2024-09-18,Outbound Call,1.5,No Answer,Y,Dylan B.
COM001170,DC100489,2024-10-01,Letter,,Refused to Pay,Y,Gillian A.
COM001171,DC100489,2024-12-25,SMS,,Requested Callback,Y,Gordon B.
COM001172,DC100491,12/03/2025,Call,13.6,Customer Confirmed Vulnerability,Y,Marion M.
COM001173,DC100491,2025-10-05,Call,11.9,Left Voicemail,Y,Harry H.
COM001174,DC100491,19/08/2025,SMS,,,Unknown,Charlie M.
COM001175,DC100491,17/10/2025,SMS,,Payment Arranged,Y,Debra F.
COM001176,DC100493,2026-02-21,outbound call,4.0,Payment Arranged,Unknown,Roger W.
COM001177,DC100493,2026-01-05,Inbound Call,4.1,Disputed Debt,Y,Joe B.
COM001178,DC100494,18/03/2026,outbound call,1.8,Left Voicemail,N,Denis P.
COM001179,DC100494,16/04/2026,Call,9.8,Customer Confirmed Vulnerability,N,Carl J.
COM001180,DC100495,2025-07-06,Outbound Call,2.8,Requested Callback,Y,Richard F.
COM001181,DC100495,28/12/2025,Email,,Left Voicemail,N,Christian A.
COM001182,DC100495,04/08/2025,SMS,,No Answer,N,Julia D.
COM001183,DC100495,2025-06-25,outbound call,3.9,Call Dropped,Y,Louis W.
COM001184,DC100496,2026-04-02,Email,,Payment Arranged,N,Amber P.
COM001185,DC100496,15/11/2025,Outbound Call,16.2,Requested Callback,Y,Katy R.
COM001186,DC100497,2026-07-31,Call,18.7,Requested Callback,Y,Sean T.
COM001187,DC100498,2026-02-04,Outbound Call,5.8,Left Voicemail,Y,Angela W.
COM001188,DC100501,2025-10-13,Letter,,,Y,Clive W.
COM001189,DC100501,2026-04-16,Outbound Call,5.0,Customer Confirmed Vulnerability,Y,Julie D.
COM001190,DC100501,09/07/2025,Email,,Left Voicemail,Y,Hollie F.
COM001191,DC100501,2026-03-24,Outbound Call,2.5,No Answer,Y,Ross G.
COM001192,DC100503,2025-09-27,Outbound Call,2.7,Refused to Pay,Y,Rachel H.
COM001193,DC100504,16/04/2026,Email,,Left Voicemail,Y,Joshua J.
COM001194,DC100504,14/01/2025,Email,,Requested Callback,Y,George W.
COM001195,DC100504,20-03-2025,Email,,Payment Arranged,Y,Lynn S.
COM001196,DC100506,2025-07-04,Email,,Payment Arranged,Y,Lynda S.
COM001197,DC100506,02/06/2024,Outbound Call,3.3,Left Voicemail,Y,Trevor M.
COM001198,DC100507,2026-04-11,Letter,,No Answer,Y,Marc P.
COM001199,DC100508,2025-04-12,Outbound Call,1.8,No Answer,Y,Abigail H.
COM001200,DC100508,2024-06-05,Call,16.1,No Answer,Y,Hannah S.
COM001201,DC100508,2024-08-14,Call,13.7,,Y,Leah B.
COM001202,DC100508,09/02/2024,Outbound Call,18.4,Call Dropped,N,Andrea M.
COM001203,DC100508,2024-03-13,outbound call,4.7,Disputed Debt,Y,Nicole D.
COM001204,DC100510,20-07-2025,Email,,Refused to Pay,Y,Craig R.
COM001205,DC100510,2024-05-12,Call,6.6,,Y,Valerie K.
COM001206,DC100511,2026-09-05,Letter,,No Answer,Y,Tracy P.
COM001207,DC100512,2026-04-14,Email,,Left Voicemail,N,Eleanor T.
COM001208,DC100513,06/06/2026,Call,18.9,Payment Arranged,Y,Lesley T.
COM001209,DC100515,04/04/2025,outbound call,15.9,No Answer,Y,Jacob K.
COM001210,DC100516,09-09-2026,SMS,,Wrong Number,Y,Robin R.
COM001211,DC100518,2024-12-15,Inbound Call,14.5,,Y,Shaun B.
COM001212,DC100518,07/03/2025,Inbound Call,14.7,Payment Arranged,Y,Natasha B.
COM001213,DC100518,16/05/2025,Email,,,Unknown,Kenneth M.
COM001214,DC100518,24/07/2024,Outbound Call,9.1,No Answer,Y,Iain S.
COM001215,DC100518,2024-06-30,Outbound Call,17.2,Payment Arranged,Y,Carl W.
COM001216,DC100518,05-06-2025,SMS,,Payment Arranged,Y,Vanessa T.
COM001217,DC100518,02-07-2025,Letter,,No Answer,Y,Anna N.
COM001218,DC100520,2026-09-13,outbound call,8.8,Refused to Pay,Y,Julia T.
COM001219,DC100521,20/04/2025,Outbound Call,20.9,Customer Confirmed Vulnerability,Y,Owen G.
COM001220,DC100522,09/10/2025,Call,2.0,Refused to Pay,Y,Marian T.
COM001221,DC100522,03/14/2026,Outbound Call,6.9,,Y,Tom K.
COM001222,DC100522,16/07/2025,Call,14.2,,Y,Abbie P.
COM001223,DC100522,16/12/2025,SMS,,Left Voicemail,Y,Janet S.
COM001224,DC100522,2026-01-30,Outbound Call,6.0,Payment Arranged,Y,Heather P.
COM001225,DC100522,30/05/2025,outbound call,11.7,Complaint Raised,Y,Catherine T.
COM001226,DC100522,24/03/2025,Call,17.8,Requested Callback,Y,Duncan R.
COM001227,DC100523,2026-06-03,Inbound Call,7.1,Left Voicemail,Y,Stacey H.
COM001228,DC100524,25/09/2025,SMS,,Customer Confirmed Vulnerability,Y,Abigail W.
COM001229,DC100524,17/12/2024,outbound call,14.3,No Answer,Y,Damian B.
COM001230,DC100524,16-01-2026,SMS,,Requested Callback,Y,Aimee S.
COM001231,DC100524,11/19/2025,Inbound Call,12.4,Left Voicemail,Y,Yvonne G.
COM001232,DC100524,2025-07-29,SMS,,Requested Callback,Y,Adrian L.
COM001233,DC100524,09/11/2025,Email,,Disputed Debt,Unknown,Brandon B.
COM001234,DC100524,07/05/2026,Letter,,,Y,Katy H.
COM001235,DC100524,27/03/2026,outbound call,13.5,Disputed Debt,Y,Emma C.
COM001236,DC100524,2025-07-01,Call,12.3,Wrong Number,Y,Irene T.
COM001237,DC100524,2026-03-09,outbound call,17.5,Disputed Debt,Y,Mitchell A.
COM001238,DC100525,2024-05-30,Outbound Call,19.3,Call Dropped,Y,Elaine M.
COM001239,DC100525,2025-11-14,Outbound Call,18.5,Customer Confirmed Vulnerability,Y,Emma C.
COM001240,DC100525,2025-02-25,Inbound Call,2.9,Left Voicemail,N,Martyn J.
COM001241,DC100526,2024-10-18,Outbound Call,1.9,Refused to Pay,Y,Stanley S.
COM001242,DC100526,15/11/2024,Outbound Call,9.9,Disputed Debt,Y,Liam R.
COM001243,DC100526,2024-03-27,Outbound Call,8.5,DSAR Request Logged,Unknown,Kayleigh K.
COM001244,DC100526,2025-05-31,Call,1.2,No Answer,Y,Laura H.
COM001245,DC100526,2024-06-21,Outbound Call,10.4,No Answer,Y,Max H.
COM001246,DC100526,2024-11-26,SMS,,Disputed Debt,Y,Anna P.
COM001247,DC100526,03/01/2025,outbound call,0.7,No Answer,Y,Ellie W.
COM001248,DC100527,06/06/2025,Call,10.1,Disputed Debt,Y,Andrew P.
COM001249,DC100527,2025-04-01,Outbound Call,2.2,Payment Arranged,Y,Vanessa G.
COM001250,DC100527,05/19/2026,Call,19.0,Complaint Raised,Y,Nicola W.
COM001251,DC100527,18/09/2025,Call,4.5,,Y,Phillip W.
COM001252,DC100527,03/08/2025,Outbound Call,14.9,Requested Callback,Y,Barbara K.
COM001253,DC100528,21-07-2025,Inbound Call,4.8,Left Voicemail,Y,Jeffrey H.
COM001254,DC100528,09/12/2024,Email,,Left Voicemail,Y,David B.
COM001255,DC100528,2026-04-12,outbound call,7.2,Refused to Pay,Y,Jack S.
COM001256,DC100528,2026-04-04,SMS,,Customer Confirmed Vulnerability,Y,Tracy S.
COM001257,DC100528,2026-05-26,SMS,,Left Voicemail,Y,Dorothy B.
COM001258,DC100528,2026-02-13,Call,14.5,Complaint Raised,Y,Brenda T.
COM001259,DC100528,2026-05-06,Letter,,,Y,Jean G.
COM001260,DC100529,2026-09-04,Outbound Call,20.7,Requested Callback,Y,Craig B.
COM001261,DC100529,01/03/2026,SMS,,Customer Confirmed Vulnerability,Y,Liam S.
COM001262,DC100530,16/04/2026,Call,5.0,Payment Arranged,Y,Sharon H.
COM001263,DC100530,2026-05-11,Email,,Wrong Number,Y,Jasmine A.
COM001264,DC100531,25/06/2026,Letter,,No Answer,Y,Eileen P.
COM001265,DC100532,02/07/2024,outbound call,1.2,Complaint Raised,N,Zoe J.
COM001266,DC100532,2024-10-17,outbound call,4.7,Payment Arranged,Y,Liam O.
COM001267,DC100533,2026-03-09,Email,,Wrong Number,Y,Pamela W.
COM001268,DC100533,2025-10-05,Outbound Call,8.2,No Answer,Y,Mandy R.
COM001269,DC100533,2026-07-10,Call,5.2,No Answer,Y,Jeffrey C.
COM001270,DC100533,2025-04-29,Email,,Payment Arranged,Y,Naomi M.
COM001271,DC100533,2026-03-04,Letter,,No Answer,Y,Matthew N.
COM001272,DC100534,2025-03-15,Outbound Call,7.8,Payment Arranged,Y,Melissa R.
COM001273,DC100534,2026-04-05,Email,,DSAR Request Logged,Y,Eleanor J.
COM001274,DC100534,25/11/2024,Inbound Call,15.2,Payment Arranged,Y,Francesca D.
COM001275,DC100535,09-03-2026,outbound call,20.1,Refused to Pay,Y,Kim H.
COM001276,DC100535,12/07/2025,Letter,,Call Dropped,Y,Julia R.
COM001277,DC100535,17/12/2025,Inbound Call,10.9,Requested Callback,Y,Amelia M.
COM001278,DC100535,2025-04-21,outbound call,18.9,Requested Callback,Y,Reece C.
COM001279,DC100537,2026-05-12,Letter,,Left Voicemail,Y,Hugh H.
COM001280,DC100538,2025-02-17,Email,,Payment Arranged,Y,Sally D.
COM001281,DC100538,2025-01-15,Call,15.4,No Answer,Unknown,Rosemary T.
COM001282,DC100539,2024-05-07,Call,13.7,Disputed Debt,Unknown,Harry D.
COM001283,DC100539,10/08/2024,outbound call,21.3,Left Voicemail,Y,Sam O.
COM001284,DC100539,2025-10-31,Call,2.2,Payment Arranged,Y,Brian P.
COM001285,DC100539,2024-10-28,Outbound Call,2.3,Requested Callback,Y,Peter R.
COM001286,DC100539,2025-10-07,SMS,,Payment Arranged,Y,Danielle M.
COM001287,DC100539,07/08/2024,Outbound Call,9.0,Left Voicemail,Y,Abdul T.
COM001288,DC100539,2024-12-08,Call,5.9,,Y,Lynne H.
COM001289,DC100541,2024-12-14,Letter,,Customer Confirmed Vulnerability,Y,Thomas E.
COM001290,DC100541,2024-10-22,Inbound Call,1.8,Wrong Number,Y,David D.
COM001291,DC100541,28/12/2025,Email,,No Answer,Y,Chelsea H.
COM001292,DC100541,13-06-2025,SMS,,Payment Arranged,Y,Stewart G.
COM001293,DC100541,06/11/2025,outbound call,7.7,Payment Arranged,N,Rosie C.
COM001294,DC100542,2026-07-16,Email,,Call Dropped,N,Joel A.
COM001295,DC100542,2026-05-07,Call,18.2,Complaint Raised,Y,Jenna P.
COM001296,DC100542,2025-10-04,Outbound Call,4.8,Disputed Debt,Y,Dylan Y.
COM001297,DC100543,2024-08-28,outbound call,1.4,Left Voicemail,Y,Reece C.
COM001298,DC100543,2025-05-24,Call,19.3,Disputed Debt,Y,Denis P.
COM001299,DC100543,2024-12-02,Outbound Call,21.8,Left Voicemail,Y,Joshua S.
COM001300,DC100543,2025-01-22,Letter,,Customer Confirmed Vulnerability,Y,Mohamed R.
COM001301,DC100543,2024-12-27,outbound call,2.3,No Answer,Y,Jane S.
COM001302,DC100544,2025-08-10,Call,5.0,Complaint Raised,Unknown,Gerald J.
COM001303,DC100544,11/01/2026,SMS,,DSAR Request Logged,Y,Ian F.
COM001304,DC100545,2025-08-10,Outbound Call,18.5,Wrong Number,Y,Abdul A.
COM001305,DC100546,09/02/2026,SMS,,Refused to Pay,Y,Gillian W.
COM001306,DC100546,2025-07-14,Outbound Call,15.3,Left Voicemail,Y,Jamie Y.
COM001307,DC100547,2025-12-22,Letter,,DSAR Request Logged,Y,Sarah K.
COM001308,DC100548,2026-02-26,Email,,No Answer,Y,Francis P.
COM001309,DC100548,2026-05-14,Letter,,Complaint Raised,Y,Adam G.
COM001310,DC100548,09/02/2026,Outbound Call,0.6,Disputed Debt,Unknown,Jenna H.
COM001311,DC100549,2024-10-03,Email,,Left Voicemail,Y,Laura S.
COM001312,DC100549,14/03/2025,Email,,Wrong Number,Y,Shaun H.
COM001313,DC100549,04/02/2024,Inbound Call,7.1,Disputed Debt,Y,Bethany A.
COM001314,DC100550,12/13/2024,Inbound Call,20.0,Left Voicemail,Y,Clifford H.
COM001315,DC100550,2025-07-17,SMS,,Requested Callback,Unknown,Jason D.
COM001316,DC100550,18/11/2024,Outbound Call,18.7,No Answer,Y,Jayne H.
COM001317,DC100550,2025-02-17,Letter,,Payment Arranged,Y,Judith H.
COM001318,DC100551,21/09/2026,outbound call,17.7,,Y,Shirley M.
COM001319,DC100551,2026-01-16,Email,,Left Voicemail,Y,Molly L.
COM001320,DC100551,16-09-2025,SMS,,Left Voicemail,Y,Lawrence C.
COM001321,DC100551,2026-04-19,Outbound Call,13.3,Disputed Debt,Y,Tracy S.
COM001322,DC100551,2026-04-11,SMS,,Left Voicemail,Y,Mohamed M.
COM001323,DC100551,2025-08-12,Call,20.8,Requested Callback,Y,Iain M.
COM001324,DC100551,2026-04-15,Outbound Call,6.6,No Answer,Y,Mohammad E.
COM001325,DC100551,2026-07-08,Call,11.4,Customer Confirmed Vulnerability,Y,Liam J.
COM001326,DC100551,2026-03-07,Email,,Wrong Number,Y,Stewart B.
COM001327,DC100552,2026-04-26,Call,21.9,DSAR Request Logged,Unknown,Mandy W.
COM001328,DC100553,2026-03-19,Call,7.6,No Answer,Y,Norman L.
COM001329,DC100553,2026-09-13,Call,17.2,No Answer,Y,Garry W.
COM001330,DC100554,2025-08-13,SMS,,Requested Callback,Y,Eric A.
COM001331,DC100554,14/03/2026,SMS,,Wrong Number,N,Mathew S.
COM001332,DC100555,2025-02-07,Letter,,Left Voicemail,Y,Kerry C.
COM001333,DC100555,2025-11-13,Outbound Call,2.4,Payment Arranged,Y,Sylvia H.
COM001334,DC100555,11/12/2025,Call,19.9,Wrong Number,Y,Ronald L.
COM001335,DC100555,25/09/2024,Outbound Call,17.2,Left Voicemail,Y,Anthony W.
COM001336,DC100556,2026-06-06,Email,,Complaint Raised,Y,Scott B.
COM001337,DC100556,19/04/2025,Email,,Requested Callback,N,Lesley W.
COM001338,DC100556,31/10/2025,Inbound Call,10.0,,Y,Charlie S.
COM001339,DC100556,19-01-2026,Call,19.0,No Answer,Y,Aimee W.
COM001340,DC100558,10/08/2026,Letter,,No Answer,N,Carole T.
COM001341,DC100558,2026-05-24,Letter,,Requested Callback,Y,Mathew S.
COM001342,DC100558,12/08/2026,Email,,No Answer,Y,Charles W.
COM001343,DC100559,2023-11-22,Inbound Call,0.7,No Answer,Y,Alexandra W.
COM001344,DC100559,2024-12-18,outbound call,18.6,Payment Arranged,Y,Benjamin M.
COM001345,DC100559,02/03/2025,Call,15.9,Left Voicemail,Y,Geoffrey T.
COM001346,DC100559,2025-04-13,Letter,,,Y,Samuel J.
COM001347,DC100559,2025-02-13,Letter,,Requested Callback,Y,Josh S.
COM001348,DC100559,2025-01-29,Outbound Call,19.3,No Answer,N,Maureen G.
COM001349,DC100559,25-07-2024,Email,,No Answer,Y,Mitchell Y.
COM001350,DC100559,17-10-2024,Letter,,Wrong Number,Y,Amy M.
COM001351,DC100559,05-05-2025,Call,0.9,Payment Arranged,Unknown,Megan R.
COM001352,DC100559,04/25/2024,Inbound Call,14.9,Requested Callback,Y,Wayne T.
COM001353,DC100560,2025-08-09,outbound call,12.8,,Y,Duncan B.
COM001354,DC100560,2024-09-22,Inbound Call,20.7,,Y,Josh W.
COM001355,DC100560,2024-03-22,SMS,,Call Dropped,Y,Ann B.
COM001356,DC100560,2024-07-22,Outbound Call,22.0,Requested Callback,Y,Margaret M.
COM001357,DC100560,2024-09-16,Inbound Call,18.5,Payment Arranged,Y,Sean W.
COM001358,DC100561,2025-01-25,outbound call,16.7,,Y,Alexander W.
COM001359,DC100561,06/16/2024,Letter,,Payment Arranged,Y,Patrick B.
COM001360,DC100562,2026-06-04,SMS,,Requested Callback,Unknown,Kenneth K.
COM001361,DC100563,2024-04-01,Inbound Call,12.7,Wrong Number,Y,Bethany R.
COM001362,DC100563,2024-05-16,outbound call,4.7,,Y,Lisa T.
COM001363,DC100564,2026-01-18,outbound call,18.8,Payment Arranged,Y,Marilyn G.
COM001364,DC100564,2026-09-12,outbound call,19.4,No Answer,Y,Mohamed J.
COM001365,DC100565,27-07-2026,Inbound Call,1.9,,N,Megan R.
COM001366,DC100565,2025-08-22,Letter,,Requested Callback,Y,Suzanne S.
COM001367,DC100565,2025-09-07,Call,4.3,No Answer,Y,Jason P.
COM001368,DC100565,22-08-2025,Inbound Call,5.9,Disputed Debt,Y,Kathryn L.
COM001369,DC100566,2024-07-12,Outbound Call,18.1,No Answer,Y,Diana E.
COM001370,DC100566,2025-02-25,Outbound Call,12.8,Requested Callback,Y,Joel B.
COM001371,DC100566,17-05-2024,Call,10.8,No Answer,Y,Bethan M.
COM001372,DC100566,29/09/2024,outbound call,20.8,No Answer,Y,Charlotte Q.
COM001373,DC100567,26/04/2025,Inbound Call,6.3,Left Voicemail,Y,Joanna W.
COM001374,DC100567,11/19/2024,Outbound Call,17.0,Call Dropped,Y,Anthony Y.
COM001375,DC100567,2025-04-22,outbound call,5.6,Left Voicemail,Y,Bryan B.
COM001376,DC100567,2024-02-06,outbound call,20.6,DSAR Request Logged,Y,Karl N.
COM001377,DC100567,2025-02-08,outbound call,14.1,Customer Confirmed Vulnerability,Y,Charles B.
COM001378,DC100568,2026-02-20,SMS,,Payment Arranged,Y,Joshua T.
COM001379,DC100569,2025-10-11,outbound call,11.4,Left Voicemail,Y,Clare H.
COM001380,DC100569,20/11/2024,Email,,Left Voicemail,Y,Arthur R.
COM001381,DC100569,2024-07-22,outbound call,10.5,DSAR Request Logged,Y,Abbie D.
COM001382,DC100569,20/11/2025,Inbound Call,14.6,Complaint Raised,Y,Josh B.
COM001383,DC100569,08-05-2025,outbound call,0.5,Requested Callback,Unknown,Barbara E.
COM001384,DC100569,2024-04-26,Outbound Call,14.4,No Answer,Y,Elizabeth P.
COM001385,DC100569,2024-09-26,outbound call,7.7,Payment Arranged,Unknown,Hazel D.
COM001386,DC100570,10/03/2026,Outbound Call,0.7,Wrong Number,Y,Sheila H.
COM001387,DC100570,10/01/2025,Email,,,Y,Ryan F.
COM001388,DC100571,2026-08-06,outbound call,12.1,Requested Callback,Y,Naomi S.
COM001389,DC100571,2026-05-16,Inbound Call,3.5,Requested Callback,N,Lindsey B.
COM001390,DC100572,2026-09-13,Outbound Call,5.0,Customer Confirmed Vulnerability,Unknown,Leonard P.
COM001391,DC100573,23/03/2026,SMS,,Left Voicemail,Y,Adam G.
COM001392,DC100573,01/05/2026,Inbound Call,3.6,No Answer,Y,Hilary A.
COM001393,DC100573,2025-12-30,Outbound Call,2.9,Call Dropped,Y,Cheryl P.
COM001394,DC100574,2026-01-14,Outbound Call,3.5,Payment Arranged,Y,Mitchell C.
COM001395,DC100574,2025-09-01,outbound call,16.2,Requested Callback,Y,Marcus B.
COM001396,DC100574,18/11/2025,SMS,,,Y,Ian A.
COM001397,DC100574,2025-04-10,SMS,,Requested Callback,Unknown,Stanley H.
COM001398,DC100574,2026-03-08,Inbound Call,14.6,No Answer,Y,Julian W.
COM001399,DC100574,25/07/2025,Letter,,No Answer,Y,Claire M.
COM001400,DC100574,2026-05-07,Outbound Call,3.6,No Answer,Y,Ben M.
COM001401,DC100574,24/06/2026,outbound call,6.4,Requested Callback,Y,Yvonne J.
COM001402,DC100574,2025-09-02,Letter,,Refused to Pay,Y,Leonard O.
COM001403,DC100574,07/09/2025,outbound call,17.3,DSAR Request Logged,Y,Declan F.
COM001404,DC100575,2026-06-25,Inbound Call,16.1,Left Voicemail,Y,Sam R.
COM001405,DC100576,2025-03-24,Letter,,Refused to Pay,Y,Carl J.
COM001406,DC100577,08/28/2025,Inbound Call,16.0,Left Voicemail,Y,Barry B.
COM001407,DC100578,2025-08-28,Inbound Call,5.9,Requested Callback,Y,Marion C.
COM001408,DC100578,2025-05-05,Email,,Left Voicemail,Y,Robin M.
COM001409,DC100578,2025-09-09,Inbound Call,13.5,No Answer,Unknown,Mark W.
COM001410,DC100578,25/05/2025,Letter,,Disputed Debt,N,Gerald C.
COM001411,DC100578,29/06/2025,Inbound Call,18.5,Refused to Pay,Y,Michelle J.
COM001412,DC100578,03/14/2026,Email,,Left Voicemail,Y,Joseph H.
COM001413,DC100578,2025-11-24,Inbound Call,19.8,Left Voicemail,Y,Adrian D.
COM001414,DC100578,12/04/2025,Call,18.8,Requested Callback,Y,Anne G.
COM001415,DC100578,04/28/2025,outbound call,2.1,Refused to Pay,Unknown,Julie B.
COM001416,DC100578,2024-10-22,SMS,,Customer Confirmed Vulnerability,N,Mark W.
COM001417,DC100579,2026-07-29,Letter,,Payment Arranged,Y,Lesley J.
COM001418,DC100579,2026-04-30,SMS,,No Answer,Unknown,Denis M.
COM001419,DC100579,11/05/2025,Email,,No Answer,Y,Guy S.
COM001420,DC100581,2025-04-26,SMS,,No Answer,Y,Jemma M.
COM001421,DC100581,2024-07-15,Letter,,Left Voicemail,Y,William F.
COM001422,DC100581,2024-10-26,Inbound Call,1.0,Refused to Pay,Y,Kyle W.
COM001423,DC100582,2026-08-09,Email,,Disputed Debt,Y,Suzanne M.
COM001424,DC100582,2026-04-11,Call,15.5,Disputed Debt,Y,Holly T.
COM001425,DC100583,22/08/2024,Call,14.4,Payment Arranged,Y,Mathew E.
COM001426,DC100584,08-07-2026,Outbound Call,18.0,Refused to Pay,Y,Wayne P.
COM001427,DC100585,2026-03-18,Outbound Call,13.8,DSAR Request Logged,Y,Clare T.
COM001428,DC100585,2025-12-02,SMS,,Requested Callback,Y,Kimberley B.
COM001429,DC100585,05/02/2026,Call,21.8,Payment Arranged,Y,Andrew G.
COM001430,DC100585,24/05/2026,Outbound Call,11.0,Wrong Number,Y,Ben A.
COM001431,DC100586,2026-01-18,Inbound Call,15.5,No Answer,N,Wayne H.
COM001432,DC100586,2025-11-20,Call,20.6,,Y,Karen H.
COM001433,DC100586,2026-01-24,Email,,No Answer,Y,Amy B.
COM001434,DC100589,2025-03-06,SMS,,No Answer,N,Timothy L.
COM001435,DC100589,16-02-2026,outbound call,0.7,Refused to Pay,Y,Alice G.
COM001436,DC100589,2025-04-08,Inbound Call,19.5,Requested Callback,N,Hollie H.
COM001437,DC100589,22-03-2025,Outbound Call,19.0,Disputed Debt,Y,Elliot C.
COM001438,DC100589,17-01-2026,SMS,,Left Voicemail,N,Brenda F.
COM001439,DC100591,2026-09-04,Call,6.1,No Answer,Unknown,Arthur P.
COM001440,DC100591,08/05/2026,Outbound Call,21.4,Payment Arranged,Y,Rebecca D.
COM001441,DC100591,2026-06-21,Inbound Call,17.1,Customer Confirmed Vulnerability,Y,Julian W.
COM001442,DC100592,2026-07-21,Inbound Call,7.3,Left Voicemail,Y,Carl P.
COM001443,DC100592,10/07/2026,Email,,No Answer,Y,Pauline J.
COM001444,DC100593,2024-11-21,Outbound Call,18.2,Complaint Raised,N,Philip G.
COM001445,DC100593,2024-11-20,Call,18.8,No Answer,Y,Elliott A.
COM001446,DC100593,2026-02-12,outbound call,10.2,No Answer,Y,Fiona G.
COM001447,DC100594,2025-05-12,Call,2.0,Left Voicemail,Y,Lisa R.
COM001448,DC100594,2026-03-05,Letter,,Refused to Pay,Y,Lawrence E.
COM001449,DC100596,2026-06-29,Outbound Call,4.5,Requested Callback,Y,Sean M.
COM001450,DC100596,2026-01-16,Letter,,Payment Arranged,N,Danielle S.
COM001451,DC100596,14/05/2026,outbound call,2.6,No Answer,Y,Roy P.
COM001452,DC100597,2026-02-26,Letter,,,Y,Martin J.
COM001453,DC100598,2025-07-14,Call,21.8,Left Voicemail,Y,Graham H.
COM001454,DC100598,14-07-2024,Email,,Customer Confirmed Vulnerability,Y,Anthony B.
COM001455,DC100598,2025-01-20,SMS,,Left Voicemail,Y,Clare M.
COM001456,DC100598,2024-12-14,Email,,Disputed Debt,N,Luke S.
COM001457,DC100598,2024-02-22,Call,21.9,Disputed Debt,Unknown,Denis R.
COM001458,DC100599,2026-06-06,Call,0.7,No Answer,Y,Jayne P.
COM001459,DC100599,2025-12-14,SMS,,No Answer,Y,Liam P.
COM001460,DC100600,01/07/2024,Call,8.2,,Y,Danielle H.
COM001461,DC100600,2025-04-18,Call,8.5,Disputed Debt,Y,Alan R.
COM001462,DC100602,28/02/2026,Letter,,No Answer,Y,Jay W.
COM001463,DC100602,2026-02-05,Email,,No Answer,Y,Jasmine R.
COM001464,DC100602,2025-12-31,SMS,,DSAR Request Logged,Y,Annette E.
COM001465,DC100603,2026-07-20,Call,13.2,Complaint Raised,Y,Jamie H.
COM001466,DC100603,24/03/2026,Email,,No Answer,N,Kyle J.
COM001467,DC100603,2025-12-27,SMS,,Wrong Number,Y,Valerie H.
COM001468,DC100603,2025-09-03,Call,1.6,Customer Confirmed Vulnerability,Y,Conor S.
COM001469,DC100604,01/02/2026,Email,,Left Voicemail,Unknown,Justin O.
COM001470,DC100604,2025-08-26,Call,18.9,No Answer,Y,Rebecca B.
COM001471,DC100604,2026-01-11,Outbound Call,8.5,,Y,Kieran C.
COM001472,DC100605,2024-11-07,Inbound Call,5.2,Payment Arranged,N,Nicola D.
COM001473,DC100605,2026-04-05,Email,,Payment Arranged,Y,Lydia B.
COM001474,DC100605,17-09-2025,Email,,,Y,Marie S.
COM001475,DC100605,22-04-2026,Outbound Call,21.1,Requested Callback,Y,Margaret B.
COM001476,DC100605,14/12/2024,outbound call,12.5,Disputed Debt,N,Alex W.
COM001477,DC100605,2025-06-02,Letter,,No Answer,Y,David M.
COM001478,DC100605,18/12/2024,Outbound Call,6.3,Complaint Raised,Unknown,Dominic H.
COM001479,DC100606,2025-07-02,Email,,Left Voicemail,Y,Josh W.
COM001480,DC100606,30-11-2025,Email,,Customer Confirmed Vulnerability,Y,Jack R.
COM001481,DC100606,2024-11-12,Call,11.9,Payment Arranged,Y,Maureen M.
COM001482,DC100606,16/07/2025,outbound call,14.1,Requested Callback,Y,June J.
COM001483,DC100607,2025-11-18,Email,,No Answer,Y,Mathew H.
COM001484,DC100607,23-05-2025,Outbound Call,1.3,Left Voicemail,Y,Mohammed B.
COM001485,DC100608,2025-03-16,Email,,Disputed Debt,Y,Jill P.
COM001486,DC100608,09/09/2025,outbound call,17.2,Payment Arranged,Y,Kathleen R.
COM001487,DC100609,27/04/2025,Email,,Left Voicemail,N,Terry B.
COM001488,DC100609,21-01-2024,Inbound Call,6.4,Wrong Number,Y,Jill P.
COM001489,DC100609,2024-07-31,Call,18.4,Left Voicemail,Y,Douglas J.
COM001490,DC100610,2026-08-29,Letter,,Customer Confirmed Vulnerability,Y,Patricia P.
COM001491,DC100611,2025-10-22,outbound call,4.9,Disputed Debt,Y,Sam M.
COM001492,DC100611,2026-03-14,Outbound Call,4.7,Wrong Number,Y,June C.
COM001493,DC100612,2025-05-21,Email,,Left Voicemail,Y,Max G.
COM001494,DC100612,2026-03-17,Call,4.6,Refused to Pay,Y,Jean J.
COM001495,DC100612,2025-03-27,Email,,Requested Callback,Y,Ronald W.
COM001496,DC100612,2026-01-26,Letter,,No Answer,Y,Sarah S.
COM001497,DC100612,19-11-2025,outbound call,21.8,,Y,Andrew F.
COM001498,DC100612,2025-06-24,Outbound Call,15.7,No Answer,Y,Tracey S.
COM001499,DC100612,2026-04-26,SMS,,No Answer,Y,Jake S.
COM001500,DC100614,19/02/2025,Inbound Call,9.5,Refused to Pay,Y,Laura A.
COM001501,DC100614,2024-10-03,Email,,Left Voicemail,Y,Charles H.
COM001502,DC100614,2024-11-17,Outbound Call,5.7,Left Voicemail,Y,Mitchell H.
COM001503,DC100615,2026-01-29,Outbound Call,6.1,Refused to Pay,Y,Victoria L.
COM001504,DC100616,07-07-2024,SMS,,No Answer,Y,Elliott S.
COM001505,DC100616,2025-05-16,Inbound Call,5.9,Payment Arranged,Y,Rosie H.
COM001506,DC100616,28/05/2024,outbound call,19.7,Left Voicemail,Y,Joanne B.
COM001507,DC100616,2024-06-28,SMS,,Payment Arranged,Y,Duncan H.
COM001508,DC100616,2025-02-20,Call,2.6,No Answer,Y,Carl B.
COM001509,DC100616,2024-12-07,Email,,,Y,Kyle M.
COM001510,DC100616,2024-12-30,Outbound Call,10.7,Payment Arranged,Y,Bryan A.
COM001511,DC100617,2026-07-10,outbound call,4.8,Refused to Pay,Y,Luke W.
COM001512,DC100617,2026-09-11,Outbound Call,11.0,Refused to Pay,Y,Keith G.
COM001513,DC100619,2026-03-24,SMS,,Left Voicemail,Y,Leah K.
COM001514,DC100619,10/25/2025,Email,,Left Voicemail,Y,Declan G.
COM001515,DC100619,29/04/2026,Email,,Requested Callback,Y,Dennis W.
COM001516,DC100620,2025-01-17,Letter,,Left Voicemail,Y,Shannon C.
COM001517,DC100620,2025-03-29,Letter,,No Answer,Y,Simon T.
COM001518,DC100620,01/12/2024,outbound call,18.2,DSAR Request Logged,Y,Marion W.
COM001519,DC100622,2026-07-19,SMS,,Payment Arranged,Y,Charles C.
COM001520,DC100623,07/08/2025,SMS,,Payment Arranged,Y,Edward B.
COM001521,DC100623,2025-09-22,Letter,,No Answer,Y,Neil G.
COM001522,DC100625,12/31/2024,Inbound Call,3.5,Wrong Number,Y,Bryan L.
COM001523,DC100627,2025-03-30,Letter,,Complaint Raised,Y,Christine P.
COM001524,DC100629,2026-03-27,Letter,,No Answer,Y,Paula K.
COM001525,DC100629,23/03/2026,Call,9.5,No Answer,N,Joanne J.
COM001526,DC100629,01/13/2026,Letter,,No Answer,Y,John W.
COM001527,DC100629,2026-04-09,Call,21.1,No Answer,Y,Carole G.
COM001528,DC100629,28/02/2026,Call,4.7,Disputed Debt,Y,Toby S.
COM001529,DC100629,2026-07-10,SMS,,No Answer,Y,Shannon H.
COM001530,DC100629,24/06/2025,outbound call,12.6,No Answer,Y,Dylan S.
COM001531,DC100630,09/12/2025,outbound call,6.1,Payment Arranged,Y,Ellie S.
COM001532,DC100631,2026-03-26,Letter,,Refused to Pay,Y,Edward P.
COM001533,DC100632,2025-04-28,outbound call,3.9,,Y,Jean W.
COM001534,DC100632,2025-09-02,Email,,No Answer,Y,Judith J.
COM001535,DC100633,2026-08-29,Inbound Call,6.1,No Answer,Y,Maria M.
COM001536,DC100633,2026-09-03,Letter,,Customer Confirmed Vulnerability,Y,Charlotte T.
COM001537,DC100634,2024-12-23,SMS,,No Answer,N,Tracey M.
COM001538,DC100634,2025-06-11,Inbound Call,13.9,Refused to Pay,Y,Terence W.
COM001539,DC100634,04/06/2025,Outbound Call,18.7,No Answer,Y,Callum L.
COM001540,DC100635,2026-07-29,Email,,No Answer,Y,Nathan M.
COM001541,DC100635,12/08/2026,Call,5.0,Left Voicemail,Y,Amanda L.
COM001542,DC100636,10/06/2024,Inbound Call,16.8,Payment Arranged,Y,Alex A.
COM001543,DC100637,2025-03-14,outbound call,17.4,Requested Callback,Y,Philip T.
COM001544,DC100637,16/01/2026,Inbound Call,7.7,Complaint Raised,Y,Ben T.
COM001545,DC100638,2026-07-18,SMS,,Left Voicemail,Y,Nathan W.
COM001546,DC100638,2026-06-19,Letter,,,Y,Danielle C.
COM001547,DC100638,2025-09-11,SMS,,DSAR Request Logged,Y,Kirsty C.
COM001548,DC100638,23-10-2025,SMS,,Wrong Number,Y,Beth T.
COM001549,DC100639,2024-12-19,Outbound Call,15.1,Left Voicemail,Y,Jayne W.
COM001550,DC100639,2024-01-15,Call,12.0,Left Voicemail,Y,Jane F.
COM001551,DC100639,2024-05-28,outbound call,2.7,Payment Arranged,Y,Marilyn S.
COM001552,DC100639,22-02-2025,Outbound Call,1.5,No Answer,Y,Ricky A.
COM001553,DC100639,2024-07-30,Call,4.4,No Answer,Y,Kerry G.
COM001554,DC100639,2025-08-12,SMS,,,Y,Shaun L.
COM001555,DC100639,2025-02-24,Letter,,Left Voicemail,Y,Joe G.
COM001556,DC100639,12/22/2024,SMS,,No Answer,Unknown,Georgina B.
COM001557,DC100639,16/02/2025,Call,3.4,Payment Arranged,Y,Gerald G.
COM001558,DC100639,2024-04-19,SMS,,Payment Arranged,Y,Mary B.
COM001559,DC100640,22/12/2025,SMS,,Payment Arranged,Y,Leslie C.
COM001560,DC100641,2025-04-14,Letter,,Left Voicemail,Y,Damien H.
COM001561,DC100641,14/02/2024,outbound call,8.1,No Answer,Y,Shaun P.
COM001562,DC100641,2025-01-31,Letter,,Payment Arranged,Y,Gordon D.
COM001563,DC100641,2025-01-01,Inbound Call,17.6,Payment Arranged,Y,Roy W.
COM001564,DC100641,2024-06-25,Inbound Call,18.2,Wrong Number,Y,Paul S.
COM001565,DC100643,2026-04-25,Letter,,Left Voicemail,Y,Mathew S.
COM001566,DC100643,2026-05-13,SMS,,Payment Arranged,Y,Melanie S.
COM001567,DC100644,2026-07-20,outbound call,14.0,Requested Callback,Y,David H.
COM001568,DC100644,2025-12-05,SMS,,Left Voicemail,Y,Andrea C.
COM001569,DC100644,2025-12-23,Outbound Call,16.8,Customer Confirmed Vulnerability,Y,Helen G.
COM001570,DC100644,2025-07-18,Letter,,Requested Callback,Y,Amber T.
COM001571,DC100646,2026-07-26,outbound call,2.8,Left Voicemail,Y,Benjamin H.
COM001572,DC100647,2026-03-04,SMS,,Disputed Debt,Unknown,Amelia W.
COM001573,DC100647,2025-02-11,Letter,,Wrong Number,Y,Clare D.
COM001574,DC100650,2025-05-07,Inbound Call,20.3,Call Dropped,Y,Suzanne T.
COM001575,DC100650,2024-09-13,Email,,No Answer,Y,Russell W.
COM001576,DC100650,2025-05-13,Email,,,Y,Donna J.
COM001577,DC100651,2025-11-16,Call,16.5,Left Voicemail,Y,Dennis S.
COM001578,DC100651,2025-04-18,Outbound Call,14.9,No Answer,N,Pamela M.
COM001579,DC100651,2025-01-29,SMS,,Wrong Number,Y,Jake L.
COM001580,DC100651,21/12/2025,outbound call,17.5,Disputed Debt,Y,Heather C.
COM001581,DC100651,2025-10-18,SMS,,Left Voicemail,Y,Julia R.
COM001582,DC100651,2025-06-01,outbound call,14.7,No Answer,Y,Sophie W.
COM001583,DC100651,01/02/2026,Outbound Call,14.0,Left Voicemail,Y,Sandra W.
COM001584,DC100652,2026-04-02,Letter,,No Answer,Y,Stewart A.
COM001585,DC100652,2025-07-22,SMS,,Call Dropped,Y,Raymond S.
COM001586,DC100652,2025-10-05,Call,16.4,Payment Arranged,Y,Keith B.
COM001587,DC100653,10/13/2025,Email,,No Answer,Y,Charles L.
COM001588,DC100653,2025-12-16,Letter,,No Answer,Y,Eric E.
COM001589,DC100653,12/24/2025,SMS,,No Answer,Y,Carl G.
COM001590,DC100653,2026-06-22,Outbound Call,1.8,Payment Arranged,Y,Sheila B.
COM001591,DC100653,02/05/2026,outbound call,14.0,Payment Arranged,Unknown,Francis S.
COM001592,DC100654,2025-06-05,SMS,,No Answer,Y,Grace B.
COM001593,DC100654,11/02/2025,Email,,No Answer,Y,Philip H.
COM001594,DC100654,2025-11-16,outbound call,6.6,DSAR Request Logged,N,Victor W.
COM001595,DC100654,2025-05-19,Outbound Call,3.2,Complaint Raised,Unknown,Beth B.
COM001596,DC100654,2025-07-15,SMS,,Wrong Number,Y,Hayley H.
COM001597,DC100654,05/12/2024,Letter,,Wrong Number,Y,Neil H.
COM001598,DC100654,21/05/2025,Letter,,Customer Confirmed Vulnerability,Y,Mary D.
COM001599,DC100655,2026-04-30,Outbound Call,12.3,Left Voicemail,Y,Kimberley T.
COM001600,DC100655,2026-09-10,Call,8.8,,Y,Heather S.
COM001601,DC100655,12/04/2026,Call,1.3,Requested Callback,Y,Shannon B.
COM001602,DC100657,2026-02-18,Letter,,Left Voicemail,N,Louis W.
COM001603,DC100657,2026-05-17,Call,7.3,Complaint Raised,Y,Brenda C.
COM001604,DC100657,09/09/2026,Inbound Call,1.7,No Answer,Y,Lynda W.
COM001605,DC100658,2026-04-24,Letter,,Left Voicemail,Y,Kelly B.
COM001606,DC100659,29-05-2026,Email,,Requested Callback,Y,Jay M.
COM001607,DC100659,2026-04-02,Call,10.5,Disputed Debt,Y,Samantha J.
COM001608,DC100659,2026-01-25,SMS,,Payment Arranged,Y,Eleanor G.
COM001609,DC100659,2026-04-08,SMS,,,Y,Joanna M.
COM001610,DC100659,05-07-2026,Email,,Requested Callback,Y,Bruce B.
COM001611,DC100659,2026-05-29,Outbound Call,8.2,Call Dropped,Y,Antony H.
COM001612,DC100659,24/07/2026,Letter,,Requested Callback,Y,Andrew S.
COM001613,DC100660,2026-09-03,Outbound Call,19.5,Disputed Debt,N,Derek H.
COM001614,DC100661,25/05/2025,outbound call,20.8,,Y,Bethan W.
COM001615,DC100661,11/01/2025,SMS,,Complaint Raised,Y,Tracey W.
COM001616,DC100661,2025-11-18,Email,,Left Voicemail,Y,Ronald T.
COM001617,DC100662,20-04-2025,SMS,,No Answer,Y,Neil K.
COM001618,DC100662,2025-04-08,Letter,,Requested Callback,Y,Lucy M.
COM001619,DC100662,30/08/2025,outbound call,7.1,No Answer,Y,Amber O.
COM001620,DC100662,2026-01-02,Call,5.1,Refused to Pay,Y,Anna B.
COM001621,DC100662,2025-09-30,Email,,Left Voicemail,Unknown,Ben W.
COM001622,DC100662,16/05/2025,SMS,,No Answer,Y,Francis F.
COM001623,DC100662,2025-11-02,SMS,,No Answer,Y,Vanessa W.
COM001624,DC100663,2025-10-16,SMS,,Payment Arranged,Y,Louise H.
COM001625,DC100664,2026-05-01,Email,,DSAR Request Logged,Y,Rosemary T.
COM001626,DC100664,09/15/2026,Email,,Customer Confirmed Vulnerability,Y,Daniel W.
COM001627,DC100665,2026-04-04,Outbound Call,15.0,DSAR Request Logged,Unknown,Gareth M.
COM001628,DC100665,2026-08-30,Inbound Call,9.4,Complaint Raised,Y,Victoria D.
COM001629,DC100665,2025-12-23,outbound call,20.1,No Answer,Unknown,Leon C.
COM001630,DC100666,17/10/2025,Inbound Call,9.5,Disputed Debt,Y,Marian F.
COM001631,DC100666,2026-03-18,Email,,Customer Confirmed Vulnerability,Y,Daniel M.
COM001632,DC100666,2025-07-08,Email,,Refused to Pay,Y,Andrea G.
COM001633,DC100666,2025-03-31,outbound call,5.2,Payment Arranged,Y,Clare P.
COM001634,DC100667,2026-01-30,Call,10.2,No Answer,Unknown,Conor M.
COM001635,DC100667,2026-01-15,Letter,,Left Voicemail,N,Joyce R.
COM001636,DC100668,25/08/2025,Call,3.1,Left Voicemail,Y,Carol W.
COM001637,DC100668,24/09/2025,Email,,Requested Callback,Y,Natasha O.
COM001638,DC100669,2026-05-30,outbound call,1.1,No Answer,N,Leanne B.
COM001639,DC100669,2025-12-08,Letter,,Left Voicemail,Y,Nathan A.
COM001640,DC100669,10-05-2026,Call,0.7,No Answer,Y,Norman B.
COM001641,DC100670,02-02-2026,Letter,,No Answer,Y,Harriet W.
COM001642,DC100670,2026-01-01,Email,,Left Voicemail,Y,Tracey H.
COM001643,DC100670,2025-12-30,Call,9.6,DSAR Request Logged,Y,Paula M.
COM001644,DC100670,09/05/2025,SMS,,Requested Callback,Y,Kenneth T.
COM001645,DC100671,2024-10-09,Outbound Call,3.5,No Answer,Y,Fiona A.
COM001646,DC100671,12/18/2024,Inbound Call,13.9,DSAR Request Logged,Y,Arthur H.
COM001647,DC100671,02/07/2025,outbound call,2.6,DSAR Request Logged,Y,Mark J.
COM001648,DC100671,2025-01-02,Outbound Call,3.7,Left Voicemail,Y,Mohammed A.
COM001649,DC100671,2025-08-13,outbound call,5.3,Left Voicemail,Y,Katherine F.
COM001650,DC100672,28/07/2026,outbound call,5.7,No Answer,Y,Toby A.
COM001651,DC100673,2025-05-19,Call,18.2,Payment Arranged,Y,Ryan O.
COM001652,DC100673,2025-08-11,Email,,Disputed Debt,Y,Bradley H.
COM001653,DC100673,03/07/2024,Inbound Call,14.1,Disputed Debt,Y,Simon F.
COM001654,DC100673,2025-02-20,Call,18.7,DSAR Request Logged,Y,Gregory F.
COM001655,DC100675,22-01-2025,SMS,,No Answer,Y,Paige G.
COM001656,DC100675,2023-11-02,Email,,Left Voicemail,Y,Eleanor L.
COM001657,DC100676,2025-08-08,Call,14.0,Left Voicemail,Y,Stuart M.
COM001658,DC100676,2025-02-28,Outbound Call,13.2,No Answer,Y,David H.
COM001659,DC100676,11-10-2024,Letter,,Payment Arranged,Y,Sheila A.
COM001660,DC100676,2025-02-06,SMS,,Call Dropped,Y,Karl G.
COM001661,DC100676,2024-12-23,outbound call,9.9,,N,Luke S.
COM001662,DC100678,2026-02-06,Email,,Requested Callback,Unknown,Lynn S.
COM001663,DC100678,31-03-2026,Call,5.6,Payment Arranged,Y,Marilyn P.
COM001664,DC100679,13/12/2024,Letter,,Left Voicemail,Y,Kenneth F.
COM001665,DC100679,10/12/2025,SMS,,,Y,Elizabeth R.
COM001666,DC100679,2024-10-18,Call,2.4,Requested Callback,Y,Frank B.
COM001667,DC100679,2025-08-18,Call,18.4,No Answer,Y,Katie P.
COM001668,DC100679,30/05/2025,Call,19.7,No Answer,Y,James P.
COM001669,DC100680,18/08/2024,Inbound Call,21.5,Left Voicemail,Y,Josephine W.
COM001670,DC100681,2025-01-27,Outbound Call,9.3,Payment Arranged,Y,Josephine A.
COM001671,DC100681,18/10/2025,Letter,,Payment Arranged,Y,Jenna G.
COM001672,DC100681,2026-05-10,Inbound Call,2.3,Left Voicemail,Y,Jodie E.
COM001673,DC100681,2026-04-23,Outbound Call,3.1,,Y,Dennis B.
COM001674,DC100683,18/04/2025,Inbound Call,13.8,Wrong Number,Y,Iain G.
COM001675,DC100685,26-08-2025,SMS,,Left Voicemail,N,Jennifer R.
COM001676,DC100686,2025-12-30,Call,8.4,No Answer,Y,Billy W.
COM001677,DC100686,2025-10-22,Outbound Call,1.5,Payment Arranged,Y,Shirley B.
COM001678,DC100686,2026-05-11,SMS,,Customer Confirmed Vulnerability,Y,Catherine J.
COM001679,DC100686,2026-02-11,Letter,,Refused to Pay,Y,Jack L.
COM001680,DC100686,2025-10-17,Letter,,No Answer,Y,Melanie J.
COM001681,DC100687,2025-02-26,Email,,Left Voicemail,Y,Carly R.
COM001682,DC100687,2026-03-13,Outbound Call,13.0,Disputed Debt,N,Robert C.
COM001683,DC100688,05/09/2026,Call,17.1,Left Voicemail,Unknown,Rachel P.
COM001684,DC100688,2026-02-14,Call,18.6,Refused to Pay,Y,Charlene L.
COM001685,DC100689,2025-08-21,outbound call,21.5,No Answer,Y,Bryan S.
COM001686,DC100689,2025-02-09,Email,,Payment Arranged,Y,Howard C.
COM001687,DC100689,2024-06-24,Inbound Call,4.0,,Y,Marilyn S.
COM001688,DC100689,2024-08-12,outbound call,11.5,Payment Arranged,N,Lisa J.
COM001689,DC100691,2026-07-25,SMS,,Requested Callback,Y,Yvonne P.
COM001690,DC100692,2025-10-22,Letter,,Disputed Debt,Unknown,Karen O.
COM001691,DC100693,10/07/2026,Outbound Call,9.5,Refused to Pay,Y,Gemma S.
COM001692,DC100695,2025-01-29,Outbound Call,4.8,Wrong Number,Y,Leigh T.
COM001693,DC100695,2025-02-24,Call,10.7,Disputed Debt,N,Amanda C.
COM001694,DC100696,30-03-2025,Letter,,Requested Callback,Y,Diane R.
COM001695,DC100696,08/17/2025,outbound call,17.6,Call Dropped,Unknown,Jeffrey S.
COM001696,DC100697,2024-08-07,Letter,,Payment Arranged,Y,Tina B.
COM001697,DC100697,2024-06-11,Letter,,No Answer,Y,Damian S.
COM001698,DC100697,2024-08-21,Inbound Call,6.0,Requested Callback,Y,Heather M.
COM001699,DC100698,2025-06-12,Email,,Requested Callback,Y,Robert S.
COM001700,DC100698,07/03/2026,Email,,Complaint Raised,Y,Mohammad J.
COM001701,DC100700,04/07/2025,Email,,No Answer,Y,Lydia T.
COM001702,DC100700,14-02-2026,Outbound Call,15.6,Left Voicemail,Y,Christine A.
COM001703,DC100700,2025-05-18,Outbound Call,15.5,Left Voicemail,Unknown,Grace W.
COM001704,DC100700,08/05/2026,Inbound Call,3.4,Requested Callback,Y,Ronald G.
COM001705,DC100700,25/11/2025,Call,20.7,Payment Arranged,N,Dale W.
COM001706,DC100700,10/06/2025,Call,10.9,Requested Callback,N,Terry B.
COM001707,DC100700,30/07/2026,Outbound Call,17.8,Complaint Raised,Y,Jonathan M.
COM001708,DC100701,20/08/2025,Call,6.5,Call Dropped,Y,Damien L.
COM001709,DC100701,2025-08-26,Email,,Left Voicemail,Y,Mohammed H.
COM001710,DC100701,14-11-2024,Outbound Call,3.5,Complaint Raised,Y,Jodie G.
COM001711,DC100701,08/01/2026,outbound call,15.4,Customer Confirmed Vulnerability,Y,Frederick B.
COM001712,DC100701,04/02/2025,Call,9.6,Disputed Debt,Y,Katy G.
COM001713,DC100701,2025-09-15,Inbound Call,19.2,Disputed Debt,Y,George B.
COM001714,DC100701,11/10/2024,SMS,,No Answer,Y,Joseph M.
COM001715,DC100701,23/03/2025,Inbound Call,18.2,Payment Arranged,Y,Megan S.
COM001716,DC100701,2025-04-13,Letter,,No Answer,Y,Ruth W.
COM001717,DC100701,2025-10-07,outbound call,15.4,Requested Callback,Unknown,Gillian H.
COM001718,DC100702,2025-09-01,Inbound Call,3.6,Payment Arranged,N,Mathew W.
COM001719,DC100702,2026-05-08,Letter,,Disputed Debt,N,Janice C.
COM001720,DC100702,2024-12-20,Outbound Call,5.2,Wrong Number,Y,Marian W.
COM001721,DC100702,2025-07-27,Outbound Call,6.5,Left Voicemail,Y,Danny E.
COM001722,DC100703,01/11/2025,SMS,,Left Voicemail,N,Victor T.
COM001723,DC100703,2026-03-31,outbound call,2.8,Complaint Raised,N,Fiona K.
COM001724,DC100703,2025-11-14,SMS,,Requested Callback,Y,Ronald D.
COM001725,DC100703,12/03/2026,Email,,No Answer,Y,Denis D.
COM001726,DC100703,2024-10-14,Letter,,Payment Arranged,Y,Terry S.
COM001727,DC100704,21/08/2025,Outbound Call,4.6,Payment Arranged,Y,Stephanie M.
COM001728,DC100704,2025-09-02,Outbound Call,4.6,Left Voicemail,N,Laura R.
COM001729,DC100704,2025-07-18,Call,8.7,Left Voicemail,N,Lucy C.
COM001730,DC100705,09/11/2025,outbound call,21.0,No Answer,Y,Lee H.
COM001731,DC100705,2024-11-20,Email,,Call Dropped,Y,Kim P.
COM001732,DC100706,2026-03-21,outbound call,15.0,Payment Arranged,Y,Colin S.
COM001733,DC100706,23/11/2024,SMS,,Complaint Raised,Y,Sandra P.
COM001734,DC100707,10/08/2026,Letter,,Requested Callback,Y,Claire D.
COM001735,DC100707,2025-06-25,SMS,,Payment Arranged,Y,Susan C.
COM001736,DC100707,02/06/2026,Outbound Call,17.5,Disputed Debt,Y,Joel W.
COM001737,DC100708,2025-05-17,SMS,,Left Voicemail,Y,Bryan C.
COM001738,DC100708,27/06/2025,Letter,,Requested Callback,Y,Bethany B.
COM001739,DC100708,2026-05-05,Email,,Left Voicemail,Y,Kimberley H.
COM001740,DC100708,01-05-2025,Outbound Call,12.8,Payment Arranged,Y,Alexandra N.
COM001741,DC100709,2025-09-15,SMS,,Complaint Raised,N,Mandy M.
COM001742,DC100709,16/07/2024,Outbound Call,18.5,Payment Arranged,Y,Brett B.
COM001743,DC100709,2025-05-07,Inbound Call,19.6,Left Voicemail,Y,Denise W.
COM001744,DC100710,2025-03-28,Outbound Call,4.3,Payment Arranged,Y,Harry H.
COM001745,DC100710,30/11/2024,Call,10.0,Payment Arranged,Y,Emily B.
COM001746,DC100710,2024-10-27,Email,,Call Dropped,Y,Brian H.
COM001747,DC100710,2025-12-19,Outbound Call,7.3,Payment Arranged,Y,Shane M.
COM001748,DC100710,2025-10-08,SMS,,Requested Callback,Y,Maria B.
COM001749,DC100710,17-07-2024,outbound call,1.4,,Y,Justin P.
COM001750,DC100710,2025-06-14,Letter,,Disputed Debt,Y,Ian L.
COM001751,DC100711,2025-05-10,Call,12.7,Call Dropped,Y,Clive C.
COM001752,DC100711,2026-08-07,Call,20.4,Requested Callback,Y,Nicole T.
COM001753,DC100711,2025-05-21,Email,,No Answer,Y,Clive J.
COM001754,DC100712,09/16/2025,outbound call,9.2,Complaint Raised,Y,John K.
COM001755,DC100712,22/03/2026,Inbound Call,21.6,No Answer,Y,Suzanne W.
COM001756,DC100712,2025-07-03,Letter,,No Answer,N,Guy R.
COM001757,DC100712,25/01/2026,SMS,,No Answer,Y,Terry C.
COM001758,DC100713,23/03/2025,SMS,,Left Voicemail,Y,Stewart H.
COM001759,DC100713,2025-09-07,Outbound Call,8.5,,Y,Irene K.
COM001760,DC100714,2025-02-09,Call,19.2,DSAR Request Logged,Y,Eric J.
COM001761,DC100714,27/07/2025,Letter,,Left Voicemail,Y,Sally P.
COM001762,DC100715,2025-04-10,SMS,,No Answer,Y,Kenneth E.
COM001763,DC100715,07/21/2026,outbound call,16.4,Disputed Debt,Y,Joyce J.
COM001764,DC100715,24-09-2025,Outbound Call,5.2,Wrong Number,Y,Iain W.
COM001765,DC100716,2025-05-16,Call,5.4,Requested Callback,N,Nicholas N.
COM001766,DC100716,09/11/2025,Email,,Left Voicemail,Y,Angela C.
COM001767,DC100716,2025-11-19,Email,,DSAR Request Logged,Y,Ben W.
COM001768,DC100716,2025-08-10,Outbound Call,6.8,,Y,Patricia F.
COM001769,DC100716,2026-05-29,Letter,,Left Voicemail,Y,Gary S.
COM001770,DC100716,13-03-2026,Email,,Payment Arranged,Unknown,Francis K.
COM001771,DC100716,21/01/2026,Call,7.8,Payment Arranged,Y,Hannah K.
COM001772,DC100716,08/12/2025,Call,2.4,Payment Arranged,Y,Rachael A.
COM001773,DC100716,2025-03-20,Email,,Left Voicemail,Y,Nicola J.
COM001774,DC100716,03/10/2025,Call,14.9,Customer Confirmed Vulnerability,Y,Sharon S.
COM001775,DC100718,2024-06-15,SMS,,No Answer,Y,Kate A.
COM001776,DC100718,2024-12-22,Inbound Call,14.0,Payment Arranged,Y,Matthew C.
COM001777,DC100718,19-03-2025,outbound call,7.0,Left Voicemail,Y,Nathan P.
COM001778,DC100719,2025-09-03,Outbound Call,11.8,No Answer,Y,Maurice J.
COM001779,DC100719,2025-12-16,Email,,Left Voicemail,Y,Melissa B.
COM001780,DC100719,11/08/2025,Call,12.1,Disputed Debt,Y,Donald L.
COM001781,DC100720,2026-07-04,outbound call,21.0,Call Dropped,Y,Maurice O.
COM001782,DC100720,2026-08-16,Email,,Left Voicemail,Y,Geraldine C.
COM001783,DC100721,2026-08-03,Inbound Call,9.2,Payment Arranged,Y,Cheryl B.
COM001784,DC100721,2026-05-06,Call,5.5,No Answer,Y,Gerard T.
COM001785,DC100721,2025-08-27,outbound call,15.8,Complaint Raised,Y,Billy B.
COM001786,DC100721,02/08/2025,Letter,,Requested Callback,Y,Katherine R.
COM001787,DC100722,21/11/2024,outbound call,18.5,Payment Arranged,Y,Vanessa R.
COM001788,DC100722,15/11/2024,Email,,No Answer,Y,Clare J.
COM001789,DC100723,02/27/2026,Email,,No Answer,Y,Chelsea W.
COM001790,DC100724,2025-04-06,Inbound Call,2.2,Disputed Debt,Unknown,Abigail M.
COM001791,DC100724,07/11/2025,SMS,,No Answer,Y,Carolyn B.
COM001792,DC100726,2024-08-20,SMS,,No Answer,Y,Maureen C.
COM001793,DC100726,2024-08-04,Inbound Call,10.5,Requested Callback,Y,Jenna B.
COM001794,DC100726,2024-04-24,Letter,,No Answer,Y,Gareth H.
COM001795,DC100727,2026-01-14,Outbound Call,21.5,Wrong Number,Unknown,Bethany E.
COM001796,DC100728,2026-03-10,SMS,,Wrong Number,Y,Cheryl B.
COM001797,DC100729,05/10/2026,Inbound Call,14.7,No Answer,Y,Ashley B.
COM001798,DC100730,21/12/2025,Email,,Disputed Debt,Unknown,Ruth J.
COM001799,DC100730,29/12/2025,SMS,,Refused to Pay,Y,Alison S.
COM001800,DC100730,23/05/2026,Letter,,Left Voicemail,Y,Bethany B.
COM001801,DC100731,12/12/2025,SMS,,Left Voicemail,Y,Kimberley H.
COM001802,DC100731,2026-01-02,Outbound Call,4.6,Call Dropped,Y,Marcus B.
COM001803,DC100731,2025-07-07,Email,,Complaint Raised,Y,Nigel P.
COM001804,DC100731,12/03/2026,Letter,,Requested Callback,Y,Russell F.
COM001805,DC100731,2024-10-02,Letter,,Payment Arranged,Unknown,Sam N.
COM001806,DC100731,2025-11-04,Inbound Call,9.7,Call Dropped,Unknown,Deborah R.
COM001807,DC100731,2026-01-31,Letter,,Call Dropped,Y,Stuart B.
COM001808,DC100731,2025-06-05,SMS,,Requested Callback,Unknown,Charlie D.
COM001809,DC100731,2025-05-10,Outbound Call,11.9,No Answer,Y,Rhys H.
COM001810,DC100731,2024-10-17,Letter,,,Y,Maurice M.
COM001811,DC100732,27/04/2026,Letter,,Left Voicemail,Y,Geoffrey R.
COM001812,DC100732,20/04/2026,Inbound Call,2.1,,Unknown,Melissa S.
COM001813,DC100734,08/12/2025,Outbound Call,18.6,Payment Arranged,Y,Shannon F.
COM001814,DC100734,2025-08-14,Inbound Call,0.5,Left Voicemail,N,Tom A.
COM001815,DC100735,2026-07-12,Letter,,No Answer,Y,Daniel R.
COM001816,DC100739,2026-07-16,Letter,,Payment Arranged,Y,Harriet B.
COM001817,DC100739,2026-01-14,Call,17.8,No Answer,Y,Stuart W.
COM001818,DC100740,2026-05-25,Call,10.1,Payment Arranged,N,Lauren S.
COM001819,DC100741,2026-05-09,Letter,,Payment Arranged,Y,Diane B.
COM001820,DC100742,2026-03-16,Call,21.1,Payment Arranged,Y,Ross W.
COM001821,DC100742,09/03/2026,Inbound Call,3.4,No Answer,Y,Karen A.
COM001822,DC100742,2026-06-04,SMS,,,Y,Sylvia W.
COM001823,DC100742,2025-11-24,outbound call,10.8,No Answer,Y,Leanne P.
COM001824,DC100742,2026-05-08,Email,,No Answer,N,Michael M.
COM001825,DC100742,16/09/2026,Email,,Complaint Raised,Y,Gillian H.
COM001826,DC100742,12/12/2025,Call,6.0,Complaint Raised,Y,James H.
COM001827,DC100743,2026-08-02,outbound call,9.9,Refused to Pay,Y,Gordon C.
COM001828,DC100743,20/09/2026,Call,21.9,Requested Callback,Y,Hannah B.
COM001829,DC100743,2026-04-06,Outbound Call,3.3,Wrong Number,Y,Adrian B.
COM001830,DC100744,2025-08-17,Inbound Call,6.5,Refused to Pay,Y,Fiona F.
COM001831,DC100744,11/11/2025,Inbound Call,17.9,Wrong Number,Y,Frederick H.
COM001832,DC100745,2026-03-29,Letter,,Wrong Number,Y,Marion R.
COM001833,DC100745,18/10/2025,outbound call,8.0,Requested Callback,Y,Mohammad M.
COM001834,DC100745,2025-06-21,Letter,,No Answer,Y,Guy S.
COM001835,DC100745,16/04/2025,Inbound Call,17.3,Payment Arranged,N,Norman W.
COM001836,DC100746,2025-05-18,Outbound Call,9.8,Left Voicemail,Y,Darren M.
COM001837,DC100746,2024-09-14,Letter,,,Y,Toby M.
COM001838,DC100746,2024-09-20,Letter,,Wrong Number,Y,Oliver D.
COM001839,DC100747,2026-07-24,Inbound Call,21.9,Requested Callback,Y,Luke A.
COM001840,DC100747,2026-05-05,Letter,,Payment Arranged,Y,Benjamin S.
COM001841,DC100750,2024-06-12,Outbound Call,19.2,No Answer,Unknown,Brian H.
COM001842,DC100750,2025-04-30,Inbound Call,4.1,No Answer,Y,Bethan J.
COM001843,DC100750,2025-04-30,Email,,,Y,Melanie H.
COM001844,DC100752,2025-02-02,Call,18.5,Left Voicemail,Y,Chloe F.
COM001845,DC100752,2026-03-18,Call,6.2,Left Voicemail,Y,Hollie S.
COM001846,DC100753,2026-02-07,Call,11.0,No Answer,Y,Joanne P.
COM001847,DC100755,29/11/2025,outbound call,8.3,Requested Callback,Y,Marian H.
COM001848,DC100755,2024-12-08,Email,,,Y,Thomas J.
COM001849,DC100756,14-04-2026,Outbound Call,7.1,No Answer,Y,Sharon G.
COM001850,DC100757,02/15/2026,Inbound Call,17.4,Requested Callback,Unknown,Iain P.
COM001851,DC100757,2026-07-18,Inbound Call,6.4,Complaint Raised,Unknown,Louis H.
COM001852,DC100757,2026-04-15,Call,16.5,Requested Callback,Y,Albert T.
COM001853,DC100759,17-02-2025,Email,,Refused to Pay,Y,Holly P.
COM001854,DC100759,2025-11-01,SMS,,No Answer,N,Susan W.
COM001855,DC100759,15-06-2024,Call,5.1,Wrong Number,Y,Connor S.
COM001856,DC100759,2024-12-14,Email,,Left Voicemail,Y,Gregory S.
COM001857,DC100761,02-12-2025,SMS,,Complaint Raised,Y,Katy M.
COM001858,DC100761,18-02-2026,Inbound Call,17.3,Left Voicemail,Y,Natasha W.
COM001859,DC100761,2025-11-26,Call,16.0,,Y,Megan J.
COM001860,DC100761,2026-06-20,SMS,,No Answer,Y,Caroline D.
COM001861,DC100761,09/09/2026,Call,1.4,Left Voicemail,Y,Sam D.
COM001862,DC100761,06/29/2026,Letter,,No Answer,Y,Emily T.
COM001863,DC100761,30/07/2026,Inbound Call,6.3,Customer Confirmed Vulnerability,Y,Francesca O.
COM001864,DC100761,2026-02-10,outbound call,21.1,,Y,Christopher W.
COM001865,DC100761,23/04/2026,Outbound Call,21.4,No Answer,Y,Frederick H.
COM001866,DC100762,2025-11-14,Outbound Call,21.4,,Y,Gemma G.
COM001867,DC100762,2026-09-18,Outbound Call,11.3,Customer Confirmed Vulnerability,Y,Douglas R.
COM001868,DC100762,13/07/2026,SMS,,No Answer,Y,Geraldine R.
COM001869,DC100762,2025-11-12,outbound call,3.4,Requested Callback,Y,Martin H.
COM001870,DC100762,2026-01-10,SMS,,Payment Arranged,Y,Stuart J.
COM001871,DC100762,2025-04-14,Outbound Call,14.1,Wrong Number,Y,Bethan H.
COM001872,DC100764,03/16/2026,Inbound Call,16.4,,Y,Dennis S.
COM001873,DC100766,2026-04-09,Inbound Call,11.0,Complaint Raised,Y,Clifford B.
COM001874,DC100766,02/08/2026,Inbound Call,7.9,Disputed Debt,Y,Arthur T.
COM001875,DC100766,20/10/2025,Inbound Call,5.5,Left Voicemail,Y,Karen R.
COM001876,DC100767,2024-04-15,outbound call,10.6,Customer Confirmed Vulnerability,Y,Aimee M.
COM001877,DC100767,2023-10-30,Email,,Wrong Number,Y,David K.
COM001878,DC100767,2024-11-30,Outbound Call,8.2,Refused to Pay,Y,Allan B.
COM001879,DC100767,2024-01-24,Call,12.5,Requested Callback,Y,Gareth J.
COM001880,DC100767,2024-01-27,outbound call,10.8,No Answer,Y,Gavin O.
COM001881,DC100768,2026-07-04,Letter,,Left Voicemail,Y,Natasha C.
COM001882,DC100769,10/20/2024,SMS,,Refused to Pay,Y,Garry D.
COM001883,DC100769,18/08/2025,Letter,,No Answer,Y,Sandra C.
COM001884,DC100771,2025-04-12,outbound call,13.2,Payment Arranged,Y,Elliott J.
COM001885,DC100772,03/07/2026,Email,,Requested Callback,N,Beverley A.
COM001886,DC100774,2025-02-03,Outbound Call,18.4,No Answer,Y,Joanne S.
COM001887,DC100774,06/28/2026,Call,9.2,Left Voicemail,Y,Katy T.
COM001888,DC100774,02-10-2025,Letter,,No Answer,Y,Kayleigh A.
COM001889,DC100774,2026-05-24,SMS,,Complaint Raised,Y,Paul P.
COM001890,DC100775,18-06-2024,Letter,,Complaint Raised,Y,Paula M.
COM001891,DC100775,06/09/2024,Email,,Complaint Raised,Y,Ricky S.
COM001892,DC100775,2024-10-23,SMS,,No Answer,Y,Natasha P.
COM001893,DC100776,2024-11-21,Letter,,No Answer,Y,Stanley M.
COM001894,DC100776,01/11/2025,Outbound Call,11.1,Call Dropped,Y,Bruce C.
COM001895,DC100776,2025-02-20,SMS,,No Answer,N,Diana S.
COM001896,DC100776,2025-02-13,Email,,No Answer,Y,Hugh P.
COM001897,DC100776,2025-03-28,Outbound Call,13.7,Left Voicemail,Y,Sandra K.
COM001898,DC100778,2025-02-13,Call,18.3,No Answer,Y,Dominic B.
COM001899,DC100778,2025-07-07,outbound call,18.2,No Answer,Y,Diane F.
COM001900,DC100778,2025-01-24,Outbound Call,18.2,No Answer,Y,Yvonne R.
COM001901,DC100778,2026-08-23,Inbound Call,14.7,No Answer,Y,Kenneth R.
COM001902,DC100778,05/04/2025,Letter,,No Answer,Unknown,Mathew R.
COM001903,DC100779,2026-08-27,outbound call,9.5,Left Voicemail,Y,Joshua M.
COM001904,DC100781,2026-06-28,outbound call,16.5,Customer Confirmed Vulnerability,N,Zoe H.
COM001905,DC100781,2026-05-13,Letter,,Requested Callback,N,Kathleen H.
COM001906,DC100781,25/09/2025,SMS,,Left Voicemail,Y,Lorraine J.
COM001907,DC100781,17-12-2025,outbound call,16.7,Wrong Number,Y,Naomi M.
COM001908,DC100781,25/01/2026,Letter,,DSAR Request Logged,Y,Sally M.
COM001909,DC100781,17/08/2026,Outbound Call,12.0,Left Voicemail,Y,Donald S.
COM001910,DC100782,04/12/2024,Email,,Disputed Debt,Y,Alice P.
COM001911,DC100782,17-08-2025,outbound call,18.6,Complaint Raised,Y,Tony G.
COM001912,DC100782,30/10/2025,Call,1.1,Left Voicemail,Y,John B.
COM001913,DC100782,26-09-2025,outbound call,8.1,Requested Callback,Y,Brenda J.
COM001914,DC100782,2026-01-21,outbound call,18.6,Left Voicemail,Y,Damien O.
COM001915,DC100782,2025-06-11,Letter,,Call Dropped,Y,Kim W.
COM001916,DC100782,2025-02-23,outbound call,17.8,Wrong Number,Y,Daniel B.
COM001917,DC100783,2024-03-09,outbound call,11.8,Requested Callback,Y,Aaron S.
COM001918,DC100783,2025-06-04,Inbound Call,5.3,Complaint Raised,Y,Mohammed M.
COM001919,DC100783,2024-11-19,outbound call,14.8,No Answer,Y,Marcus T.
COM001920,DC100784,04/05/2026,Email,,Payment Arranged,N,Donald L.
COM001921,DC100785,2026-08-19,Outbound Call,16.7,Requested Callback,Unknown,Hilary E.
COM001922,DC100785,03/02/2026,Inbound Call,5.2,No Answer,Y,Bethany M.
COM001923,DC100786,27/01/2026,Letter,,No Answer,Y,Leonard C.
COM001924,DC100786,18-07-2024,Inbound Call,17.2,,Y,William G.
COM001925,DC100787,2026-02-05,Call,18.1,Requested Callback,Y,Marie B.
COM001926,DC100787,2025-04-26,Letter,,Left Voicemail,Y,Abdul S.
COM001927,DC100787,2025-04-02,Email,,Refused to Pay,Y,Robin W.
COM001928,DC100787,11/03/2025,Email,,No Answer,Y,Christine T.
COM001929,DC100787,2026-02-18,outbound call,17.1,Payment Arranged,Y,Shane G.
COM001930,DC100788,06/19/2026,Call,14.2,Left Voicemail,Y,Darren J.
COM001931,DC100788,16/09/2026,Email,,No Answer,Y,Amber G.
COM001932,DC100788,15/01/2026,SMS,,Refused to Pay,Y,Ashleigh B.
COM001933,DC100788,27/08/2026,Inbound Call,9.6,Payment Arranged,Unknown,Gareth B.
COM001934,DC100788,2025-09-23,Letter,,Payment Arranged,Y,Paige W.
COM001935,DC100789,2024-11-25,Email,,No Answer,Y,Nicole J.
COM001936,DC100789,2024-04-05,Letter,,Wrong Number,N,Janet R.
COM001937,DC100789,29-06-2024,Inbound Call,8.5,Complaint Raised,Y,Beverley R.
COM001938,DC100789,2023-12-23,Outbound Call,13.8,Wrong Number,Y,Justin W.
COM001939,DC100790,12/09/2024,Call,13.6,Payment Arranged,Y,Olivia G.
COM001940,DC100791,2026-04-03,Letter,,DSAR Request Logged,Y,Jeffrey H.
COM001941,DC100791,02/04/2026,Inbound Call,5.7,No Answer,Y,Arthur L.
COM001942,DC100791,15-02-2026,SMS,,No Answer,Y,Annette B.
COM001943,DC100791,2026-04-15,Email,,Payment Arranged,Unknown,Allan T.
COM001944,DC100792,2024-10-16,Email,,Complaint Raised,Y,Eleanor F.
COM001945,DC100792,01-04-2024,Call,21.1,,Unknown,Lee F.
COM001946,DC100792,2024-12-18,SMS,,Refused to Pay,Unknown,Stewart C.
COM001947,DC100792,2024-11-08,outbound call,8.0,Refused to Pay,Y,Sharon G.
COM001948,DC100792,2024-07-24,Email,,No Answer,Y,Margaret S.
COM001949,DC100792,2025-06-09,Email,,Payment Arranged,Unknown,Alice B.
COM001950,DC100792,2024-09-29,Inbound Call,19.8,Payment Arranged,Y,Janice M.
COM001951,DC100794,2025-05-17,SMS,,Payment Arranged,Y,Derek M.
COM001952,DC100794,26/04/2025,outbound call,9.7,Left Voicemail,Y,Ryan W.
COM001953,DC100794,2025-07-24,Email,,Left Voicemail,Y,Frank D.
COM001954,DC100796,2026-08-07,Letter,,,Y,Brian B.
COM001955,DC100797,2025-03-06,Inbound Call,1.0,Payment Arranged,Y,Paige J.
COM001956,DC100797,2025-04-11,outbound call,18.4,Requested Callback,Unknown,Mark C.
COM001957,DC100797,2025-05-09,Inbound Call,13.4,Refused to Pay,Y,Alice B.
COM001958,DC100797,24-04-2025,Outbound Call,4.9,Requested Callback,Y,Robert H.
COM001959,DC100799,10/01/2025,Outbound Call,9.7,DSAR Request Logged,N,Lynne M.
COM001960,DC100799,25/11/2024,Call,11.6,Payment Arranged,Y,Richard R.
COM001961,DC100799,2025-09-09,Outbound Call,3.9,Refused to Pay,Y,Robin R.
COM001962,DC100800,20/01/2025,Call,12.7,No Answer,Y,Joshua W.
COM001963,DC100800,2024-08-30,Call,8.9,,Unknown,Ronald W.
COM001964,DC100800,10/05/2024,Call,8.3,Left Voicemail,Y,Raymond M.
COM001965,DC100801,2026-07-25,outbound call,12.8,Payment Arranged,Y,Anna T.
COM001966,DC100801,07-09-2026,Outbound Call,9.7,DSAR Request Logged,Y,Natasha J.
COM001967,DC100801,29-05-2026,Letter,,No Answer,Y,Keith W.
COM001968,DC100801,2026-07-27,SMS,,Disputed Debt,Y,Olivia S.
COM001969,DC100801,2026-06-08,outbound call,9.9,Wrong Number,Y,Trevor J.
COM001970,DC100801,11-05-2026,Email,,No Answer,N,Howard S.
COM001971,DC100803,03-09-2026,outbound call,4.9,No Answer,Y,Jane J.
COM001972,DC100803,12/06/2026,outbound call,19.0,Requested Callback,Y,Olivia G.
COM001973,DC100804,08-04-2024,Call,20.5,Payment Arranged,Y,Brian J.
COM001974,DC100804,2024-12-01,Outbound Call,10.1,Payment Arranged,Y,Thomas M.
COM001975,DC100804,30/05/2025,Letter,,No Answer,Y,Stewart S.
COM001976,DC100804,2024-06-04,Letter,,Customer Confirmed Vulnerability,Y,Alexander R.
COM001977,DC100804,2024-08-28,Call,9.1,Call Dropped,Y,Jacob M.
COM001978,DC100804,2024-03-21,Inbound Call,18.8,Left Voicemail,N,Josh H.
COM001979,DC100804,2025-06-09,Inbound Call,15.9,No Answer,Y,Wayne A.
COM001980,DC100804,2024-08-05,SMS,,No Answer,Y,Gareth G.
COM001981,DC100804,2025-10-07,outbound call,11.5,No Answer,Y,Patricia B.
COM001982,DC100804,2024-07-01,SMS,,Payment Arranged,Y,Glenn F.
COM001983,DC100806,2024-07-11,SMS,,Payment Arranged,Y,Jake S.
COM001984,DC100806,2025-09-11,SMS,,No Answer,Y,Rosie E.
COM001985,DC100807,2026-04-05,outbound call,8.8,Requested Callback,Y,Stewart C.
COM001986,DC100807,2026-01-11,Inbound Call,14.1,Refused to Pay,Y,Katie R.
COM001987,DC100808,2025-11-18,outbound call,12.9,Disputed Debt,Y,Jeremy P.
COM001988,DC100808,2025-02-12,Call,15.5,Left Voicemail,Y,Daniel M.
COM001989,DC100808,2025-11-04,Email,,No Answer,Y,Justin B.
COM001990,DC100808,2026-01-02,outbound call,20.1,Left Voicemail,Y,Kayleigh I.
COM001991,DC100809,2024-04-14,outbound call,4.2,Left Voicemail,Y,Callum J.
COM001992,DC100809,2025-04-02,Email,,,N,Jason R.
COM001993,DC100809,2025-07-13,Email,,No Answer,Y,Mandy S.
COM001994,DC100809,2024-05-10,Email,,No Answer,Y,Nicole J.
COM001995,DC100810,2026-07-26,SMS,,Requested Callback,Y,Aaron D.
COM001996,DC100810,07/09/2026,Letter,,No Answer,Y,Leigh M.
COM001997,DC100811,2026-03-04,Letter,,Call Dropped,Y,Sheila D.
COM001998,DC100811,2025-02-16,SMS,,No Answer,Y,Margaret S.
COM001999,DC100811,14/07/2025,Call,14.2,No Answer,Y,Kenneth W.
COM002000,DC100811,29-12-2024,Inbound Call,3.9,No Answer,Y,Dorothy G.
COM002001,DC100811,2026-05-24,Outbound Call,2.4,No Answer,Y,Paula J.
COM002002,DC100813,08/06/2024,Call,10.5,Disputed Debt,Y,Sharon H.
COM002003,DC100813,26/08/2025,Letter,,Payment Arranged,Y,Carol T.
COM002004,DC100813,2024-12-01,Inbound Call,17.5,No Answer,Y,Rita H.
COM002005,DC100814,2025-07-02,Call,10.7,Customer Confirmed Vulnerability,Y,Paula Y.
COM002006,DC100815,2024-10-03,Email,,No Answer,N,Suzanne R.
COM002007,DC100815,2025-12-26,SMS,,No Answer,Y,Katherine D.
COM002008,DC100815,2026-01-15,Call,18.2,Refused to Pay,Y,Malcolm S.
COM002009,DC100815,2025-12-25,SMS,,No Answer,Y,Jessica W.
COM002010,DC100817,03/04/2026,Outbound Call,12.8,No Answer,Y,Max W.
COM002011,DC100817,2025-12-28,Letter,,Payment Arranged,Y,Garry B.
COM002012,DC100819,28-08-2025,Email,,Payment Arranged,Y,Sylvia B.
COM002013,DC100819,2025-09-11,Email,,No Answer,Y,Craig S.
COM002014,DC100819,2025-01-21,Call,7.3,No Answer,Y,Jamie B.
COM002015,DC100819,17/06/2026,outbound call,16.8,No Answer,Unknown,Abigail H.
COM002016,DC100819,2026-03-28,Letter,,Call Dropped,Y,Kirsty C.
COM002017,DC100819,12/09/2025,SMS,,,N,Amanda H.
COM002018,DC100819,03/08/2026,outbound call,7.8,Requested Callback,N,Adam A.
COM002019,DC100820,05-02-2026,Call,9.9,Refused to Pay,Y,Debra M.
COM002020,DC100820,29/12/2025,Email,,,Y,Reece L.
COM002021,DC100821,29/08/2026,Inbound Call,5.2,Disputed Debt,N,Kayleigh C.
COM002022,DC100822,2025-01-15,Outbound Call,16.7,,Y,Victor R.
COM002023,DC100823,20/01/2026,outbound call,9.5,,Y,Max B.
COM002024,DC100823,2025-04-17,outbound call,10.5,Payment Arranged,Y,Mathew P.
COM002025,DC100823,2025-05-20,Inbound Call,22.0,Complaint Raised,N,Simon P.
COM002026,DC100823,29/12/2025,Call,17.8,Left Voicemail,Y,Terence W.
COM002027,DC100823,07/11/2024,Letter,,No Answer,Y,Debra C.
COM002028,DC100823,2026-02-27,SMS,,No Answer,Y,Henry W.
COM002029,DC100823,2025-08-16,Email,,Payment Arranged,Y,Sean E.
COM002030,DC100823,02/21/2025,Call,6.2,Left Voicemail,Y,John T.
COM002031,DC100823,16-10-2024,Letter,,Left Voicemail,Y,Mohammed R.
COM002032,DC100823,2024-07-17,Email,,Payment Arranged,Y,Abigail H.
COM002033,DC100824,2026-05-01,Email,,Payment Arranged,N,Stephen E.
COM002034,DC100826,15/08/2026,outbound call,11.3,Refused to Pay,N,Charlie M.
COM002035,DC100826,2026-06-19,Email,,Refused to Pay,N,Michael B.
COM002036,DC100827,07/05/2025,outbound call,6.3,Call Dropped,Y,Frederick J.
COM002037,DC100828,2026-06-18,Outbound Call,6.6,,Y,Sophie P.
COM002038,DC100828,2026-01-31,Outbound Call,9.5,,Y,Jenna G.
COM002039,DC100828,2026-02-24,Letter,,Left Voicemail,Unknown,Christopher H.
COM002040,DC100828,04/06/2026,Outbound Call,13.2,Disputed Debt,Y,Maria B.
COM002041,DC100828,2026-09-11,Outbound Call,18.5,Requested Callback,Y,Kirsty W.
COM002042,DC100828,2025-11-23,SMS,,Left Voicemail,Y,Adrian S.
COM002043,DC100828,2026-09-01,Outbound Call,1.8,Left Voicemail,Y,Carol R.
COM002044,DC100829,02/11/2024,SMS,,No Answer,Unknown,Colin C.
COM002045,DC100830,2025-12-27,Letter,,Disputed Debt,Y,Teresa W.
COM002046,DC100830,05/09/2026,SMS,,Wrong Number,Y,Damian K.
COM002047,DC100831,20/08/2026,SMS,,DSAR Request Logged,Y,Caroline C.
COM002048,DC100832,2026-02-19,Letter,,,Y,Stacey H.
COM002049,DC100832,2025-09-18,Call,21.8,No Answer,Y,Melissa W.
COM002050,DC100832,07/10/2025,Outbound Call,20.3,Left Voicemail,Y,Marian T.
COM002051,DC100833,2024-05-31,Inbound Call,13.4,No Answer,Y,Tom H.
COM002052,DC100833,2023-10-23,Email,,Customer Confirmed Vulnerability,Y,Jake H.
COM002053,DC100836,2025-06-12,Inbound Call,10.5,Requested Callback,Y,Garry M.
COM002054,DC100839,2026-03-17,SMS,,No Answer,Y,Joan L.
COM002055,DC100839,2025-07-07,Outbound Call,14.7,Payment Arranged,Unknown,Lydia L.
COM002056,DC100839,2026-09-15,Email,,Payment Arranged,Y,Tracy I.
COM002057,DC100839,04/19/2026,Call,7.0,Payment Arranged,Y,Lewis W.
COM002058,DC100839,2026-06-14,Outbound Call,1.9,Refused to Pay,N,Duncan W.
COM002059,DC100839,06/07/2025,Call,18.3,No Answer,Y,Jake M.
COM002060,DC100839,09/07/2025,SMS,,Payment Arranged,Y,Zoe Y.
COM002061,DC100839,2026-08-24,Inbound Call,20.4,Customer Confirmed Vulnerability,Y,Elliott G.
COM002062,DC100839,2026-06-10,Inbound Call,18.2,Left Voicemail,Y,Rachael D.
COM002063,DC100840,28-05-2025,Call,19.5,Refused to Pay,Y,Garry S.
COM002064,DC100840,2025-12-05,Email,,Requested Callback,Y,Patrick C.
COM002065,DC100840,07/07/2025,outbound call,0.8,Payment Arranged,Y,Dylan B.
COM002066,DC100840,2025-09-11,Email,,Refused to Pay,Y,Jack B.
COM002067,DC100840,2025-10-08,Call,2.7,Left Voicemail,Y,Elliot N.
COM002068,DC100842,17/06/2025,Inbound Call,7.5,Left Voicemail,Y,Dennis T.
COM002069,DC100842,05/08/2025,Outbound Call,12.7,DSAR Request Logged,Y,Shane W.
COM002070,DC100842,02-02-2025,Email,,No Answer,Y,Victoria H.
COM002071,DC100843,2025-02-28,Email,,No Answer,Y,Beverley J.
COM002072,DC100844,2025-08-13,SMS,,Payment Arranged,N,Kimberley B.
COM002073,DC100844,2024-10-21,Call,2.6,,Y,Abdul T.
COM002074,DC100845,04/01/2026,Call,2.3,DSAR Request Logged,Unknown,Sean E.
COM002075,DC100845,11/07/2026,Inbound Call,14.4,No Answer,Y,Neil H.
COM002076,DC100845,20/02/2025,Outbound Call,19.0,No Answer,Y,Ashley P.
COM002077,DC100845,2026-02-05,Email,,Requested Callback,Y,Carly A.
COM002078,DC100845,2026-07-04,Call,17.6,,Y,Bradley C.
COM002079,DC100845,13/03/2025,SMS,,Disputed Debt,Y,Sheila W.
COM002080,DC100845,2026-02-21,Inbound Call,20.7,,Y,Charlene O.
COM002081,DC100846,15-09-2026,Call,12.2,Left Voicemail,Y,Hilary W.
COM002082,DC100847,08/08/2026,Inbound Call,3.7,No Answer,Unknown,Gerard M.
COM002083,DC100847,2026-03-09,SMS,,Disputed Debt,Y,Kieran H.
COM002084,DC100848,2025-05-27,outbound call,16.0,Refused to Pay,Y,Joshua H.
COM002085,DC100848,2025-02-16,Email,,Requested Callback,Y,Donna S.
COM002086,DC100851,05/08/2026,Call,19.8,Wrong Number,Y,Jade W.
COM002087,DC100851,2026-08-09,Inbound Call,16.7,,Y,Sarah T.
COM002088,DC100852,29/10/2024,SMS,,No Answer,Y,Graeme W.
COM002089,DC100852,2024-06-26,Letter,,Call Dropped,Y,Ross W.
COM002090,DC100852,2025-03-29,outbound call,10.7,Disputed Debt,Y,Sandra B.
COM002091,DC100853,20/08/2025,Inbound Call,9.3,Payment Arranged,Y,Sam B.
COM002092,DC100853,12/03/2024,outbound call,5.4,No Answer,Y,Yvonne W.
COM002093,DC100853,12/04/2025,outbound call,14.1,Payment Arranged,Y,Lynn H.
COM002094,DC100854,2024-07-07,Inbound Call,1.5,,Y,Connor H.
COM002095,DC100854,2024-07-13,Inbound Call,21.1,Payment Arranged,Unknown,Brian J.
COM002096,DC100855,16-08-2026,outbound call,16.3,Requested Callback,Y,Toby W.
COM002097,DC100855,02/04/2026,Call,13.8,Refused to Pay,Y,Jack H.
COM002098,DC100859,02/12/2023,Call,13.7,Requested Callback,Y,Mandy L.
COM002099,DC100859,2024-01-19,Email,,Requested Callback,Y,William P.
COM002100,DC100861,15/03/2024,outbound call,11.2,Requested Callback,Y,Scott M.
COM002101,DC100861,25-07-2024,Outbound Call,1.4,No Answer,Y,Zoe W.
COM002102,DC100861,11/08/2024,Email,,No Answer,Y,Nicholas H.
COM002103,DC100861,03/01/2024,SMS,,Refused to Pay,N,Clive T.
COM002104,DC100861,2025-05-17,Call,7.9,Disputed Debt,Y,Scott S.
COM002105,DC100861,2024-11-17,Inbound Call,14.1,Left Voicemail,Y,Teresa P.
COM002106,DC100861,12/05/2025,Inbound Call,20.0,Complaint Raised,Y,Bruce A.
COM002107,DC100861,2024-10-30,Call,7.1,No Answer,Y,Robert W.
COM002108,DC100861,2023-12-09,Email,,Requested Callback,Y,Arthur H.
COM002109,DC100861,05/02/2025,SMS,,Left Voicemail,Y,Karen B.
COM002110,DC100863,2025-06-13,Letter,,Left Voicemail,Y,Victor W.
COM002111,DC100863,2025-03-11,Inbound Call,17.1,DSAR Request Logged,Y,Garry W.
COM002112,DC100863,05/04/2026,SMS,,Refused to Pay,N,Jordan C.
COM002113,DC100863,2025-03-04,Outbound Call,16.1,Disputed Debt,Y,Stewart W.
COM002114,DC100863,2026-07-07,outbound call,12.5,,Y,Gareth S.
COM002115,DC100863,2025-09-25,outbound call,12.8,Payment Arranged,Y,Samantha S.
COM002116,DC100863,2025-11-01,Letter,,Payment Arranged,Y,Ashleigh H.
COM002117,DC100863,2025-11-09,SMS,,,Y,Peter D.
COM002118,DC100863,26/04/2025,outbound call,3.5,Disputed Debt,Y,Craig R.
COM002119,DC100863,2025-05-11,Email,,Wrong Number,Y,Thomas O.
COM002120,DC100864,2026-01-21,SMS,,Payment Arranged,Y,Kayleigh R.
COM002121,DC100864,2026-08-10,outbound call,20.7,Disputed Debt,Y,Dylan H.
COM002122,DC100864,21-09-2026,SMS,,Disputed Debt,Y,Kieran S.
COM002123,DC100864,25/03/2026,SMS,,Requested Callback,Y,Bruce D.
COM002124,DC100865,23/12/2024,Call,10.6,Disputed Debt,Y,Abigail W.
COM002125,DC100865,2025-02-12,Letter,,,Y,Eleanor T.
COM002126,DC100868,2026-07-02,Letter,,No Answer,Y,Malcolm M.
COM002127,DC100869,2026-02-10,Letter,,,Y,Justin N.
COM002128,DC100869,05/04/2026,outbound call,10.0,Payment Arranged,Y,Paul B.
COM002129,DC100869,2026-07-28,SMS,,No Answer,Y,Samantha C.
COM002130,DC100869,2026-08-22,Outbound Call,6.2,Wrong Number,Unknown,Charlotte H.
COM002131,DC100869,09/08/2026,Email,,Requested Callback,Y,Amelia G.
COM002132,DC100869,2026-02-14,outbound call,15.9,Left Voicemail,Y,Carl D.
COM002133,DC100869,2026-01-06,SMS,,Payment Arranged,N,Martyn R.
COM002134,DC100870,2026-08-10,Outbound Call,8.8,Payment Arranged,Y,Brenda S.
COM002135,DC100871,20-07-2026,Inbound Call,3.5,Customer Confirmed Vulnerability,Unknown,Michelle D.
COM002136,DC100872,25-03-2025,Inbound Call,21.1,,Y,Mathew P.
COM002137,DC100873,2026-01-12,Letter,,Wrong Number,Y,Jade B.
COM002138,DC100873,2024-12-31,outbound call,3.8,Call Dropped,Y,Cheryl W.
COM002139,DC100873,10-06-2025,Outbound Call,9.7,Requested Callback,Y,Darren D.
COM002140,DC100875,2024-12-15,Call,15.5,Left Voicemail,Y,Raymond F.
COM002141,DC100875,20/12/2024,Email,,Payment Arranged,Y,Leon K.
COM002142,DC100875,05/11/2023,Letter,,,Y,Pamela T.
COM002143,DC100875,2024-09-28,outbound call,13.0,Complaint Raised,Y,Jacob H.
COM002144,DC100875,2024-10-21,Letter,,No Answer,Y,Terry T.
COM002145,DC100876,2026-08-14,Outbound Call,7.8,No Answer,Unknown,Mohammad C.
COM002146,DC100877,2026-06-17,Email,,No Answer,Y,Gemma F.
COM002147,DC100878,2026-07-20,Inbound Call,6.3,Customer Confirmed Vulnerability,Y,Derek H.
COM002148,DC100880,2025-12-15,SMS,,Payment Arranged,Y,Howard B.
COM002149,DC100881,2025-11-29,Inbound Call,20.4,Disputed Debt,Y,Ben E.
COM002150,DC100882,2025-12-24,outbound call,10.4,Disputed Debt,Y,Kyle B.
COM002151,DC100883,07/05/2026,Letter,,No Answer,Y,Hollie W.
COM002152,DC100883,18/05/2026,outbound call,16.2,,N,Lawrence G.
COM002153,DC100884,16/06/2025,Outbound Call,9.1,No Answer,Unknown,Harry S.
COM002154,DC100884,06/24/2024,Letter,,Payment Arranged,Y,Carolyn B.
COM002155,DC100884,2024-01-24,SMS,,No Answer,Unknown,Dominic K.
COM002156,DC100885,31/08/2024,Call,2.6,,Unknown,Sean H.
COM002157,DC100886,21-12-2024,Outbound Call,4.0,Left Voicemail,Y,Aimee M.
COM002158,DC100887,27/09/2024,Call,19.6,,Y,Tom D.
COM002159,DC100887,2025-02-15,outbound call,17.8,Customer Confirmed Vulnerability,Unknown,Gerard K.
COM002160,DC100887,18/03/2026,Letter,,,Y,Stephanie F.
COM002161,DC100887,2026-03-09,Letter,,Complaint Raised,Y,Gary H.
COM002162,DC100887,2025-08-25,Letter,,No Answer,Y,Martyn G.
COM002163,DC100887,2025-08-14,Call,19.5,Payment Arranged,Y,Samantha W.
COM002164,DC100887,2026-01-29,SMS,,Customer Confirmed Vulnerability,Y,Carol G.
COM002165,DC100888,2026-07-16,SMS,,No Answer,Y,Jack W.
COM002166,DC100889,2025-08-15,Call,17.4,Payment Arranged,Unknown,Oliver T.
COM002167,DC100889,2024-06-15,Inbound Call,20.6,Refused to Pay,Y,Justin G.
COM002168,DC100889,2025-08-21,Outbound Call,9.1,Customer Confirmed Vulnerability,Y,Lauren K.
COM002169,DC100891,06-03-2025,Outbound Call,15.4,Requested Callback,Y,Christian S.
COM002170,DC100891,2024-10-24,SMS,,No Answer,Unknown,Robert I.
COM002171,DC100891,2026-02-24,Inbound Call,19.6,Requested Callback,Y,Joanne B.
COM002172,DC100891,2025-08-07,Email,,Complaint Raised,Y,Kathryn R.
COM002173,DC100892,04/07/2026,SMS,,Call Dropped,Y,Christopher W.
COM002174,DC100892,2026-06-30,Letter,,Payment Arranged,Y,Shane H.
COM002175,DC100893,04/11/2024,Inbound Call,14.5,Disputed Debt,Y,Jemma C.
COM002176,DC100894,2026-04-18,SMS,,Refused to Pay,N,Kevin H.
COM002177,DC100894,2025-09-18,Outbound Call,3.0,Call Dropped,Y,Benjamin W.
COM002178,DC100895,2025-03-10,Email,,Customer Confirmed Vulnerability,Y,Marilyn W.
COM002179,DC100895,2024-10-16,SMS,,No Answer,Y,Jenna J.
COM002180,DC100895,2024-10-08,outbound call,20.6,Call Dropped,Y,Adam F.
COM002181,DC100896,2026-04-07,SMS,,No Answer,Y,Ryan S.
COM002182,DC100896,2026-03-15,Call,10.2,No Answer,Y,Rhys J.
COM002183,DC100896,2026-05-03,SMS,,Wrong Number,Y,Alice B.
COM002184,DC100897,2025-03-10,Inbound Call,11.3,No Answer,Y,Hollie H.
COM002185,DC100897,2025-02-21,SMS,,Requested Callback,Y,Nigel W.
COM002186,DC100897,05/10/2025,outbound call,21.3,No Answer,Y,Natalie C.
COM002187,DC100899,2024-11-13,Email,,Payment Arranged,Y,Stuart Y.
COM002188,DC100899,23/04/2024,SMS,,Payment Arranged,Y,Charlotte Y.
COM002189,DC100899,09/01/2024,Inbound Call,19.4,Disputed Debt,Y,Dean C.
COM002190,DC100899,02/09/2024,Email,,Disputed Debt,Y,Owen R.
COM002191,DC100900,2026-01-03,Letter,,Left Voicemail,Y,Lee A.
COM002192,DC100900,07/03/2026,outbound call,20.5,No Answer,Unknown,Garry G.
COM002193,DC100900,2026-09-02,outbound call,18.3,Payment Arranged,Y,Eileen K.
COM002194,DC100902,18-03-2025,Letter,,No Answer,Y,Judith M.
COM002195,DC100902,2025-08-23,Letter,,Wrong Number,Y,Julie W.
COM002196,DC100902,2026-06-27,Outbound Call,12.5,,Unknown,Teresa O.
COM002197,DC100902,2025-07-06,Email,,Left Voicemail,Y,Russell H.
COM002198,DC100902,21/02/2026,Letter,,,Y,Maurice W.
COM002199,DC100902,2025-11-29,Outbound Call,15.1,Wrong Number,Unknown,Melanie T.
COM002200,DC100902,2025-03-27,SMS,,Payment Arranged,Y,Trevor B.
COM002201,DC100903,2026-06-18,Call,1.0,Requested Callback,Y,Nicole H.
COM002202,DC100905,2025-01-19,outbound call,13.3,Customer Confirmed Vulnerability,Y,Paul J.
COM002203,DC100905,2026-05-13,outbound call,3.5,Requested Callback,Y,Jade A.
COM002204,DC100905,2025-11-22,Inbound Call,3.7,No Answer,Y,William E.
COM002205,DC100905,2025-05-15,Letter,,Left Voicemail,Y,Jade C.
COM002206,DC100906,10/29/2025,Call,5.2,Left Voicemail,Y,Rachel D.
COM002207,DC100906,2025-05-08,Inbound Call,3.6,No Answer,Y,Hollie L.
COM002208,DC100906,2025-02-17,Call,18.8,DSAR Request Logged,Y,Amber J.
COM002209,DC100906,2025-02-27,SMS,,Requested Callback,Y,Dean C.
COM002210,DC100906,2026-06-13,outbound call,14.9,No Answer,Unknown,Reece D.
COM002211,DC100908,04/12/2026,Email,,Requested Callback,Y,Jacqueline S.
COM002212,DC100908,06/09/2026,Outbound Call,15.7,No Answer,Y,Abigail R.
COM002213,DC100908,05-11-2025,Outbound Call,5.4,Payment Arranged,Y,Paula R.
COM002214,DC100908,2025-12-07,Outbound Call,7.9,Requested Callback,Y,Declan S.
COM002215,DC100908,2026-09-08,Inbound Call,1.1,No Answer,Y,Simon W.
COM002216,DC100909,28-04-2026,Call,6.0,Payment Arranged,Y,Kenneth L.
COM002217,DC100909,2026-03-18,Inbound Call,11.1,No Answer,Y,Thomas C.
COM002218,DC100909,02/01/2025,Letter,,No Answer,Y,Mitchell K.
COM002219,DC100910,02/03/2026,outbound call,19.9,No Answer,Y,Georgina O.
COM002220,DC100910,2025-09-12,Call,12.3,Customer Confirmed Vulnerability,Unknown,Jay H.
COM002221,DC100910,2026-05-15,Email,,Requested Callback,Y,Donna H.
COM002222,DC100911,09/01/2025,Email,,Call Dropped,Y,Douglas K.
COM002223,DC100911,2025-02-06,Email,,Complaint Raised,Y,Billy C.
COM002224,DC100912,2026-07-21,Email,,Requested Callback,Y,Allan H.
COM002225,DC100914,07/05/2024,SMS,,Left Voicemail,Y,Adrian D.
COM002226,DC100914,06/23/2025,Email,,Requested Callback,Y,Ian P.
COM002227,DC100914,2025-08-30,Outbound Call,15.0,No Answer,Y,Jacqueline F.
COM002228,DC100914,2025-04-25,Inbound Call,1.3,Payment Arranged,Y,Margaret F.
COM002229,DC100914,2024-08-20,Inbound Call,3.4,Payment Arranged,Y,Caroline S.
COM002230,DC100915,2026-05-09,Email,,No Answer,N,Michael M.
COM002231,DC100915,2025-09-23,Outbound Call,7.4,No Answer,Y,Angela R.
COM002232,DC100915,2026-06-28,Email,,Payment Arranged,N,Susan C.
COM002233,DC100916,18/05/2026,Call,15.4,Payment Arranged,Y,Terence S.
COM002234,DC100916,24/08/2025,Call,20.9,Wrong Number,Y,Julie H.
COM002235,DC100917,2026-08-10,Inbound Call,4.1,No Answer,Y,Patrick A.
COM002236,DC100918,2023-11-19,Outbound Call,5.3,Left Voicemail,Y,Connor B.
COM002237,DC100919,01/09/2026,Call,7.2,Payment Arranged,Unknown,Jacob M.
COM002238,DC100919,26-06-2026,Call,11.5,Complaint Raised,Y,Christopher J.
COM002239,DC100920,2024-01-16,Call,10.0,Call Dropped,Y,Joe E.
COM002240,DC100920,2025-05-07,SMS,,Requested Callback,Y,Francesca N.
COM002241,DC100921,2025-12-01,outbound call,20.0,Complaint Raised,Y,Charles B.
COM002242,DC100921,2025-12-28,Email,,Wrong Number,Unknown,Phillip C.
COM002243,DC100921,2025-10-08,Inbound Call,4.3,No Answer,N,Annette C.
COM002244,DC100922,25-05-2025,Letter,,Refused to Pay,Y,Ross W.
COM002245,DC100923,2026-03-07,Outbound Call,9.5,Customer Confirmed Vulnerability,Unknown,Iain H.
COM002246,DC100923,2025-11-07,Letter,,Disputed Debt,Y,Gerald B.
COM002247,DC100924,2024-10-11,Call,1.9,Disputed Debt,Y,Kenneth H.
COM002248,DC100925,01/08/2025,Email,,Customer Confirmed Vulnerability,Unknown,Keith B.
COM002249,DC100925,12/08/2026,Call,6.0,DSAR Request Logged,Y,Guy T.
COM002250,DC100926,02/11/2024,Outbound Call,7.9,No Answer,Y,Oliver C.
COM002251,DC100927,2024-10-30,SMS,,DSAR Request Logged,Y,Alice P.
COM002252,DC100927,2025-05-04,outbound call,11.1,No Answer,Y,Georgina S.
COM002253,DC100927,2024-07-21,Outbound Call,14.3,No Answer,Unknown,Amelia H.
COM002254,DC100927,06/06/2024,Email,,Wrong Number,Y,Duncan W.
COM002255,DC100927,11/21/2024,Call,11.0,,Unknown,Jayne T.
COM002256,DC100927,2024-05-03,Inbound Call,3.1,No Answer,Y,Donald G.
COM002257,DC100927,2025-01-03,Email,,,Y,George G.
COM002258,DC100927,22/03/2025,Email,,Requested Callback,Y,Victor B.
COM002259,DC100927,25/03/2025,Email,,Left Voicemail,Y,Terence S.
COM002260,DC100927,2024-09-11,Email,,No Answer,N,Martyn W.
COM002261,DC100928,16/11/2025,outbound call,6.7,Call Dropped,Y,Dean H.
COM002262,DC100928,06/01/2026,Call,6.1,Left Voicemail,Unknown,Fiona G.
COM002263,DC100928,12/05/2026,Email,,No Answer,Y,Adrian N.
COM002264,DC100928,2026-01-26,Call,3.2,No Answer,Y,Louis F.
COM002265,DC100928,2025-06-27,Email,,Requested Callback,Y,Danny M.
COM002266,DC100928,2024-12-14,Letter,,Call Dropped,Y,Jamie K.
COM002267,DC100928,2025-01-13,Email,,Complaint Raised,Y,Martin H.
COM002268,DC100928,10/04/2025,Call,21.6,Left Voicemail,Y,Valerie M.
COM002269,DC100928,25/08/2025,Outbound Call,10.9,Refused to Pay,Y,Nigel M.
COM002270,DC100928,2025-06-17,Inbound Call,16.3,Payment Arranged,Y,Jenna P.
COM002271,DC100929,12/10/2025,Inbound Call,19.3,Left Voicemail,N,Kathleen G.
COM002272,DC100929,2026-02-07,outbound call,16.1,Wrong Number,Y,Linda S.
COM002273,DC100929,17/09/2026,Inbound Call,20.1,Left Voicemail,Y,Nicola D.
COM002274,DC100931,2026-02-26,Email,,Payment Arranged,Y,June H.
COM002275,DC100931,2026-09-04,Inbound Call,15.1,DSAR Request Logged,Y,Julian H.
COM002276,DC100932,2025-04-07,Call,10.2,No Answer,Y,Bryan F.
COM002277,DC100932,08/30/2024,outbound call,19.8,Refused to Pay,N,Tracy R.
COM002278,DC100932,20/04/2025,Email,,Left Voicemail,Y,Lauren V.
COM002279,DC100933,2025-06-13,Letter,,,Y,Bethany J.
COM002280,DC100933,28/05/2025,Email,,No Answer,Unknown,Alan E.
COM002281,DC100933,2026-07-05,Outbound Call,10.8,Disputed Debt,Unknown,Angela W.
COM002282,DC100934,2025-07-17,outbound call,18.5,Payment Arranged,Y,Benjamin M.
COM002283,DC100934,12/14/2025,Email,,No Answer,Y,Gillian B.
COM002284,DC100935,26/06/2025,Email,,Wrong Number,Y,Marcus M.
COM002285,DC100935,30-03-2026,SMS,,No Answer,N,Hayley H.
COM002286,DC100936,2025-12-17,Outbound Call,5.8,No Answer,Unknown,Bernard J.
COM002287,DC100937,2026-02-27,Inbound Call,20.2,Payment Arranged,Y,Robin G.
COM002288,DC100938,2025-12-15,Letter,,No Answer,Y,Julian H.
COM002289,DC100938,2025-02-14,Letter,,Requested Callback,Y,Christian G.
COM002290,DC100938,2025-12-24,SMS,,No Answer,N,Bryan P.
COM002291,DC100938,23/02/2026,Call,2.9,Payment Arranged,Y,Josh H.
COM002292,DC100938,18-09-2025,Email,,Left Voicemail,Unknown,Victor C.
COM002293,DC100938,2026-03-17,SMS,,Requested Callback,Y,Vanessa F.
COM002294,DC100938,27/01/2026,outbound call,21.8,,Y,Adam M.
COM002295,DC100939,2025-03-02,Outbound Call,6.1,Call Dropped,Y,Garry W.
COM002296,DC100939,13-01-2025,Call,14.1,Wrong Number,Y,Lisa R.
COM002297,DC100939,06/12/2024,Outbound Call,2.6,,Y,Sophie R.
COM002298,DC100939,17/09/2024,Letter,,Left Voicemail,Y,Barbara S.
COM002299,DC100939,2025-07-21,Inbound Call,21.3,No Answer,Y,Georgia L.
COM002300,DC100941,22-09-2025,outbound call,14.7,Requested Callback,Y,Anne S.
COM002301,DC100941,12/05/2026,Inbound Call,19.4,Disputed Debt,Y,Mark W.
COM002302,DC100942,2026-05-11,Inbound Call,10.2,Wrong Number,Y,Jill M.
COM002303,DC100943,2026-04-25,Email,,,Y,Joseph T.
COM002304,DC100943,2026-05-09,outbound call,4.6,Left Voicemail,Y,Diana M.
COM002305,DC100944,2025-11-05,Inbound Call,9.1,Left Voicemail,Y,Lorraine M.
COM002306,DC100944,18-07-2025,Outbound Call,12.9,Refused to Pay,Y,Joanne J.
COM002307,DC100944,2025-04-16,Email,,Requested Callback,Unknown,Hazel K.
COM002308,DC100944,2025-01-07,Email,,Disputed Debt,Y,Rachael H.
COM002309,DC100944,24/11/2024,SMS,,Customer Confirmed Vulnerability,Y,Debra W.
COM002310,DC100944,10-10-2024,outbound call,13.3,Wrong Number,Y,Leanne L.
COM002311,DC100944,11/10/2025,SMS,,No Answer,Y,Lynda B.
COM002312,DC100945,2026-07-14,outbound call,4.4,Payment Arranged,Y,Annette H.
COM002313,DC100946,2025-08-12,Outbound Call,3.4,Wrong Number,Unknown,Zoe T.
COM002314,DC100946,31-08-2024,Outbound Call,17.1,Wrong Number,Unknown,Marie D.
COM002315,DC100947,06-10-2024,Email,,Customer Confirmed Vulnerability,Y,Annette S.
COM002316,DC100947,03/20/2025,Letter,,Payment Arranged,Y,Lauren H.
COM002317,DC100947,2024-12-21,Inbound Call,15.5,Payment Arranged,Y,Garry B.
COM002318,DC100947,17-06-2024,Email,,No Answer,Y,Richard H.
COM002319,DC100948,2026-09-08,Call,10.1,DSAR Request Logged,Y,Rachael C.
COM002320,DC100948,12/08/2026,Letter,,Left Voicemail,Y,Elaine T.
COM002321,DC100949,2026-05-10,Call,19.6,Payment Arranged,Y,Jake A.
COM002322,DC100949,2026-06-13,Letter,,Complaint Raised,Y,Toby A.
COM002323,DC100949,2025-01-22,Letter,,Disputed Debt,Y,Barbara M.
COM002324,DC100949,12/05/2026,Letter,,Left Voicemail,Y,Douglas R.
COM002325,DC100949,2025-06-25,Call,10.7,No Answer,Y,Terry L.
COM002326,DC100949,2025-11-04,SMS,,Payment Arranged,Y,Abbie R.
COM002327,DC100949,27/03/2026,Outbound Call,11.7,Disputed Debt,Y,Victoria P.
COM002328,DC100949,21/11/2025,Letter,,Requested Callback,Y,Elaine K.
COM002329,DC100949,26/12/2025,Call,16.7,Disputed Debt,N,Gillian K.
COM002330,DC100949,03/31/2026,outbound call,2.3,Disputed Debt,Y,Declan W.
COM002331,DC100950,2025-03-15,Inbound Call,1.6,Left Voicemail,Y,Martin F.
COM002332,DC100950,04/04/2025,Inbound Call,19.6,Disputed Debt,Y,Matthew S.
COM002333,DC100951,2026-05-08,Email,,,Y,Garry K.
COM002334,DC100952,12/05/2025,Inbound Call,9.6,Requested Callback,Y,Rhys T.
COM002335,DC100952,23/05/2025,Outbound Call,15.3,Disputed Debt,Y,Callum M.
COM002336,DC100953,08/10/2024,Inbound Call,7.6,Left Voicemail,Y,Darren C.
COM002337,DC100954,2024-11-11,Inbound Call,6.2,Customer Confirmed Vulnerability,Y,Carly K.
COM002338,DC100954,2025-01-12,Letter,,Payment Arranged,Y,Timothy D.
COM002339,DC100954,2024-09-20,outbound call,20.6,No Answer,Y,Keith L.
COM002340,DC100956,12/11/2025,Outbound Call,1.0,Left Voicemail,Unknown,Wendy P.
COM002341,DC100956,15/08/2025,Outbound Call,19.8,No Answer,Y,Trevor M.
COM002342,DC100956,2025-11-15,Email,,Left Voicemail,Y,Kenneth D.
COM002343,DC100957,08-08-2024,SMS,,Wrong Number,Y,Billy F.
COM002344,DC100957,2024-01-30,Email,,,Y,Paige P.
COM002345,DC100958,21-09-2025,SMS,,No Answer,Y,Lynn A.
COM002346,DC100958,2025-05-23,Call,1.8,No Answer,Y,Andrea B.
COM002347,DC100958,2026-03-04,Outbound Call,4.8,Disputed Debt,Y,Karen J.
COM002348,DC100959,2024-06-17,Email,,No Answer,N,Diane N.
COM002349,DC100959,15/02/2025,Outbound Call,6.7,Disputed Debt,Y,John M.
COM002350,DC100959,13/08/2024,Letter,,No Answer,Y,Antony B.
COM002351,DC100960,19-06-2026,Outbound Call,16.7,Left Voicemail,Y,Amy T.
COM002352,DC100960,05/25/2026,Letter,,Payment Arranged,N,Shirley J.
COM002353,DC100961,31-08-2024,Outbound Call,16.8,Left Voicemail,Y,Vincent G.
COM002354,DC100962,14/06/2025,Inbound Call,7.4,No Answer,Y,Olivia N.
COM002355,DC100963,19/05/2024,Outbound Call,6.7,Complaint Raised,Y,Janice P.
COM002356,DC100963,2024-07-07,Email,,Payment Arranged,Y,Steven P.
COM002357,DC100963,2025-06-20,outbound call,15.4,Requested Callback,Y,Jack W.
COM002358,DC100964,09/08/2026,Letter,,Wrong Number,N,Jonathan M.
COM002359,DC100965,2024-08-25,Email,,Left Voicemail,Y,Simon G.
COM002360,DC100965,02/04/2025,outbound call,18.6,Customer Confirmed Vulnerability,Y,Lydia B.
COM002361,DC100965,17/04/2025,SMS,,Call Dropped,Unknown,Ryan H.
COM002362,DC100965,22/06/2024,Inbound Call,13.4,No Answer,Y,Joe M.
COM002363,DC100965,2025-01-07,outbound call,13.2,Refused to Pay,Y,Amy L.
COM002364,DC100965,24-03-2025,Letter,,Disputed Debt,Y,Justin S.
COM002365,DC100965,2025-11-21,Email,,Disputed Debt,Y,Leonard P.
COM002366,DC100965,03/24/2025,Call,19.0,,Y,Francis D.
COM002367,DC100965,16-11-2025,Outbound Call,3.7,Payment Arranged,Y,Chloe W.
COM002368,DC100965,22/05/2024,outbound call,11.3,Requested Callback,Y,Ricky G.
COM002369,DC100966,03/09/2025,Call,9.7,Requested Callback,Unknown,Cameron C.
COM002370,DC100966,03-03-2025,Inbound Call,2.6,,Y,Christopher P.
COM002371,DC100966,2026-02-15,Letter,,Left Voicemail,Y,Lynne H.
COM002372,DC100969,2025-09-08,SMS,,Payment Arranged,Unknown,Charles W.
COM002373,DC100969,2025-09-10,outbound call,18.0,Left Voicemail,Y,Amber B.
COM002374,DC100970,2026-05-15,Email,,No Answer,N,Georgina R.
COM002375,DC100970,15/09/2026,Letter,,Requested Callback,Y,Amelia G.
COM002376,DC100970,13/03/2026,Email,,,Y,Rachael W.
COM002377,DC100971,06/19/2025,outbound call,16.8,Payment Arranged,Unknown,Charles C.
COM002378,DC100971,2025-08-05,Letter,,Customer Confirmed Vulnerability,N,Valerie G.
COM002379,DC100971,2026-01-01,Outbound Call,8.3,Left Voicemail,Y,Nicholas W.
COM002380,DC100971,03/06/2026,Outbound Call,11.7,No Answer,Y,Marion H.
COM002381,DC100972,19-03-2025,Email,,DSAR Request Logged,Y,Damien R.
COM002382,DC100972,13/06/2025,Letter,,No Answer,Y,Joel S.
COM002383,DC100973,2025-10-19,outbound call,16.9,Requested Callback,Y,Anne H.
COM002384,DC100973,2025-07-11,Email,,DSAR Request Logged,Y,Sharon E.
COM002385,DC100973,2026-08-22,Inbound Call,15.1,Call Dropped,Unknown,Alison B.
COM002386,DC100974,2024-11-19,SMS,,Call Dropped,Y,Ronald P.
COM002387,DC100974,2025-09-14,Call,5.9,,Y,Mohammed F.
COM002388,DC100974,2025-08-07,outbound call,19.8,Payment Arranged,Y,Leon E.
COM002389,DC100974,2024-11-09,Inbound Call,2.8,Refused to Pay,N,Russell F.
COM002390,DC100974,2024-09-27,SMS,,Requested Callback,Y,Arthur J.
COM002391,DC100975,2025-09-11,Call,19.7,Refused to Pay,Y,Karen B.
COM002392,DC100976,19-11-2025,Outbound Call,20.3,Requested Callback,Y,Leanne T.
COM002393,DC100976,2026-08-24,outbound call,8.5,Left Voicemail,Y,Tracy A.
COM002394,DC100976,2026-04-14,SMS,,No Answer,Y,Paul F.
COM002395,DC100977,05/20/2026,Call,6.8,Requested Callback,Y,Julie M.
COM002396,DC100977,2026-07-20,Email,,Payment Arranged,Y,Daniel T.
COM002397,DC100978,04/09/2025,outbound call,10.0,Disputed Debt,Y,Rosie E.
COM002398,DC100978,2025-11-01,Call,2.4,Complaint Raised,Y,Timothy A.
COM002399,DC100978,04/22/2026,Inbound Call,17.5,No Answer,Y,Ronald W.
COM002400,DC100978,2026-07-28,Outbound Call,4.4,Wrong Number,N,Roger S.
COM002401,DC100978,2025-12-07,outbound call,19.4,Payment Arranged,Y,Martin C.
COM002402,DC100979,2026-02-15,SMS,,Refused to Pay,Y,Clifford Y.
COM002403,DC100980,2024-10-28,Call,2.0,Payment Arranged,Y,Ryan W.
COM002404,DC100981,08/12/2026,Inbound Call,20.1,Customer Confirmed Vulnerability,Y,Joshua J.
COM002405,DC100982,2025-06-10,SMS,,,Y,Charles S.
COM002406,DC100983,28/06/2025,SMS,,Payment Arranged,Y,Russell L.
COM002407,DC100983,2025-12-04,Outbound Call,14.2,Payment Arranged,Y,Mohammed S.
COM002408,DC100983,2024-05-12,outbound call,11.1,Payment Arranged,Y,Joseph T.
COM002409,DC100983,05/10/2025,Outbound Call,14.9,Call Dropped,N,Karen H.
COM002410,DC100983,2025-02-26,outbound call,20.8,DSAR Request Logged,Y,Mohamed W.
COM002411,DC100983,2025-06-05,Letter,,Left Voicemail,Y,Darren C.
COM002412,DC100983,27-02-2025,Outbound Call,2.2,Payment Arranged,Y,Eric S.
COM002413,DC100984,2025-07-26,Call,11.1,No Answer,Y,Jill B.
COM002414,DC100984,28/01/2026,Outbound Call,9.1,Left Voicemail,N,Eric D.
COM002415,DC100984,2024-11-02,Outbound Call,11.8,Disputed Debt,Y,Kimberley P.
COM002416,DC100984,2025-12-15,Email,,Complaint Raised,N,Andrea M.
COM002417,DC100985,26/01/2025,Email,,Left Voicemail,Y,Gavin J.
COM002418,DC100985,2025-09-08,Inbound Call,6.1,Customer Confirmed Vulnerability,Y,Duncan O.
COM002419,DC100985,09/28/2024,Call,13.9,No Answer,Y,Ben H.
COM002420,DC100985,2024-07-30,SMS,,Payment Arranged,Y,Louis N.
COM002421,DC100985,08/09/2025,Letter,,Requested Callback,Y,Ben W.
COM002422,DC100986,2024-12-08,outbound call,13.0,Left Voicemail,Y,Shannon P.
COM002423,DC100986,18-10-2024,Inbound Call,2.8,Left Voicemail,Y,Lynne M.
COM002424,DC100986,17/10/2024,Inbound Call,10.2,Payment Arranged,Y,Shannon W.
COM002425,DC100987,23-01-2025,Call,21.6,No Answer,Y,Malcolm H.
COM002426,DC100987,2025-12-21,Call,1.8,Complaint Raised,Y,Max M.
COM002427,DC100987,2024-12-18,Outbound Call,17.2,Left Voicemail,Y,George W.
COM002428,DC100987,05/03/2025,Call,5.0,,Y,Rosemary T.
COM002429,DC100987,2025-11-11,outbound call,19.6,Disputed Debt,Y,Brett M.
COM002430,DC100987,2024-07-30,Letter,,Left Voicemail,N,Lisa W.
COM002431,DC100987,2025-05-16,Outbound Call,7.0,Wrong Number,Y,Molly F.
COM002432,DC100988,2024-05-29,Inbound Call,3.7,,Y,William H.
COM002433,DC100989,2026-01-17,Letter,,Left Voicemail,Y,Jean A.
COM002434,DC100989,2025-06-06,outbound call,1.0,Complaint Raised,Y,Keith J.
COM002435,DC100989,2025-09-08,Call,16.7,Disputed Debt,Y,Dylan F.
COM002436,DC100989,2025-07-03,outbound call,13.1,No Answer,Y,Ricky W.
COM002437,DC100989,26-09-2024,Inbound Call,19.4,No Answer,Unknown,Stephen C.
COM002438,DC100989,20/03/2025,Letter,,Customer Confirmed Vulnerability,Y,Marilyn R.
COM002439,DC100989,28-06-2024,Call,16.9,Complaint Raised,Y,Max H.
COM002440,DC100989,2025-05-26,outbound call,6.5,,Y,Anna M.
COM002441,DC100989,2024-10-18,Inbound Call,10.9,Left Voicemail,Y,Lucy C.
COM002442,DC100989,2024-09-11,Letter,,,Y,Nigel G.
COM002443,DC100990,09/03/2025,Inbound Call,4.6,Left Voicemail,Y,Katie W.
COM002444,DC100990,16-12-2024,SMS,,Payment Arranged,Y,Bernard S.
COM002445,DC100990,2024-05-09,Email,,Left Voicemail,Y,Christine B.
COM002446,DC100991,2024-11-28,Call,12.5,Requested Callback,Y,Mary D.
COM002447,DC100991,31/08/2025,SMS,,No Answer,Y,Henry J.
COM002448,DC100991,2026-05-06,SMS,,No Answer,Y,Derek K.
COM002449,DC100991,2025-11-10,SMS,,No Answer,Unknown,Natasha J.
COM002450,DC100992,2025-08-09,Letter,,Complaint Raised,Y,Jacqueline W.
COM002451,DC100992,05/06/2026,Email,,Left Voicemail,Y,Patrick H.
COM002452,DC100994,07/31/2025,SMS,,No Answer,Y,Lucy M.
COM002453,DC100994,18/03/2026,SMS,,Customer Confirmed Vulnerability,Y,Bernard P.
COM002454,DC100994,09-08-2025,Letter,,Payment Arranged,Y,Alexandra W.
COM002455,DC100994,19-04-2026,Outbound Call,19.5,Payment Arranged,Y,Katy C.
COM002456,DC100994,25/11/2025,Inbound Call,17.5,No Answer,N,Stacey P.
COM002457,DC100995,2024-10-07,Outbound Call,0.8,Requested Callback,Y,Ashley D.
COM002458,DC100995,2025-06-05,Inbound Call,22.0,,Y,Karl T.
COM002459,DC100995,2026-03-03,Email,,Customer Confirmed Vulnerability,Y,Kenneth C.
COM002460,DC100995,25/03/2025,SMS,,Complaint Raised,Y,Hollie W.
COM002461,DC100996,2025-11-03,Inbound Call,9.2,Left Voicemail,Y,Mark S.
COM002462,DC100996,2025-03-20,Email,,DSAR Request Logged,Y,Mathew K.
COM002463,DC100997,2026-03-03,Letter,,Refused to Pay,N,Oliver J.
COM002464,DC100997,2026-04-16,Call,14.3,No Answer,Y,Stuart B.
COM002465,DC100997,2026-08-31,outbound call,8.9,No Answer,Y,Dorothy G.
COM002466,DC100998,2025-08-31,Letter,,No Answer,Y,Angela J.
COM002467,DC100998,2026-05-02,Outbound Call,9.5,Disputed Debt,Y,Marie H.
COM002468,DC100998,2025-09-30,Call,1.2,Left Voicemail,Y,Bradley S.
COM002469,DC100998,2025-07-18,Email,,Left Voicemail,Y,Rachael S.
COM002470,DC100998,2026-07-05,Outbound Call,15.1,Requested Callback,Y,Karen M.
COM002471,DC101000,30/10/2024,Outbound Call,9.7,,Unknown,Colin K.
COM002472,DC101000,2025-03-19,SMS,,No Answer,Unknown,Damian W.
COM002473,DC101000,2025-06-15,outbound call,14.4,Customer Confirmed Vulnerability,Y,Conor J.
COM002474,DC101000,2024-02-24,Email,,Payment Arranged,Y,Frances P.
COM002475,DC101003,2026-04-16,outbound call,9.6,Refused to Pay,Y,Thomas S.
COM002476,DC101004,2025-09-26,outbound call,5.1,,Y,Valerie T.
COM002477,DC101004,2026-02-21,Email,,Disputed Debt,Y,Valerie T.
COM002478,DC101004,2026-06-13,outbound call,14.9,Requested Callback,Y,Beverley R.
COM002479,DC101005,2025-11-12,outbound call,17.1,No Answer,Y,Damian R.
COM002480,DC101005,26/05/2025,Email,,Requested Callback,Y,Joan W.
COM002481,DC101005,2024-11-25,Letter,,Refused to Pay,Y,Nicole S.
COM002482,DC101006,10/19/2024,outbound call,20.4,Refused to Pay,Y,Marian H.
COM002483,DC101006,11-06-2024,Letter,,No Answer,Y,Roger C.
COM002484,DC101006,2024-03-22,outbound call,14.7,Disputed Debt,Y,Joanna K.
COM002485,DC101008,2025-10-21,Outbound Call,21.5,Left Voicemail,Y,Maria S.
COM002486,DC101009,2025-08-03,Email,,Requested Callback,Unknown,Sarah N.
COM002487,DC101009,2025-06-02,Letter,,Wrong Number,Y,Melanie L.
COM002488,DC101009,2025-07-04,SMS,,Payment Arranged,Y,Joanna T.
COM002489,DC101009,2025-12-09,Call,16.7,No Answer,Y,Danny H.
COM002490,DC101010,19/08/2026,outbound call,13.4,DSAR Request Logged,Y,Lesley K.
COM002491,DC101010,2026-02-18,Call,10.8,No Answer,Y,Kyle B.
COM002492,DC101010,2026-02-28,Inbound Call,7.2,Call Dropped,Y,Natasha P.
COM002493,DC101011,05-08-2025,Letter,,Wrong Number,Y,Katy J.
COM002494,DC101012,2024-10-27,outbound call,12.5,Left Voicemail,Y,Stewart B.
COM002495,DC101012,2025-06-24,outbound call,20.0,Payment Arranged,Unknown,Kim G.
COM002496,DC101012,24-04-2024,Outbound Call,19.2,Payment Arranged,Y,Karen F.
COM002497,DC101014,2024-08-19,Letter,,Customer Confirmed Vulnerability,Y,Sam T.
COM002498,DC101014,27-10-2025,outbound call,14.3,Requested Callback,Y,Bruce B.
COM002499,DC101014,2024-11-06,Outbound Call,1.6,Customer Confirmed Vulnerability,Y,Kenneth A.
COM002500,DC101014,2025-06-08,Email,,Complaint Raised,Y,Jay E.
COM002501,DC101016,16/08/2025,Inbound Call,14.9,Payment Arranged,Y,Leslie P.
COM002502,DC101018,2026-01-12,Letter,,Complaint Raised,Y,Lynn A.
COM002503,DC101019,2026-07-21,Letter,,Wrong Number,Y,Tony W.
COM002504,DC101019,2026-03-25,Call,15.4,,Unknown,Leah B.
COM002505,DC101019,2025-08-30,Inbound Call,12.7,Payment Arranged,Y,Leslie J.
COM002506,DC101019,2026-01-04,Call,15.7,Left Voicemail,Y,Duncan W.
COM002507,DC101019,17/05/2026,Inbound Call,15.8,Disputed Debt,Y,Nicholas H.
COM002508,DC101019,30/09/2025,Inbound Call,21.7,Complaint Raised,Y,Marion J.
COM002509,DC101019,07/08/2025,outbound call,2.7,Payment Arranged,Y,Mark G.
COM002510,DC101020,09-04-2026,Email,,Requested Callback,Y,Abbie F.
COM002511,DC101020,2025-08-11,outbound call,12.7,Requested Callback,Y,Ronald H.
COM002512,DC101020,2026-07-16,Letter,,Refused to Pay,Unknown,Louise T.
COM002513,DC101021,2025-11-25,Email,,Requested Callback,Y,David S.
COM002514,DC101021,29/04/2026,SMS,,Left Voicemail,Y,Glenn F.
COM002515,DC101021,2026-02-23,Letter,,Refused to Pay,Y,Lee R.
COM002516,DC101021,2026-03-06,Call,5.1,Payment Arranged,Y,Rebecca C.
COM002517,DC101021,2026-01-04,Outbound Call,12.8,DSAR Request Logged,Y,Jeffrey R.
COM002518,DC101023,20-09-2026,Outbound Call,16.0,Customer Confirmed Vulnerability,Y,Jack E.
COM002519,DC101023,29/05/2026,Inbound Call,18.6,DSAR Request Logged,N,Jayne T.
COM002520,DC101023,2026-03-02,Email,,Requested Callback,Y,Graham A.
COM002521,DC101023,2025-10-30,Email,,No Answer,Y,Duncan M.
COM002522,DC101024,02/08/2025,SMS,,,Y,Jasmine W.
COM002523,DC101024,2024-06-01,SMS,,Complaint Raised,Y,Shaun J.
COM002524,DC101024,13/03/2025,Email,,Disputed Debt,Y,Gillian G.
COM002525,DC101026,30/11/2025,outbound call,5.0,Requested Callback,Y,Christopher B.
COM002526,DC101026,2024-10-04,Inbound Call,1.7,No Answer,Y,Samantha A.
COM002527,DC101026,08/21/2024,Outbound Call,13.3,Payment Arranged,Y,Debra W.
COM002528,DC101026,2024-11-20,Outbound Call,12.0,Payment Arranged,Y,Danielle S.
COM002529,DC101026,20-12-2024,Email,,Requested Callback,Y,Danny M.
COM002530,DC101026,06/01/2025,Inbound Call,10.1,Payment Arranged,Y,Tracey G.
COM002531,DC101026,22/12/2024,outbound call,10.6,Left Voicemail,Y,Lydia M.
COM002532,DC101026,04/08/2024,Inbound Call,13.2,Refused to Pay,Y,William J.
COM002533,DC101026,2024-10-19,Outbound Call,5.0,No Answer,Y,Amanda T.
COM002534,DC101026,11/09/2025,SMS,,Wrong Number,N,Deborah W.
COM002535,DC101028,19-08-2026,Letter,,Customer Confirmed Vulnerability,Y,Owen B.
COM002536,DC101028,2026-06-08,Letter,,No Answer,N,Marion R.
COM002537,DC101029,11/12/2025,Letter,,Payment Arranged,Y,Marc D.
COM002538,DC101029,23/08/2026,Inbound Call,12.3,No Answer,Y,George W.
COM002539,DC101029,06-09-2025,Inbound Call,18.4,Left Voicemail,Y,Diane S.
COM002540,DC101030,2026-06-01,SMS,,Wrong Number,Y,Ellie G.
COM002541,DC101034,2024-12-13,Letter,,No Answer,Y,Carly C.
COM002542,DC101034,03/03/2025,outbound call,13.5,,Y,Marian S.
COM002543,DC101034,04/09/2025,Inbound Call,5.6,No Answer,Y,Colin A.
COM002544,DC101034,20-06-2025,Letter,,Wrong Number,Y,Clifford K.
COM002545,DC101035,2025-12-06,Inbound Call,3.7,Customer Confirmed Vulnerability,Y,Nigel M.
COM002546,DC101035,14/11/2025,Letter,,Requested Callback,N,Martyn L.
COM002547,DC101035,2025-08-26,Inbound Call,16.1,Payment Arranged,N,Gerard C.
COM002548,DC101036,27/07/2026,Call,13.9,No Answer,Y,Kelly C.
COM002549,DC101039,2025-08-19,SMS,,Refused to Pay,Y,Lesley W.
COM002550,DC101039,2026-08-26,SMS,,Left Voicemail,Y,Ryan O.
COM002551,DC101039,06/09/2025,Inbound Call,11.4,Refused to Pay,Y,Hazel M.
COM002552,DC101040,2025-07-02,Email,,Call Dropped,Y,Iain G.
COM002553,DC101040,09/04/2025,outbound call,13.2,Payment Arranged,Y,Jordan L.
COM002554,DC101040,2024-12-10,Inbound Call,19.9,,Y,Anne L.
COM002555,DC101041,11/12/2025,Inbound Call,7.4,Payment Arranged,Y,Maurice S.
COM002556,DC101043,2024-03-21,Email,,Complaint Raised,N,Nicholas L.
COM002557,DC101043,2025-04-25,Email,,Requested Callback,Y,Olivia B.
COM002558,DC101044,12/07/2026,Outbound Call,20.4,Wrong Number,Y,Kyle H.
COM002559,DC101044,2025-11-21,Letter,,,N,Justin T.
COM002560,DC101044,18/03/2026,Inbound Call,11.1,Requested Callback,Y,Leslie H.
COM002561,DC101046,25/06/2025,Outbound Call,1.1,No Answer,Y,Vincent H.
COM002562,DC101046,2025-02-12,Inbound Call,7.9,No Answer,Y,Jean T.
COM002563,DC101046,2025-01-24,Call,19.8,Complaint Raised,Y,Max W.
COM002564,DC101046,2026-01-12,Letter,,No Answer,Y,Albert C.
COM002565,DC101046,2025-10-13,Outbound Call,6.4,Complaint Raised,Y,Donna W.
COM002566,DC101046,26/09/2024,Letter,,Payment Arranged,Y,Marion S.
COM002567,DC101046,2024-11-10,Email,,Requested Callback,Y,Shirley C.
COM002568,DC101047,2024-07-17,Email,,No Answer,Y,Sarah C.
COM002569,DC101047,2024-12-25,Letter,,Left Voicemail,N,Paula C.
COM002570,DC101047,2024-10-31,Inbound Call,19.2,No Answer,Y,Eric O.
COM002571,DC101047,2024-01-28,Inbound Call,4.6,Payment Arranged,Y,Ashley F.
COM002572,DC101047,2024-03-29,outbound call,1.8,Call Dropped,Y,Kirsty T.
COM002573,DC101049,2024-10-28,SMS,,Left Voicemail,Y,Georgia W.
COM002574,DC101050,2026-04-08,Email,,Payment Arranged,Y,Philip R.
COM002575,DC101050,05-12-2025,Letter,,,Y,Paul W.
COM002576,DC101051,2025-06-26,Call,2.6,No Answer,Y,Tom J.
COM002577,DC101052,2025-04-01,Call,13.1,Wrong Number,Y,Max C.
COM002578,DC101052,2026-01-16,Letter,,No Answer,Y,Deborah W.
COM002579,DC101052,07/07/2025,Email,,Requested Callback,Y,Damian P.
COM002580,DC101052,14/04/2025,Inbound Call,1.7,,Y,Marie G.
COM002581,DC101052,2024-10-03,outbound call,20.2,Wrong Number,Y,Ryan J.
COM002582,DC101053,2025-05-15,outbound call,8.0,Left Voicemail,N,Eleanor H.
COM002583,DC101053,26/07/2025,Inbound Call,8.3,Refused to Pay,Y,Ellie P.
COM002584,DC101053,2025-02-18,Letter,,No Answer,N,Stewart J.
COM002585,DC101054,2026-04-13,Email,,,Y,Victoria P.
COM002586,DC101054,08-03-2026,outbound call,16.4,Left Voicemail,Y,Billy M.
COM002587,DC101055,24-02-2026,Call,18.9,Customer Confirmed Vulnerability,Y,Zoe S.
COM002588,DC101055,2026-09-07,Outbound Call,12.2,Disputed Debt,Y,Phillip M.
COM002589,DC101055,2025-08-15,Email,,Refused to Pay,N,Hannah W.
COM002590,DC101056,2024-09-28,Email,,Payment Arranged,Y,Alison W.
COM002591,DC101056,27/03/2024,SMS,,Left Voicemail,Y,Bruce S.
COM002592,DC101056,2024-09-13,Outbound Call,13.2,Requested Callback,Y,Douglas W.
COM002593,DC101056,2024-01-04,Outbound Call,10.1,Left Voicemail,Y,Jade C.
COM002594,DC101056,2025-02-20,outbound call,16.3,No Answer,Y,Charlotte M.
COM002595,DC101056,29/07/2024,Call,20.5,No Answer,Y,Sophie F.
COM002596,DC101056,2025-07-17,Email,,No Answer,Y,Joseph O.
COM002597,DC101056,19-08-2024,Call,10.5,Refused to Pay,Y,Joel Y.
COM002598,DC101056,05/06/2025,SMS,,No Answer,Y,Nicholas R.
COM002599,DC101056,2025-01-04,Outbound Call,20.6,Requested Callback,Unknown,Georgia M.
COM002600,DC101057,2025-07-08,Outbound Call,12.8,No Answer,Y,Darren B.
COM002601,DC101057,2025-08-14,Letter,,Payment Arranged,Y,Alice B.
COM002602,DC101057,16/10/2025,Letter,,Left Voicemail,Y,Mohammed M.
COM002603,DC101057,05/06/2026,outbound call,15.6,Left Voicemail,N,Jamie B.
COM002604,DC101058,2026-03-14,Outbound Call,20.6,Customer Confirmed Vulnerability,Y,Albert T.
COM002605,DC101058,12/06/2026,SMS,,No Answer,Y,Sandra B.
COM002606,DC101058,21/09/2026,outbound call,2.1,Left Voicemail,Unknown,Chelsea C.
COM002607,DC101058,04/01/2026,SMS,,Left Voicemail,N,Gregory S.
COM002608,DC101058,03/08/2026,outbound call,13.7,Customer Confirmed Vulnerability,Y,Julie A.
COM002609,DC101058,14/10/2025,Letter,,Wrong Number,Y,Anne R.
COM002610,DC101058,2026-04-06,Call,21.5,No Answer,Y,Alan W.
COM002611,DC101060,2025-06-29,Call,16.3,Wrong Number,Y,Diane W.
COM002612,DC101060,2025-03-14,Letter,,Payment Arranged,N,Duncan K.
COM002613,DC101061,2026-04-23,Call,8.9,No Answer,Y,Leah W.
COM002614,DC101061,2025-07-18,outbound call,21.0,Left Voicemail,Y,Phillip B.
COM002615,DC101061,2024-11-27,Inbound Call,5.4,Refused to Pay,Y,Carol J.
COM002616,DC101062,18/01/2026,Inbound Call,2.0,Refused to Pay,Y,Trevor F.
COM002617,DC101063,2025-05-04,Inbound Call,9.5,No Answer,Y,Justin B.
COM002618,DC101063,2024-12-02,Inbound Call,7.7,,Y,Alice W.
COM002619,DC101063,2025-06-16,SMS,,Call Dropped,Y,Jemma W.
COM002620,DC101064,2025-07-05,Inbound Call,12.0,Left Voicemail,Y,Andrew V.
COM002621,DC101064,2024-08-10,Email,,Customer Confirmed Vulnerability,Y,Alison B.
COM002622,DC101064,2025-05-26,Letter,,Complaint Raised,Y,Kathleen C.
COM002623,DC101064,2024-05-10,Email,,No Answer,Y,Charlie K.
COM002624,DC101064,2024-10-12,Inbound Call,9.8,Left Voicemail,Y,Hugh D.
COM002625,DC101064,2025-06-24,Email,,No Answer,N,Jordan C.
COM002626,DC101064,2024-07-07,Letter,,Payment Arranged,Y,Russell A.
COM002627,DC101066,2026-05-16,Inbound Call,15.4,Left Voicemail,Y,Leslie B.
COM002628,DC101066,2026-08-31,Letter,,Payment Arranged,Y,Annette R.
COM002629,DC101066,2025-11-04,Inbound Call,16.1,Payment Arranged,Y,Stephanie D.
COM002630,DC101067,2026-09-01,Call,15.2,Payment Arranged,Y,Peter C.
COM002631,DC101068,17/02/2025,Email,,Payment Arranged,Y,Kim S.
COM002632,DC101068,2026-04-05,Outbound Call,6.1,Refused to Pay,Unknown,Daniel W.
COM002633,DC101068,18-02-2026,Call,14.3,,N,Kim S.
COM002634,DC101069,2024-07-11,SMS,,Requested Callback,N,Terence G.
COM002635,DC101069,2024-12-02,Email,,No Answer,Y,Darren S.
COM002636,DC101069,2024-08-26,Call,10.6,Requested Callback,Y,Chelsea O.
COM002637,DC101069,09/01/2025,SMS,,Requested Callback,Y,Beth M.
COM002638,DC101070,24-08-2025,SMS,,No Answer,Y,Joanne R.
COM002639,DC101071,2025-04-28,Letter,,No Answer,Y,Jane D.
COM002640,DC101071,05/23/2025,Inbound Call,14.4,Requested Callback,Y,Christian B.
COM002641,DC101071,2026-03-20,Email,,Disputed Debt,Y,Brian A.
COM002642,DC101071,2025-04-22,outbound call,13.3,Payment Arranged,Y,Ben W.
COM002643,DC101071,08/07/2025,Call,6.5,,Y,Sian W.
COM002644,DC101071,2026-03-02,SMS,,Complaint Raised,Y,Stephen J.
COM002645,DC101071,2025-06-07,SMS,,No Answer,Y,Kimberley J.
COM002646,DC101071,25/08/2025,Email,,Complaint Raised,Y,Natasha B.
COM002647,DC101071,2025-07-30,SMS,,Requested Callback,Y,Jonathan D.
COM002648,DC101071,2025-04-15,SMS,,Disputed Debt,Y,Kirsty W.
COM002649,DC101072,29/06/2026,SMS,,No Answer,Y,Abigail O.
COM002650,DC101073,03/11/2024,Outbound Call,9.2,No Answer,Unknown,Rita S.
COM002651,DC101075,2025-06-04,Email,,Left Voicemail,Y,Donald H.
COM002652,DC101075,2025-06-08,Outbound Call,6.9,Left Voicemail,Y,Clare R.
COM002653,DC101075,2025-08-05,Call,0.6,Payment Arranged,Y,Thomas W.
COM002654,DC101077,03/03/2025,SMS,,No Answer,N,Marcus T.
COM002655,DC101077,2025-09-16,Inbound Call,16.5,Requested Callback,Y,Kate H.
COM002656,DC101077,2025-10-14,Inbound Call,10.3,Complaint Raised,Y,Robert M.
COM002657,DC101078,2026-03-11,Email,,Requested Callback,Y,Paula H.
COM002658,DC101078,2025-12-06,Letter,,No Answer,Y,Rosie H.
COM002659,DC101078,23/02/2026,Outbound Call,14.3,Wrong Number,N,Nicholas D.
COM002660,DC101079,2025-03-10,Call,6.2,No Answer,Y,Toby S.
COM002661,DC101079,2025-03-13,SMS,,Payment Arranged,Unknown,Ruth F.
COM002662,DC101079,2025-07-01,Letter,,Requested Callback,Y,Jack C.
COM002663,DC101079,19/08/2025,Inbound Call,3.7,Left Voicemail,Y,Sarah R.
COM002664,DC101079,2025-07-24,outbound call,16.7,Call Dropped,Y,Kathryn S.
COM002665,DC101079,19-09-2025,Letter,,Left Voicemail,Y,Barbara P.
COM002666,DC101079,2025-01-07,outbound call,16.1,Requested Callback,Y,Jessica A.
COM002667,DC101079,25/10/2025,Email,,Requested Callback,Y,Philip R.
COM002668,DC101079,2025-08-02,Inbound Call,2.1,Customer Confirmed Vulnerability,Y,Shannon W.
COM002669,DC101079,09/13/2024,outbound call,8.7,Disputed Debt,Y,Paul C.
COM002670,DC101081,04/04/2026,Call,18.0,Wrong Number,Y,Abdul B.
COM002671,DC101081,09/02/2026,Call,11.8,Call Dropped,Y,Sally C.
COM002672,DC101081,2026-02-03,Email,,Refused to Pay,Y,Ricky S.
COM002673,DC101081,22/09/2025,Letter,,Payment Arranged,Y,Duncan B.
COM002674,DC101081,18-07-2025,Email,,Complaint Raised,N,Amelia L.
COM002675,DC101081,19-05-2025,Letter,,Left Voicemail,Y,Annette D.
COM002676,DC101081,2026-05-16,Letter,,,Y,Keith H.
COM002677,DC101082,2026-08-31,Email,,Complaint Raised,Y,Elizabeth J.
COM002678,DC101082,2025-12-08,Call,10.7,Disputed Debt,Y,Christopher C.
COM002679,DC101082,2026-07-24,SMS,,Disputed Debt,Y,Nicola W.
COM002680,DC101082,2026-01-24,Outbound Call,21.0,Wrong Number,Y,Mathew A.
COM002681,DC101082,2025-06-08,Outbound Call,7.3,No Answer,Y,Josephine C.
COM002682,DC101082,2025-08-29,Outbound Call,19.7,Requested Callback,Y,Leah H.
COM002683,DC101082,08-09-2026,Email,,Complaint Raised,Y,Lee W.
COM002684,DC101083,2025-12-18,Letter,,No Answer,Y,Howard Y.
COM002685,DC101084,2025-11-23,Letter,,Customer Confirmed Vulnerability,N,Sylvia S.
COM002686,DC101084,27/06/2025,Inbound Call,21.2,No Answer,Y,Hilary L.
COM002687,DC101085,29/11/2024,outbound call,2.5,Disputed Debt,Y,Marc S.
COM002688,DC101085,2025-11-22,Email,,Disputed Debt,Y,Jordan C.
COM002689,DC101086,2024-01-09,SMS,,Call Dropped,Y,June S.
COM002690,DC101086,06/05/2024,Call,4.8,Refused to Pay,Y,Amy Y.
COM002691,DC101086,2024-08-14,Outbound Call,15.8,Customer Confirmed Vulnerability,Y,Luke W.
COM002692,DC101086,2024-02-04,Email,,Disputed Debt,Y,Anthony M.
COM002693,DC101086,2025-02-17,Email,,,Y,Sally J.
COM002694,DC101086,2024-10-04,Letter,,Left Voicemail,Y,Ryan W.
COM002695,DC101086,2025-02-26,Outbound Call,20.5,Requested Callback,Y,Gary P.
COM002696,DC101086,01-04-2024,Email,,Payment Arranged,Y,Joanne H.
COM002697,DC101086,2024-04-10,Letter,,,Y,Roger F.
COM002698,DC101086,31/07/2024,Email,,No Answer,Unknown,Elizabeth W.
COM002699,DC101087,28/09/2025,Email,,Payment Arranged,Y,Bryan L.
COM002700,DC101087,2025-10-01,Outbound Call,20.2,Call Dropped,Y,Kerry R.
COM002701,DC101088,11/08/2026,Outbound Call,0.8,No Answer,Y,Irene B.
COM002702,DC101089,2025-06-02,Inbound Call,3.4,Left Voicemail,Y,Georgia B.
COM002703,DC101089,2025-02-19,Letter,,Payment Arranged,Y,Rosemary M.
COM002704,DC101091,2024-07-23,Inbound Call,19.7,Requested Callback,Y,Eileen J.
COM002705,DC101091,2024-04-29,Letter,,Payment Arranged,Y,Martyn N.
COM002706,DC101091,2025-05-20,SMS,,Payment Arranged,Y,Samantha P.
COM002707,DC101091,2024-07-11,Email,,Requested Callback,Y,Mary C.
COM002708,DC101092,27/07/2026,Call,7.5,Refused to Pay,Y,Grace Y.
COM002709,DC101092,19-03-2026,Email,,No Answer,Y,Emma T.
COM002710,DC101093,05/08/2025,Inbound Call,16.2,No Answer,Y,Megan S.
COM002711,DC101093,30-06-2024,SMS,,Wrong Number,Y,Wayne B.
COM002712,DC101094,2024-04-24,Letter,,Left Voicemail,Y,Aaron G.
COM002713,DC101094,17/08/2024,Email,,No Answer,Y,Shane J.
COM002714,DC101096,2025-11-22,Letter,,Left Voicemail,Y,Clive T.
COM002715,DC101096,2025-10-10,Outbound Call,12.9,Payment Arranged,Y,Emily C.
COM002716,DC101098,01/03/2026,Letter,,No Answer,Y,Max L.
COM002717,DC101098,2025-12-21,Email,,Left Voicemail,Y,Marilyn P.
COM002718,DC101099,2026-01-06,outbound call,17.6,Requested Callback,Y,Jemma S.
COM002719,DC101099,2026-07-24,Inbound Call,12.1,,Y,Zoe D.
COM002720,DC101101,01/07/2026,Inbound Call,19.9,Left Voicemail,Y,Jonathan C.
COM002721,DC101101,2026-05-10,Call,20.0,No Answer,Unknown,Bryan B.
COM002722,DC101102,2026-06-16,Call,3.4,Payment Arranged,Y,Gareth B.
COM002723,DC101104,2026-05-10,Email,,Disputed Debt,Y,Jane A.
COM002724,DC101104,2025-05-05,Inbound Call,10.9,Payment Arranged,Y,Fiona G.
COM002725,DC101104,12/04/2025,Outbound Call,6.6,No Answer,Y,Dean A.
COM002726,DC101104,10/09/2025,Call,5.2,Call Dropped,Y,Clare H.
COM002727,DC101104,2025-07-06,Outbound Call,9.5,Payment Arranged,Y,John C.
COM002728,DC101104,19/01/2025,Inbound Call,3.7,Payment Arranged,Y,Vincent P.
COM002729,DC101104,29/03/2025,SMS,,,Y,Carol W.
COM002730,DC101105,24/07/2026,Inbound Call,15.8,Payment Arranged,Y,Darren S.
COM002731,DC101106,2025-07-30,Outbound Call,18.5,Disputed Debt,Y,Lucy S.
COM002732,DC101106,2025-02-22,Inbound Call,4.4,,Y,Billy S.
COM002733,DC101106,2025-02-08,Call,7.4,Requested Callback,Unknown,Elliott D.
COM002734,DC101107,2026-04-27,Inbound Call,4.8,Refused to Pay,Y,Hollie H.
COM002735,DC101107,31/07/2026,Inbound Call,1.2,DSAR Request Logged,Y,Jay E.
COM002736,DC101107,01/25/2026,Inbound Call,11.6,Customer Confirmed Vulnerability,Y,Amelia M.
COM002737,DC101107,2026-06-30,Outbound Call,11.3,Disputed Debt,Y,Conor K.
COM002738,DC101107,19/04/2026,Inbound Call,18.3,Refused to Pay,Y,Jason H.
COM002739,DC101108,2026-06-07,Email,,Call Dropped,Unknown,Laura M.
COM002740,DC101109,12/05/2025,Letter,,Call Dropped,Y,Andrew C.
COM002741,DC101109,2025-07-18,outbound call,20.2,Disputed Debt,Y,Tracey M.
COM002742,DC101111,2026-09-21,Outbound Call,15.5,No Answer,Y,Denise K.
COM002743,DC101111,2026-07-02,Email,,Complaint Raised,Y,Terence P.
COM002744,DC101111,29-07-2026,Inbound Call,2.9,Payment Arranged,Y,Shirley P.
COM002745,DC101112,2026-09-05,outbound call,1.9,Complaint Raised,N,Maureen C.
COM002746,DC101114,2026-01-03,SMS,,Wrong Number,Unknown,Derek W.
COM002747,DC101114,2025-01-03,Call,7.4,Left Voicemail,N,Scott W.
COM002748,DC101114,30/04/2026,Call,20.9,Complaint Raised,Y,Ian P.
COM002749,DC101116,2026-05-05,Inbound Call,12.3,Refused to Pay,Y,Sara M.
COM002750,DC101117,08/06/2026,Call,17.0,DSAR Request Logged,Y,Fiona F.
COM002751,DC101117,2025-04-26,Call,16.8,Disputed Debt,Y,Christine J.
COM002752,DC101118,2025-07-05,SMS,,Wrong Number,Unknown,Danielle M.
COM002753,DC101119,2026-03-20,Call,10.5,Requested Callback,Y,Dorothy F.
COM002754,DC101120,2025-01-13,Inbound Call,21.3,No Answer,Y,Adam W.
COM002755,DC101120,2025-03-13,Call,10.1,Call Dropped,Y,Christian B.
COM002756,DC101120,2025-09-25,Inbound Call,12.1,Payment Arranged,Y,Charlotte G.
COM002757,DC101120,15/05/2025,Letter,,Customer Confirmed Vulnerability,Y,Victoria M.
COM002758,DC101120,23/09/2024,Inbound Call,8.2,No Answer,Y,Scott B.
COM002759,DC101121,2024-12-25,SMS,,Requested Callback,Y,Liam M.
COM002760,DC101121,2025-06-07,Inbound Call,14.9,No Answer,Y,Shirley J.
COM002761,DC101122,2025-02-23,SMS,,Customer Confirmed Vulnerability,N,Leigh P.
COM002762,DC101122,2025-03-20,Outbound Call,6.9,No Answer,Y,Marie W.
COM002763,DC101122,2024-06-07,Email,,Complaint Raised,Y,Grace M.
COM002764,DC101122,2024-07-09,Inbound Call,10.9,Call Dropped,Y,Dean F.
COM002765,DC101124,2026-01-21,Email,,No Answer,Y,Lorraine S.
COM002766,DC101124,20/02/2026,Inbound Call,20.7,Customer Confirmed Vulnerability,Y,Danny M.
COM002767,DC101124,2026-01-31,Outbound Call,10.1,No Answer,Y,Lesley T.
COM002768,DC101124,2026-08-09,outbound call,4.8,Requested Callback,Y,Tracey H.
COM002769,DC101125,2025-04-23,Inbound Call,5.9,Refused to Pay,Y,Olivia P.
COM002770,DC101125,2026-04-17,Letter,,DSAR Request Logged,Y,Christian P.
COM002771,DC101125,23/02/2026,SMS,,Disputed Debt,Y,Tracy B.
COM002772,DC101125,2026-06-24,Call,8.7,Wrong Number,Unknown,Adrian S.
COM002773,DC101125,03/03/2025,Letter,,Payment Arranged,Y,Judith L.
COM002774,DC101126,12/10/2025,Outbound Call,19.8,DSAR Request Logged,Y,Tony B.
COM002775,DC101126,19/09/2026,Email,,,Y,Louis G.
COM002776,DC101126,2026-02-05,Email,,No Answer,N,Marc G.
COM002777,DC101126,28/05/2025,Call,4.0,Customer Confirmed Vulnerability,Y,Karl S.
COM002778,DC101126,2025-08-10,SMS,,Requested Callback,Y,June C.
COM002779,DC101128,25/12/2025,SMS,,No Answer,Y,Robert B.
COM002780,DC101128,2026-05-06,outbound call,3.5,No Answer,Y,Joseph H.
COM002781,DC101128,17/01/2026,Call,18.8,Refused to Pay,Unknown,Adam R.
COM002782,DC101128,2026-02-24,outbound call,5.1,Complaint Raised,Y,Katy H.
COM002783,DC101128,2025-08-11,Call,15.8,DSAR Request Logged,Y,Tracey L.
COM002784,DC101128,2025-02-19,Inbound Call,7.1,Payment Arranged,Y,Amber W.
COM002785,DC101128,06/05/2026,Email,,Wrong Number,Y,Joseph A.
COM002786,DC101128,24-11-2025,Email,,Refused to Pay,N,Stewart C.
COM002787,DC101128,2025-08-08,SMS,,No Answer,Y,Irene W.
COM002788,DC101128,25-11-2025,outbound call,8.7,Left Voicemail,N,Joshua T.
COM002789,DC101129,13/02/2026,Inbound Call,5.3,Payment Arranged,Y,Lynne B.
COM002790,DC101129,2026-01-19,Inbound Call,12.5,Requested Callback,Y,Clifford I.
COM002791,DC101129,2026-04-30,Outbound Call,6.3,Refused to Pay,Y,Dennis L.
COM002792,DC101130,25/03/2026,Inbound Call,6.7,Payment Arranged,Y,Danny W.
COM002793,DC101130,2026-06-13,Inbound Call,19.2,Left Voicemail,Y,Heather W.
COM002794,DC101131,2025-03-02,Email,,No Answer,Y,Ryan W.
COM002795,DC101132,2025-04-28,SMS,,Requested Callback,Y,Carly M.
COM002796,DC101132,2026-08-23,Call,10.4,Left Voicemail,Y,Vanessa C.
COM002797,DC101133,2024-10-24,Email,,Left Voicemail,Y,Dorothy S.
COM002798,DC101133,2025-01-15,Call,19.7,Requested Callback,Y,Barry D.
COM002799,DC101133,21/05/2024,Inbound Call,14.8,Complaint Raised,Y,Mark M.
COM002800,DC101133,2024-06-25,Inbound Call,11.4,Requested Callback,Y,Carolyn B.
COM002801,DC101134,2025-07-08,Letter,,DSAR Request Logged,Y,Justin B.
COM002802,DC101134,21/06/2025,Letter,,Complaint Raised,Y,Dale H.
COM002803,DC101135,2026-07-19,Email,,Wrong Number,Y,Rachel R.
COM002804,DC101136,2026-09-21,outbound call,20.1,No Answer,Y,Timothy J.
COM002805,DC101137,2025-12-10,Email,,Left Voicemail,Y,Jasmine M.
COM002806,DC101139,18/06/2026,SMS,,Call Dropped,Y,Janice W.
COM002807,DC101139,2026-07-21,SMS,,No Answer,Y,Joshua B.
COM002808,DC101140,2026-07-31,Letter,,No Answer,Y,Joanne W.
COM002809,DC101141,04/22/2026,Outbound Call,13.0,Left Voicemail,N,Graham J.
COM002810,DC101141,2026-09-16,outbound call,8.7,Payment Arranged,Y,Julie S.
COM002811,DC101144,2026-06-05,Letter,,Payment Arranged,Y,Oliver H.
COM002812,DC101144,2025-06-23,SMS,,Payment Arranged,Y,Sharon B.
COM002813,DC101144,2025-02-06,Inbound Call,0.9,Refused to Pay,Y,Catherine G.
COM002814,DC101144,28/01/2026,Inbound Call,8.1,Wrong Number,Y,Naomi A.
COM002815,DC101144,2025-09-22,Call,7.8,Complaint Raised,Y,Jemma R.
COM002816,DC101145,2024-10-23,outbound call,1.0,Requested Callback,Y,Thomas G.
COM002817,DC101145,2025-09-16,Outbound Call,11.5,Disputed Debt,Y,Mohammad H.
COM002818,DC101146,30/08/2024,Letter,,Customer Confirmed Vulnerability,Y,Ben S.
COM002819,DC101146,19-07-2025,outbound call,4.0,Left Voicemail,Y,Liam M.
COM002820,DC101146,24/03/2024,Inbound Call,9.4,No Answer,Y,Hayley B.
COM002821,DC101146,11-03-2024,Inbound Call,13.6,Requested Callback,Y,Guy B.
COM002822,DC101147,06/04/2024,SMS,,Refused to Pay,N,Lee H.
COM002823,DC101147,2025-03-21,Call,14.7,Customer Confirmed Vulnerability,Y,Olivia C.
COM002824,DC101147,20-07-2025,Outbound Call,20.6,,Unknown,Leslie F.
COM002825,DC101147,2025-07-20,outbound call,8.8,No Answer,Y,Bruce F.
COM002826,DC101147,2024-11-20,Inbound Call,5.3,Left Voicemail,Y,Samantha H.
COM002827,DC101148,2026-04-03,SMS,,Refused to Pay,Y,Cheryl G.
COM002828,DC101148,2026-01-15,Outbound Call,14.3,Payment Arranged,Unknown,Jordan L.
COM002829,DC101148,24/02/2026,Call,9.0,Payment Arranged,N,Brett L.
COM002830,DC101148,2025-09-14,Call,8.0,Payment Arranged,Y,Carole A.
COM002831,DC101149,2023-12-08,Letter,,,Y,Joe L.
COM002832,DC101149,2025-02-26,Letter,,Left Voicemail,Y,Gordon K.
COM002833,DC101150,2024-01-18,Email,,,Unknown,Joel C.
COM002834,DC101150,26/11/2024,Call,18.9,No Answer,Y,Billy B.
COM002835,DC101150,2023-11-19,Email,,Payment Arranged,Y,Dylan W.
COM002836,DC101150,11/02/2025,Letter,,Left Voicemail,Y,Lucy H.
COM002837,DC101151,24/01/2026,Outbound Call,13.1,No Answer,Y,Mathew H.
COM002838,DC101151,09/05/2026,Email,,Complaint Raised,Y,Richard W.
COM002839,DC101151,2025-10-17,Email,,Payment Arranged,Y,Eleanor S.
COM002840,DC101151,2026-03-30,Inbound Call,9.6,Requested Callback,Y,Scott R.
COM002841,DC101152,2026-03-15,Outbound Call,19.5,Wrong Number,Y,Gary P.
COM002842,DC101154,2026-04-16,Letter,,DSAR Request Logged,Y,Pauline A.
COM002843,DC101154,08-02-2026,Letter,,No Answer,Y,Martin H.
COM002844,DC101154,18-10-2025,Inbound Call,14.0,,Y,Tina H.
COM002845,DC101154,2026-05-05,Letter,,Call Dropped,Y,Megan Y.
COM002846,DC101154,14/07/2026,Call,4.9,Refused to Pay,Y,Charlene B.
COM002847,DC101156,2025-11-27,SMS,,,Y,Pamela B.
COM002848,DC101156,2024-12-26,outbound call,8.2,,Y,Sylvia T.
COM002849,DC101157,2026-07-11,Call,7.9,Customer Confirmed Vulnerability,Y,Denis F.
COM002850,DC101158,2025-05-10,Call,18.2,Requested Callback,Y,Alex P.
COM002851,DC101158,27/01/2025,Outbound Call,19.6,Refused to Pay,N,Alan B.
COM002852,DC101159,05-02-2025,Letter,,,Y,Owen B.
COM002853,DC101159,17/03/2025,Call,15.5,,Y,Leigh W.
COM002854,DC101160,05/20/2026,Email,,Call Dropped,Y,Neil P.
COM002855,DC101161,2026-08-24,SMS,,No Answer,Unknown,Elliot D.
COM002856,DC101161,06/07/2026,Outbound Call,10.7,No Answer,Y,Jasmine G.
COM002857,DC101162,2025-02-14,SMS,,,Y,Mandy K.
COM002858,DC101162,05/02/2026,Call,2.1,,Unknown,Patricia P.
COM002859,DC101163,14/11/2025,outbound call,2.2,Payment Arranged,Y,Elaine H.
COM002860,DC101165,02/06/2026,Outbound Call,14.3,No Answer,Y,James E.
COM002861,DC101165,2025-11-24,Letter,,Payment Arranged,Y,Stanley L.
COM002862,DC101165,09/05/2026,SMS,,Left Voicemail,N,Terence P.
COM002863,DC101167,03/09/2026,Call,17.6,Disputed Debt,Y,Frederick B.
COM002864,DC101168,26-05-2026,outbound call,11.4,No Answer,Y,Janice B.
COM002865,DC101169,2023-12-17,outbound call,16.3,Disputed Debt,Y,Sheila J.
COM002866,DC101169,10/06/2024,Outbound Call,1.1,Call Dropped,Y,Rhys F.
COM002867,DC101169,2025-06-05,Email,,Customer Confirmed Vulnerability,Y,Lisa H.
COM002868,DC101169,2025-07-09,Outbound Call,13.6,Requested Callback,Y,Simon S.
COM002869,DC101169,2025-03-04,Email,,No Answer,Y,Christine A.
COM002870,DC101169,01-12-2024,Letter,,Payment Arranged,Y,Paige D.
COM002871,DC101169,20/06/2025,Outbound Call,15.0,Requested Callback,Y,Lydia W.
COM002872,DC101170,02/11/2025,Call,17.7,Payment Arranged,Y,Annette R.
COM002873,DC101171,2025-10-02,Letter,,Disputed Debt,Y,Eleanor H.
COM002874,DC101171,2025-12-04,Inbound Call,15.7,Complaint Raised,N,Derek G.
COM002875,DC101171,2026-09-18,Call,12.8,Payment Arranged,Y,Charles J.
COM002876,DC101171,21/06/2026,Letter,,Left Voicemail,Y,Declan G.
COM002877,DC101171,2026-01-19,SMS,,Wrong Number,Unknown,Margaret B.
COM002878,DC101171,2026-06-29,Inbound Call,6.6,Payment Arranged,Unknown,Amanda E.
COM002879,DC101171,2026-09-05,Email,,Left Voicemail,Y,Russell T.
COM002880,DC101172,2026-05-08,Outbound Call,21.7,Payment Arranged,Unknown,Glenn A.
COM002881,DC101172,2025-11-09,Outbound Call,21.0,Call Dropped,Y,Wayne T.
COM002882,DC101174,10/11/2025,Call,7.8,No Answer,Y,Jade H.
COM002883,DC101174,26/11/2025,Email,,Wrong Number,N,Michael H.
COM002884,DC101175,2025-05-30,outbound call,5.3,No Answer,Y,Alexander C.
COM002885,DC101175,2025-05-16,Letter,,No Answer,Y,Ann J.
COM002886,DC101176,06/07/2026,Call,19.0,No Answer,Y,Rachael D.
COM002887,DC101176,12/14/2025,Inbound Call,1.2,Requested Callback,Y,Luke A.
COM002888,DC101178,04-05-2026,Outbound Call,12.3,No Answer,Y,Terence F.
COM002889,DC101179,2026-01-13,Inbound Call,3.9,Payment Arranged,Y,Sheila B.
COM002890,DC101179,2025-07-31,outbound call,18.7,Payment Arranged,Y,Hazel J.
COM002891,DC101183,2025-07-06,Outbound Call,12.8,Complaint Raised,Y,Jacob B.
COM002892,DC101183,2024-06-12,Letter,,Left Voicemail,Y,Gemma S.
COM002893,DC101183,2025-10-25,Email,,No Answer,Unknown,Albert P.
COM002894,DC101183,2024-10-09,SMS,,Requested Callback,Y,Andrea C.
COM002895,DC101184,2024-05-08,Call,3.0,No Answer,Y,Ben R.
COM002896,DC101184,2024-11-30,outbound call,7.9,No Answer,Y,Cameron B.
COM002897,DC101185,08/13/2025,Email,,No Answer,Unknown,Marilyn L.
COM002898,DC101185,2024-01-28,Letter,,Left Voicemail,Y,Ryan H.
COM002899,DC101185,2025-07-09,outbound call,19.0,Payment Arranged,Y,Sandra R.
COM002900,DC101185,26/03/2024,outbound call,10.5,,Y,Ellie S.
COM002901,DC101186,2025-03-13,Letter,,No Answer,Y,Terry W.
COM002902,DC101186,02/09/2024,Call,18.6,DSAR Request Logged,Y,Pauline D.
COM002903,DC101186,2024-02-25,outbound call,9.8,Payment Arranged,Y,Alice J.
COM002904,DC101187,18-09-2024,Call,9.9,No Answer,Y,Ricky D.
COM002905,DC101187,25/02/2025,Email,,No Answer,Y,Amelia H.
COM002906,DC101187,03-08-2025,Email,,No Answer,Y,Kevin T.
COM002907,DC101188,2025-11-06,Inbound Call,6.8,No Answer,Y,Josephine C.
COM002908,DC101188,2026-02-25,Outbound Call,4.9,No Answer,Y,Ruth B.
COM002909,DC101188,2025-10-02,Call,20.3,Requested Callback,Y,Jason W.
COM002910,DC101188,16/01/2026,Call,12.0,Refused to Pay,Y,Philip B.
COM002911,DC101188,11/20/2025,Call,18.6,Payment Arranged,Y,Liam W.
COM002912,DC101189,2025-11-10,Inbound Call,18.2,No Answer,Y,Norman A.
COM002913,DC101189,2025-10-16,Letter,,Left Voicemail,Y,Emily H.
COM002914,DC101189,27-08-2026,Email,,No Answer,Unknown,Danielle R.
COM002915,DC101191,2024-10-03,Letter,,Left Voicemail,N,Jane G.
COM002916,DC101192,10/09/2024,Outbound Call,10.9,Requested Callback,Y,Melissa P.
COM002917,DC101192,2025-11-14,SMS,,No Answer,Y,Paul E.
COM002918,DC101192,2024-10-08,Letter,,DSAR Request Logged,Y,James K.
COM002919,DC101192,20/09/2025,Inbound Call,17.0,Complaint Raised,Y,Jacqueline F.
COM002920,DC101193,2026-03-08,Call,2.0,Payment Arranged,Y,Andrew C.
COM002921,DC101193,04/01/2026,SMS,,Left Voicemail,Y,Danielle C.
COM002922,DC101193,14-08-2025,Call,5.9,Refused to Pay,Y,Lucy B.
COM002923,DC101193,2025-11-08,SMS,,Payment Arranged,Y,Charlotte L.
COM002924,DC101193,12-09-2026,SMS,,Requested Callback,Y,Anthony B.
COM002925,DC101193,09/14/2025,outbound call,10.0,Requested Callback,N,Lee L.
COM002926,DC101194,2024-08-10,Letter,,Payment Arranged,Y,Hannah S.
COM002927,DC101194,2025-01-20,SMS,,Wrong Number,Y,John M.
COM002928,DC101194,2025-02-05,outbound call,18.1,No Answer,N,Callum E.
COM002929,DC101194,2025-03-28,SMS,,Payment Arranged,Unknown,Jemma N.
COM002930,DC101196,2025-12-31,Inbound Call,3.3,Disputed Debt,Y,John J.
COM002931,DC101196,2024-10-22,Outbound Call,14.8,Complaint Raised,Y,Kate O.
COM002932,DC101196,24-10-2024,Letter,,Left Voicemail,Y,Robin G.
COM002933,DC101196,04/17/2025,Email,,Refused to Pay,Y,Jenna I.
COM002934,DC101196,24-01-2026,outbound call,21.3,No Answer,Y,Roger H.
COM002935,DC101197,2026-02-01,Email,,Payment Arranged,Y,Ruth D.
COM002936,DC101197,2026-01-05,outbound call,6.5,Payment Arranged,Y,Julie K.
COM002937,DC101197,09/09/2026,Call,4.4,Refused to Pay,Y,Tina S.
COM002938,DC101198,2024-05-12,Call,13.8,Requested Callback,Y,Marc P.
COM002939,DC101198,2025-08-19,Call,4.0,,Y,Kelly P.
COM002940,DC101198,2025-04-29,Call,10.5,Call Dropped,Y,Shirley J.
COM002941,DC101198,04/01/2025,Call,20.1,,Y,Jodie O.
COM002942,DC101198,2025-08-30,Email,,Payment Arranged,Y,Nathan A.
COM002943,DC101198,2025-10-01,Inbound Call,6.4,No Answer,Y,Christian M.
COM002944,DC101198,11-03-2025,Outbound Call,5.4,Payment Arranged,Unknown,Luke P.
COM002945,DC101198,2025-03-23,SMS,,No Answer,Y,Eleanor C.
COM002946,DC101198,08/10/2025,Inbound Call,3.2,Payment Arranged,Y,Aaron T.
COM002947,DC101198,2024-09-22,outbound call,18.0,Call Dropped,Y,Gillian S.
COM002948,DC101200,2026-07-26,Letter,,Left Voicemail,Y,Bryan A.
COM002949,DC101200,2025-06-20,outbound call,13.9,Disputed Debt,Y,Douglas B.
COM002950,DC101200,25/02/2026,SMS,,Requested Callback,N,Harriet W.
COM002951,DC101200,12-08-2025,Letter,,Payment Arranged,Unknown,Ashley T.
COM002952,DC101200,2026-07-10,Email,,,Y,Mitchell M.
