payment_id,account_id,payment_date,amount,payment_method,payment_status
PMT000001,DC100001,2026-08-16,84.74,Bank Transfer,Cleared
PMT000002,DC100001,08/06/2026,300.05,Cheque,Cleared
PMT000003,DC100003,2026-06-13,150.47,Direct Debit,Cleared
PMT000004,DC100003,10/09/2026,36.97,DEBIT CARD,Cleared
PMT000005,DC100005,2026-07-29,16.28,debit card,Cleared
PMT000006,DC100005,2026-03-26,461.73,Cheque,Cleared
PMT000007,DC100007,2024-05-30,321.23,Debit Card,Cleared
PMT000008,DC100007,2026-02-11,243.12,Standing Order,Cleared
PMT000009,DC100007,2025-01-31,390.27,DEBIT CARD,Cleared
PMT000010,DC100007,2025-08-27,466.9,Card,Failed
PMT000011,DC100007,2025-12-16,7.64,Card,Cleared
PMT000012,DC100008,09-08-2026,185.58,Bank Transfer,Cleared
PMT000013,DC100010,2025-12-30,128.35,Card,Failed
PMT000014,DC100012,2026-08-29,203.9,Standing Order,Cleared
PMT000015,DC100013,2024-12-16,274.54,Debit Card,Cleared
PMT000016,DC100013,2024-07-20,49.85,Cash,Cleared
PMT000017,DC100013,2024-07-03,43.17,Card,Cleared
PMT000018,DC100013,2024-04-10,32.23,DEBIT CARD,Pending
PMT000019,DC100013,2025-07-25,108.96,Standing Order,Cleared
PMT000020,DC100013,2024-03-20,21.16,debit card,Cleared
PMT000021,DC100014,2025-12-25,106.79,Debit Card,Cleared
PMT000022,DC100014,2025-04-24,185.93,Debit Card,Cleared
PMT000023,DC100014,2026-07-07,7.19,Direct Debit,Cleared
PMT000024,DC100014,09/02/2025,32.17,Bank Transfer,Cleared
PMT000025,DC100015,18/06/2025,219.46,DEBIT CARD,Failed
PMT000026,DC100016,31/07/2026,18.91,Direct Debit,Failed
PMT000027,DC100019,2025-11-07,34.29,Cheque,Cleared
PMT000028,DC100020,03/11/2025,383.04,Cash,Cleared
PMT000029,DC100020,2024-10-27,488.32,debit card,Cleared
PMT000030,DC100020,11/06/2026,453.35,Standing Order,Cleared
PMT000031,DC100020,02/11/2024,341.6,Card,Failed
PMT000032,DC100021,2025-04-09,12.01,debit card,Pending
PMT000033,DC100021,2025-03-03,421.66,Direct Debit,Cleared
PMT000034,DC100021,2026-06-19,10.54,Standing Order,Cleared
PMT000035,DC100023,2026-08-03,430.61,Direct Debit,Failed
PMT000036,DC100024,12/02/2026,42.36,Card,Cleared
PMT000037,DC100024,2025-01-18,166.84,Card,Cleared
PMT000038,DC100024,2026-03-10,290.92,Standing Order,Cleared
PMT000039,DC100025,2025-04-15,447.07,Direct Debit,Cleared
PMT000040,DC100025,2025-02-05,63.65,Cash,Cleared
PMT000041,DC100026,2025-07-23,44.22,DEBIT CARD,Pending
PMT000042,DC100026,2025-07-23,459.31,Cash,Cleared
PMT000043,DC100027,2025-07-16,248.58,debit card,Cleared
PMT000044,DC100027,2025-03-12,36.87,Cheque,Cleared
PMT000045,DC100027,19-07-2025,486.81,Cash,Cleared
PMT000046,DC100029,2026-05-11,444.12,Bank Transfer,Cleared
PMT000047,DC100029,2026-01-24,32.63,Cheque,Cleared
PMT000048,DC100032,2026-06-12,45.55,Cheque,Pending
PMT000049,DC100033,2026-02-27,205.2,DEBIT CARD,Cleared
PMT000050,DC100034,2025-11-05,7.34,Card,Cleared
PMT000051,DC100035,11/05/2024,39.84,Debit Card,Cleared
PMT000052,DC100035,2024-02-19,227.62,DEBIT CARD,Failed
PMT000053,DC100035,2025-09-21,113.28,Direct Debit,Failed
PMT000054,DC100035,05/05/2024,44.75,Debit Card,Cleared
PMT000055,DC100036,2026-07-25,10.69,Direct Debit,Cleared
PMT000056,DC100037,18/03/2024,279.28,DEBIT CARD,Cleared
PMT000057,DC100037,20-03-2025,201.01,Cheque,Cleared
PMT000058,DC100039,2026-05-30,134.51,Cash,Cleared
PMT000059,DC100039,2026-05-28,42.12,Standing Order,Cleared
PMT000060,DC100041,2026-02-21,29.34,Cheque,Cleared
PMT000061,DC100042,04/09/2026,452.13,Standing Order,Cleared
PMT000062,DC100043,2024-06-10,340.58,Cheque,Cleared
PMT000063,DC100043,2024-04-09,55.41,Card,Cleared
PMT000064,DC100043,08-07-2025,252.86,Debit Card,Cleared
PMT000065,DC100044,2025-09-16,9.62,DEBIT CARD,Cleared
PMT000066,DC100044,2025-04-25,240.93,Standing Order,Cleared
PMT000067,DC100044,2024-12-12,24.73,Direct Debit,Cleared
PMT000068,DC100044,2024-10-07,43.92,Cash,Cleared
PMT000069,DC100044,2025-07-08,20.65,Card,Cleared
PMT000070,DC100046,29-03-2025,121.65,Bank Transfer,Cleared
PMT000071,DC100046,02-10-2024,79.94,Card,Cleared
PMT000072,DC100047,2025-02-17,5.19,Debit Card,Cleared
PMT000073,DC100047,2025-11-04,389.28,Card,Cleared
PMT000074,DC100048,04/14/2026,106.6,Cheque,Cleared
PMT000075,DC100049,01/09/2025,303.94,Bank Transfer,Cleared
PMT000076,DC100049,2026-04-11,30.0,DEBIT CARD,Cleared
PMT000077,DC100049,21/12/2025,391.98,Bank Transfer,Cleared
PMT000078,DC100050,2026-05-01,77.67,Standing Order,Cleared
PMT000079,DC100050,09/21/2026,353.81,Direct Debit,Cleared
PMT000080,DC100051,2025-12-21,425.4,Standing Order,Cleared
PMT000081,DC100053,01/02/2025,254.87,Debit Card,Cleared
PMT000082,DC100053,2024-08-17,13.76,Debit Card,Cleared
PMT000083,DC100054,2024-12-24,493.89,Cash,Cleared
PMT000084,DC100054,13/09/2024,10.72,Cheque,Cleared
PMT000085,DC100054,2024-04-01,21.28,debit card,Failed
PMT000086,DC100054,28/07/2025,40.49,Cash,Failed
PMT000087,DC100056,2024-06-06,23.86,Bank Transfer,Cleared
PMT000088,DC100058,07/07/2025,141.49,Cheque,Cleared
PMT000089,DC100058,16/03/2024,98.51,DEBIT CARD,Cleared
PMT000090,DC100059,2025-04-01,493.23,Cheque,Cleared
PMT000091,DC100059,2024-05-31,497.71,Bank Transfer,Cleared
PMT000092,DC100059,2025-04-14,226.78,Cheque,Cleared
PMT000093,DC100059,25/03/2025,35.14,Debit Card,Cleared
PMT000094,DC100059,2023-11-22,29.57,Cheque,Cleared
PMT000095,DC100059,2024-01-28,301.77,Cheque,Cleared
PMT000096,DC100059,2024-12-15,47.95,Direct Debit,Cleared
PMT000097,DC100059,2025-09-02,45.93,Debit Card,Cleared
PMT000098,DC100060,2025-03-13,41.93,Card,Cleared
PMT000099,DC100060,08/04/2024,43.41,Bank Transfer,Cleared
PMT000100,DC100061,2026-07-09,20.08,Debit Card,Pending
PMT000101,DC100062,2026-03-17,15.91,Card,Cleared
PMT000102,DC100064,03/31/2026,492.86,DEBIT CARD,Cleared
PMT000103,DC100064,25-01-2026,44.23,Standing Order,Cleared
PMT000104,DC100065,2025-09-16,35.35,debit card,Cleared
PMT000105,DC100065,2026-07-11,18.06,Cheque,Cleared
PMT000106,DC100066,2025-06-23,34.14,debit card,Cleared
PMT000107,DC100066,10/02/2024,27.91,Card,Cleared
PMT000108,DC100066,20/02/2025,286.68,Debit Card,Cleared
PMT000109,DC100066,2026-04-10,12.27,Bank Transfer,Cleared
PMT000110,DC100066,2025-12-03,5.5,DEBIT CARD,Cleared
PMT000111,DC100066,2025-05-22,12.61,DEBIT CARD,Cleared
PMT000112,DC100066,2026-01-24,111.01,DEBIT CARD,Cleared
PMT000113,DC100066,03-03-2026,42.62,Card,Cleared
PMT000114,DC100067,2024-08-13,465.92,Standing Order,Pending
PMT000115,DC100067,2025-08-19,19.83,Standing Order,Pending
PMT000116,DC100067,2025-07-14,44.03,Card,Cleared
PMT000117,DC100068,2026-03-16,7.52,Debit Card,Cleared
PMT000118,DC100068,08/08/2026,251.24,Cash,Cleared
PMT000119,DC100068,21-02-2026,39.83,Standing Order,Cleared
PMT000120,DC100068,2026-02-17,7.87,DEBIT CARD,Pending
PMT000121,DC100069,2025-09-23,32.03,Bank Transfer,Cleared
PMT000122,DC100069,04/04/2024,33.53,Debit Card,Failed
PMT000123,DC100070,2025-07-07,47.32,debit card,Cleared
PMT000124,DC100071,2025-06-06,380.65,Debit Card,Cleared
PMT000125,DC100072,22-10-2025,475.72,debit card,Cleared
PMT000126,DC100072,2026-02-05,29.42,Cash,Cleared
PMT000127,DC100073,2026-04-29,344.89,Cash,Cleared
PMT000128,DC100074,03-08-2025,13.92,Cash,Cleared
PMT000129,DC100074,2025-05-03,147.13,Cheque,Cleared
PMT000130,DC100074,10-01-2026,262.74,Debit Card,Cleared
PMT000131,DC100074,12-08-2024,39.79,Cheque,Cleared
PMT000132,DC100074,04/11/2025,36.07,Cash,Failed
PMT000133,DC100075,2026-02-03,21.25,Card,Cleared
PMT000134,DC100077,2025-12-01,12.75,Debit Card,Cleared
PMT000135,DC100077,03-07-2026,430.04,Cheque,Cleared
PMT000136,DC100078,2024-05-14,15.88,debit card,Cleared
PMT000137,DC100078,2025-05-07,6.73,Cheque,Cleared
PMT000138,DC100078,2025-12-06,9.24,Standing Order,Cleared
PMT000139,DC100078,29/03/2026,420.96,Cash,Cleared
PMT000140,DC100078,20-08-2024,157.55,Debit Card,Cleared
PMT000141,DC100078,15/11/2024,44.82,Card,Cleared
PMT000142,DC100079,2025-06-28,73.0,DEBIT CARD,Cleared
PMT000143,DC100079,2025-07-04,20.69,Cheque,Cleared
PMT000144,DC100079,2026-03-21,42.07,Cash,Cleared
PMT000145,DC100079,18-05-2025,20.48,DEBIT CARD,Cleared
PMT000146,DC100080,2026-05-12,43.03,Direct Debit,Pending
PMT000147,DC100080,25/03/2025,350.51,Cash,Cleared
PMT000148,DC100081,2025-11-15,95.68,Debit Card,Cleared
PMT000149,DC100081,2026-07-08,24.89,debit card,Cleared
PMT000150,DC100081,2025-05-10,429.84,Standing Order,Cleared
PMT000151,DC100082,08/02/2025,37.45,Bank Transfer,Cleared
PMT000152,DC100083,05/05/2025,47.64,Cheque,Cleared
PMT000153,DC100084,2025-02-10,18.89,Cheque,Cleared
PMT000154,DC100084,07/09/2025,23.03,Card,Cleared
PMT000155,DC100086,2025-08-18,24.87,Standing Order,Cleared
PMT000156,DC100087,20-04-2026,13.73,Cheque,Cleared
PMT000157,DC100088,08/04/2026,44.9,DEBIT CARD,Cleared
PMT000158,DC100088,2026-01-28,23.36,DEBIT CARD,Cleared
PMT000159,DC100088,2026-03-18,45.94,Card,Cleared
PMT000160,DC100088,2026-04-07,379.02,Direct Debit,Cleared
PMT000161,DC100089,2026-01-08,83.98,DEBIT CARD,Cleared
PMT000162,DC100089,24/03/2025,211.54,DEBIT CARD,Failed
PMT000163,DC100091,2026-03-14,138.42,Cheque,Pending
PMT000164,DC100091,28/12/2025,10.89,Card,Cleared
PMT000165,DC100092,2026-04-12,192.29,DEBIT CARD,Cleared
PMT000166,DC100092,04/04/2026,17.25,Cheque,Cleared
PMT000167,DC100093,2026-01-08,15.8,Debit Card,Failed
PMT000168,DC100094,2025-07-28,71.81,Standing Order,Cleared
PMT000169,DC100094,2025-11-06,18.97,Direct Debit,Cleared
PMT000170,DC100094,24/12/2024,12.82,Standing Order,Cleared
PMT000171,DC100095,07/03/2026,15.0,Card,Cleared
PMT000172,DC100095,2026-05-16,49.57,DEBIT CARD,Cleared
PMT000173,DC100096,26/03/2026,7.08,Standing Order,Cleared
PMT000174,DC100097,08/11/2023,245.17,Card,Cleared
PMT000175,DC100097,2025-09-16,28.99,Bank Transfer,Cleared
PMT000176,DC100097,2024-02-19,44.7,Cheque,Cleared
PMT000177,DC100097,05/11/2024,262.67,Cash,Cleared
PMT000178,DC100097,05/02/2025,85.21,DEBIT CARD,Cleared
PMT000179,DC100097,2025-09-20,27.55,debit card,Cleared
PMT000180,DC100098,2024-12-15,46.56,Debit Card,Cleared
PMT000181,DC100098,2024-06-08,433.43,Cheque,Cleared
PMT000182,DC100098,2024-06-30,467.43,debit card,Cleared
PMT000183,DC100099,12/09/2026,27.24,Debit Card,Cleared
PMT000184,DC100099,2026-06-23,35.79,Cash,Cleared
PMT000185,DC100100,2025-04-27,465.39,DEBIT CARD,Failed
PMT000186,DC100100,06-01-2025,489.63,Card,Cleared
PMT000187,DC100100,2025-09-07,30.14,Debit Card,Cleared
PMT000188,DC100100,2025-12-08,15.25,Cash,Pending
PMT000189,DC100100,2025-10-21,339.73,Debit Card,Cleared
PMT000190,DC100100,2024-04-05,45.85,Standing Order,Cleared
PMT000191,DC100100,2024-07-30,17.63,Debit Card,Cleared
PMT000192,DC100100,2025-04-06,431.59,Cash,Cleared
PMT000193,DC100102,16-11-2024,31.17,Cash,Cleared
PMT000194,DC100102,2024-06-05,295.83,Cash,Cleared
PMT000195,DC100105,2024-09-09,271.63,debit card,Cleared
PMT000196,DC100105,2024-12-05,257.45,Cash,Cleared
PMT000197,DC100105,2025-10-29,318.51,Direct Debit,Cleared
PMT000198,DC100105,10-04-2026,42.76,debit card,Cleared
PMT000199,DC100105,12/25/2024,39.36,DEBIT CARD,Failed
PMT000200,DC100105,22/08/2025,13.48,Standing Order,Cleared
PMT000201,DC100106,2024-12-19,158.93,Card,Cleared
PMT000202,DC100106,2024-10-03,18.97,Direct Debit,Cleared
PMT000203,DC100107,05/11/2025,276.58,debit card,Cleared
PMT000204,DC100108,2026-08-16,105.65,Cheque,Cleared
PMT000205,DC100112,27-10-2025,42.51,Cash,Cleared
PMT000206,DC100112,05/04/2026,42.44,Standing Order,Cleared
PMT000207,DC100112,2025-09-24,10.47,Cheque,Cleared
PMT000208,DC100113,30/06/2026,92.22,Direct Debit,Cleared
PMT000209,DC100114,11/07/2025,329.79,Cheque,Cleared
PMT000210,DC100114,16/12/2024,33.33,Card,Cleared
PMT000211,DC100116,10/07/2026,23.83,Direct Debit,Cleared
PMT000212,DC100117,08/30/2025,111.24,Direct Debit,Cleared
PMT000213,DC100117,01/02/2026,18.75,Cheque,Cleared
PMT000214,DC100118,2025-05-26,41.48,Bank Transfer,Cleared
PMT000215,DC100118,2024-10-17,294.93,Cheque,Pending
PMT000216,DC100118,2025-07-07,11.99,Bank Transfer,Cleared
PMT000217,DC100118,14-10-2025,320.42,debit card,Cleared
PMT000218,DC100119,2026-04-10,79.31,debit card,Cleared
PMT000219,DC100119,2025-08-17,9.64,Card,Cleared
PMT000220,DC100119,12/08/2024,19.4,Cheque,Cleared
PMT000221,DC100120,2026-02-15,45.92,Standing Order,Failed
PMT000222,DC100120,2025-10-10,19.38,Debit Card,Cleared
PMT000223,DC100120,2025-10-08,348.78,Bank Transfer,Cleared
PMT000224,DC100121,2024-02-14,30.59,Card,Cleared
PMT000225,DC100121,08/08/2025,402.55,Bank Transfer,Cleared
PMT000226,DC100123,2026-07-01,134.52,Direct Debit,Cleared
PMT000227,DC100124,29-06-2025,16.58,Card,Cleared
PMT000228,DC100126,19-01-2026,41.54,Card,Pending
PMT000229,DC100126,04/08/2026,59.37,Direct Debit,Cleared
PMT000230,DC100129,2026-03-11,242.11,Cheque,Cleared
PMT000231,DC100130,2026-02-17,19.77,Card,Cleared
PMT000232,DC100130,08/24/2026,111.37,Direct Debit,Cleared
PMT000233,DC100130,2026-09-16,350.13,debit card,Cleared
PMT000234,DC100130,11-04-2026,365.36,Debit Card,Cleared
PMT000235,DC100130,02/20/2025,167.39,Standing Order,Cleared
PMT000236,DC100131,2026-04-29,266.2,debit card,Cleared
PMT000237,DC100133,13/10/2025,222.96,Cheque,Cleared
PMT000238,DC100133,2026-07-10,486.35,debit card,Cleared
PMT000239,DC100134,15/05/2026,459.2,debit card,Cleared
PMT000240,DC100134,26/03/2026,26.8,Cheque,Cleared
PMT000241,DC100134,22/01/2026,45.48,Cheque,Cleared
PMT000242,DC100134,07/04/2026,442.08,debit card,Cleared
PMT000243,DC100135,2026-08-22,33.31,Card,Cleared
PMT000244,DC100136,31/12/2025,138.14,Direct Debit,Failed
PMT000245,DC100140,04/06/2024,48.51,Debit Card,Cleared
PMT000246,DC100140,2025-03-22,440.7,DEBIT CARD,Cleared
PMT000247,DC100140,2024-10-17,22.43,Direct Debit,Cleared
PMT000248,DC100141,2026-03-12,231.33,Direct Debit,Cleared
PMT000249,DC100144,01/12/2024,26.46,DEBIT CARD,Cleared
PMT000250,DC100144,2025-07-07,210.8,debit card,Cleared
PMT000251,DC100144,10-05-2025,250.02,Debit Card,Cleared
PMT000252,DC100145,18/03/2025,169.23,Cash,Cleared
PMT000253,DC100145,2024-08-22,42.77,Cash,Cleared
PMT000254,DC100145,2024-07-20,44.52,DEBIT CARD,Cleared
PMT000255,DC100145,2023-11-29,117.63,debit card,Cleared
PMT000256,DC100145,28/10/2024,89.72,DEBIT CARD,Cleared
PMT000257,DC100146,13/04/2024,40.49,Cheque,Cleared
PMT000258,DC100146,2025-02-13,117.51,Cheque,Pending
PMT000259,DC100146,20-01-2025,34.46,Cash,Cleared
PMT000260,DC100148,2025-03-20,33.41,Debit Card,Pending
PMT000261,DC100148,2025-05-07,381.03,Cash,Cleared
PMT000262,DC100149,2025-11-30,381.02,Standing Order,Cleared
PMT000263,DC100149,2025-12-01,482.75,debit card,Cleared
PMT000264,DC100149,2025-10-07,91.85,Card,Cleared
PMT000265,DC100149,22/02/2026,352.05,Card,Cleared
PMT000266,DC100150,01/09/2024,204.39,Debit Card,Cleared
PMT000267,DC100152,2024-06-24,5.16,DEBIT CARD,Cleared
PMT000268,DC100153,2025-02-04,330.41,Bank Transfer,Cleared
PMT000269,DC100155,2026-03-09,64.5,Cheque,Cleared
PMT000270,DC100155,2024-12-12,379.95,Bank Transfer,Cleared
PMT000271,DC100155,20-01-2025,197.29,Cheque,Cleared
PMT000272,DC100155,07/31/2026,374.9,Direct Debit,Cleared
PMT000273,DC100155,10-08-2026,436.73,Cheque,Cleared
PMT000274,DC100158,2025-01-17,8.44,Bank Transfer,Cleared
PMT000275,DC100159,2026-02-17,477.89,Bank Transfer,Cleared
PMT000276,DC100160,2026-08-20,41.4,Bank Transfer,Cleared
PMT000277,DC100161,2025-04-05,39.11,Standing Order,Cleared
PMT000278,DC100162,2025-09-04,45.12,Direct Debit,Cleared
PMT000279,DC100162,2025-03-22,13.51,Cheque,Cleared
PMT000280,DC100164,2026-04-20,42.82,Bank Transfer,Failed
PMT000281,DC100165,2026-08-29,89.22,Standing Order,Cleared
PMT000282,DC100165,2026-05-19,478.52,Direct Debit,Failed
PMT000283,DC100165,10/09/2026,18.36,Standing Order,Cleared
PMT000284,DC100166,21/03/2026,348.64,Cash,Cleared
PMT000285,DC100166,01/03/2025,187.44,Standing Order,Cleared
PMT000286,DC100167,2025-03-23,326.24,Cash,Cleared
PMT000287,DC100167,24-07-2026,46.28,debit card,Cleared
PMT000288,DC100168,2026-04-15,36.05,Card,Cleared
PMT000289,DC100168,26/07/2025,23.2,Bank Transfer,Cleared
PMT000290,DC100168,2026-05-07,401.97,Bank Transfer,Failed
PMT000291,DC100168,2025-12-24,27.35,Debit Card,Failed
PMT000292,DC100168,2025-08-11,335.37,DEBIT CARD,Cleared
PMT000293,DC100168,11/05/2025,36.66,Debit Card,Cleared
PMT000294,DC100168,2025-12-20,30.15,Cheque,Pending
PMT000295,DC100171,27-05-2024,19.9,Bank Transfer,Cleared
PMT000296,DC100172,10/01/2026,17.96,Cheque,Failed
PMT000297,DC100172,2026-08-23,412.09,Debit Card,Cleared
PMT000298,DC100173,21-09-2026,483.32,Direct Debit,Failed
PMT000299,DC100174,2024-10-28,110.54,Card,Cleared
PMT000300,DC100176,24-01-2026,8.33,debit card,Cleared
PMT000301,DC100177,16-10-2024,49.65,Card,Cleared
PMT000302,DC100177,2026-03-13,17.47,Debit Card,Cleared
PMT000303,DC100179,02/08/2026,373.22,Cheque,Failed
PMT000304,DC100179,2025-05-10,16.68,Cash,Cleared
PMT000305,DC100179,2026-08-31,91.84,DEBIT CARD,Cleared
PMT000306,DC100180,2024-11-18,34.59,Card,Cleared
PMT000307,DC100180,2026-04-14,396.6,debit card,Cleared
PMT000308,DC100180,2025-07-23,39.84,Bank Transfer,Cleared
PMT000309,DC100182,2026-01-02,11.94,debit card,Cleared
PMT000310,DC100182,2026-03-25,424.31,debit card,Cleared
PMT000311,DC100182,06/07/2026,17.53,DEBIT CARD,Cleared
PMT000312,DC100183,2026-09-06,15.4,DEBIT CARD,Cleared
PMT000313,DC100184,2025-08-30,276.33,Cheque,Cleared
PMT000314,DC100185,2026-04-03,181.01,Bank Transfer,Cleared
PMT000315,DC100185,2026-05-28,328.47,Cheque,Cleared
PMT000316,DC100185,11/04/2026,400.39,Cheque,Cleared
PMT000317,DC100186,05/12/2024,46.11,Cash,Cleared
PMT000318,DC100186,2025-03-19,22.82,Standing Order,Cleared
PMT000319,DC100187,2025-07-09,115.06,Card,Cleared
PMT000320,DC100187,2026-09-20,12.53,Card,Cleared
PMT000321,DC100187,2025-04-08,41.2,Cheque,Failed
PMT000322,DC100188,2026-03-31,8.24,DEBIT CARD,Cleared
PMT000323,DC100191,2026-02-18,313.6,Debit Card,Cleared
PMT000324,DC100192,25/06/2025,33.48,Debit Card,Cleared
PMT000325,DC100192,2025-03-11,33.08,Card,Cleared
PMT000326,DC100192,2026-02-09,119.1,Debit Card,Cleared
PMT000327,DC100192,2025-05-09,48.64,Card,Cleared
PMT000328,DC100192,2025-04-22,44.36,Bank Transfer,Cleared
PMT000329,DC100192,2026-01-20,264.96,Cheque,Cleared
PMT000330,DC100193,2024-07-14,42.4,Standing Order,Cleared
PMT000331,DC100193,2025-07-06,307.66,Cheque,Cleared
PMT000332,DC100193,04/06/2025,95.14,Card,Cleared
PMT000333,DC100193,2025-12-03,201.35,Cheque,Cleared
PMT000334,DC100194,09/05/2026,212.74,Cheque,Cleared
PMT000335,DC100198,08-11-2025,376.67,Debit Card,Cleared
PMT000336,DC100198,03/15/2026,205.6,DEBIT CARD,Cleared
PMT000337,DC100198,2025-09-03,199.86,DEBIT CARD,Cleared
PMT000338,DC100198,2026-02-07,82.29,Card,Pending
PMT000339,DC100199,03/31/2026,20.15,Cash,Cleared
PMT000340,DC100199,16/09/2025,290.29,DEBIT CARD,Cleared
PMT000341,DC100200,2025-03-28,21.5,Cash,Cleared
PMT000342,DC100200,30/09/2024,93.97,debit card,Failed
PMT000343,DC100200,2025-03-22,39.8,Direct Debit,Cleared
PMT000344,DC100200,2025-07-27,337.14,Debit Card,Cleared
PMT000345,DC100200,2025-05-25,49.87,Cheque,Cleared
PMT000346,DC100201,01/22/2025,106.02,Cash,Cleared
PMT000347,DC100201,2024-12-23,177.53,Debit Card,Cleared
PMT000348,DC100201,2025-06-17,85.02,Debit Card,Cleared
PMT000349,DC100202,2025-06-04,405.76,Debit Card,Cleared
PMT000350,DC100202,31/10/2025,355.96,Bank Transfer,Cleared
PMT000351,DC100202,2025-01-05,396.79,DEBIT CARD,Pending
PMT000352,DC100204,2025-11-16,31.75,DEBIT CARD,Cleared
PMT000353,DC100204,21/08/2024,153.72,Standing Order,Cleared
PMT000354,DC100204,2024-12-06,260.64,Bank Transfer,Cleared
PMT000355,DC100204,11/08/2025,23.23,Cash,Cleared
PMT000356,DC100205,27-11-2023,47.78,Direct Debit,Cleared
PMT000357,DC100205,2023-10-05,34.89,Cash,Cleared
PMT000358,DC100206,13/12/2024,281.15,Bank Transfer,Cleared
PMT000359,DC100206,06-03-2025,41.44,Bank Transfer,Cleared
PMT000360,DC100206,22/01/2025,47.25,Bank Transfer,Cleared
PMT000361,DC100206,2024-08-06,33.2,debit card,Cleared
PMT000362,DC100207,12/07/2025,116.04,Cheque,Cleared
PMT000363,DC100207,04/09/2024,172.78,Direct Debit,Cleared
PMT000364,DC100207,27/09/2024,46.6,Card,Cleared
PMT000365,DC100209,2026-07-02,484.87,Bank Transfer,Failed
PMT000366,DC100210,2026-07-21,147.37,Card,Cleared
PMT000367,DC100211,2026-08-12,16.71,Debit Card,Cleared
PMT000368,DC100212,2024-01-15,10.01,debit card,Failed
PMT000369,DC100212,2025-02-12,227.7,DEBIT CARD,Cleared
PMT000370,DC100212,2024-12-12,34.76,Card,Cleared
PMT000371,DC100212,2025-06-17,267.43,Standing Order,Cleared
PMT000372,DC100212,2024-03-06,295.52,Card,Failed
PMT000373,DC100212,04/03/2025,22.55,Direct Debit,Cleared
PMT000374,DC100212,2024-08-07,408.13,debit card,Cleared
PMT000375,DC100212,21-11-2024,6.67,Debit Card,Cleared
PMT000376,DC100214,2026-06-11,18.43,DEBIT CARD,Cleared
PMT000377,DC100215,2026-06-04,295.17,DEBIT CARD,Cleared
PMT000378,DC100216,2026-02-22,336.93,Bank Transfer,Cleared
PMT000379,DC100216,2025-12-19,11.33,Card,Cleared
PMT000380,DC100216,2025-12-26,11.37,Direct Debit,Cleared
PMT000381,DC100218,2025-11-01,5.19,Cash,Cleared
PMT000382,DC100218,2026-04-25,147.95,Standing Order,Failed
PMT000383,DC100218,2025-10-31,18.69,Bank Transfer,Cleared
PMT000384,DC100219,2026-07-27,312.31,Debit Card,Cleared
PMT000385,DC100220,2025-08-25,271.82,Debit Card,Cleared
PMT000386,DC100220,12/07/2025,45.2,Cheque,Cleared
PMT000387,DC100220,2025-08-18,48.34,Card,Cleared
PMT000388,DC100221,24/07/2025,254.1,DEBIT CARD,Cleared
PMT000389,DC100221,06/04/2025,151.0,DEBIT CARD,Cleared
PMT000390,DC100223,06/08/2026,151.61,debit card,Cleared
PMT000391,DC100223,03-09-2026,49.75,Cheque,Cleared
PMT000392,DC100225,03/09/2026,495.87,Debit Card,Cleared
PMT000393,DC100225,2026-06-28,400.75,Cheque,Cleared
PMT000394,DC100228,2025-06-26,353.12,debit card,Cleared
PMT000395,DC100229,18-01-2026,309.48,Card,Cleared
PMT000396,DC100229,2026-02-25,323.98,debit card,Cleared
PMT000397,DC100230,2024-10-28,37.56,debit card,Failed
PMT000398,DC100230,2024-11-28,264.36,DEBIT CARD,Cleared
PMT000399,DC100230,2023-11-16,142.3,Bank Transfer,Cleared
PMT000400,DC100230,01/02/2025,8.14,DEBIT CARD,Cleared
PMT000401,DC100231,11-02-2026,12.76,debit card,Cleared
PMT000402,DC100231,2025-09-29,14.08,Debit Card,Cleared
PMT000403,DC100232,06/09/2025,22.06,debit card,Cleared
PMT000404,DC100233,2024-06-04,22.95,Direct Debit,Cleared
PMT000405,DC100233,23/10/2024,90.65,Direct Debit,Cleared
PMT000406,DC100233,28/06/2025,169.21,Cheque,Cleared
PMT000407,DC100235,2025-10-10,38.9,Cheque,Cleared
PMT000408,DC100235,05/28/2024,28.82,DEBIT CARD,Pending
PMT000409,DC100235,01/10/2025,63.44,Card,Cleared
PMT000410,DC100235,31-01-2024,35.54,Bank Transfer,Cleared
PMT000411,DC100235,2024-02-07,91.86,Card,Cleared
PMT000412,DC100235,2025-08-31,347.82,Card,Cleared
PMT000413,DC100236,2026-07-30,120.88,Cash,Cleared
PMT000414,DC100237,2026-08-31,18.52,Direct Debit,Cleared
PMT000415,DC100237,2025-10-22,5.87,Bank Transfer,Cleared
PMT000416,DC100240,16-04-2026,87.02,Cash,Cleared
PMT000417,DC100240,2025-03-23,28.84,Debit Card,Cleared
PMT000418,DC100240,04/10/2025,19.38,Cash,Cleared
PMT000419,DC100241,28-08-2024,153.42,Debit Card,Cleared
PMT000420,DC100242,2025-06-17,307.79,Card,Cleared
PMT000421,DC100242,2026-06-27,14.73,debit card,Failed
PMT000422,DC100242,2025-08-28,20.1,Direct Debit,Cleared
PMT000423,DC100243,2026-01-26,32.94,Cash,Failed
PMT000424,DC100244,2026-06-15,49.15,Debit Card,Cleared
PMT000425,DC100244,16/11/2024,303.06,Bank Transfer,Pending
PMT000426,DC100245,2025-11-25,42.41,DEBIT CARD,Cleared
PMT000427,DC100245,2026-03-07,484.1,Cash,Cleared
PMT000428,DC100246,2026-05-09,24.96,Debit Card,Cleared
PMT000429,DC100246,30/10/2025,436.65,Bank Transfer,Cleared
PMT000430,DC100246,2026-03-05,223.47,Standing Order,Cleared
PMT000431,DC100246,15-01-2025,308.8,DEBIT CARD,Cleared
PMT000432,DC100250,15-10-2024,258.1,Bank Transfer,Cleared
PMT000433,DC100250,30-03-2024,232.75,Direct Debit,Cleared
PMT000434,DC100250,17/05/2024,32.6,Cheque,Cleared
PMT000435,DC100250,15/04/2024,311.53,Debit Card,Cleared
PMT000436,DC100250,2023-12-18,238.53,DEBIT CARD,Cleared
PMT000437,DC100252,14/06/2024,10.67,Debit Card,Cleared
PMT000438,DC100253,2026-08-13,37.3,Standing Order,Cleared
PMT000439,DC100253,2026-09-12,38.85,debit card,Cleared
PMT000440,DC100254,18/06/2026,335.36,Bank Transfer,Cleared
PMT000441,DC100255,03/09/2024,25.18,Card,Pending
PMT000442,DC100255,21/09/2025,327.41,DEBIT CARD,Cleared
PMT000443,DC100259,2024-09-08,38.38,debit card,Cleared
PMT000444,DC100259,2025-12-04,30.32,debit card,Cleared
PMT000445,DC100260,20-04-2026,270.0,Cash,Cleared
PMT000446,DC100260,08/09/2026,161.86,DEBIT CARD,Cleared
PMT000447,DC100261,2025-12-02,415.14,Direct Debit,Cleared
PMT000448,DC100261,16/04/2026,58.65,Direct Debit,Cleared
PMT000449,DC100261,2025-08-26,12.85,Cash,Cleared
PMT000450,DC100262,05/10/2025,16.08,Cheque,Cleared
PMT000451,DC100262,2025-09-22,493.59,Cheque,Cleared
PMT000452,DC100263,2026-02-25,33.51,DEBIT CARD,Cleared
PMT000453,DC100264,2025-06-10,22.99,Cash,Cleared
PMT000454,DC100265,04/03/2026,19.59,Cheque,Cleared
PMT000455,DC100267,2026-04-21,47.58,Standing Order,Cleared
PMT000456,DC100267,2025-09-16,10.92,DEBIT CARD,Cleared
PMT000457,DC100269,09/17/2025,150.45,Cheque,Cleared
PMT000458,DC100269,2026-01-19,361.4,Cash,Pending
PMT000459,DC100269,2025-12-11,40.89,Cheque,Cleared
PMT000460,DC100269,26-01-2025,38.52,Card,Cleared
PMT000461,DC100269,2025-05-26,19.22,DEBIT CARD,Cleared
PMT000462,DC100271,2025-10-18,275.44,debit card,Cleared
PMT000463,DC100273,2026-06-14,6.08,Debit Card,Cleared
PMT000464,DC100274,2024-09-13,43.23,DEBIT CARD,Cleared
PMT000465,DC100274,2025-12-09,67.22,Standing Order,Cleared
PMT000466,DC100274,29/07/2025,262.91,Standing Order,Pending
PMT000467,DC100274,2026-02-07,7.06,debit card,Cleared
PMT000468,DC100275,02/11/2024,26.54,DEBIT CARD,Cleared
PMT000469,DC100275,11/10/2023,37.58,Cheque,Cleared
PMT000470,DC100275,2024-10-04,23.9,Debit Card,Cleared
PMT000471,DC100275,2025-06-19,447.94,Standing Order,Cleared
PMT000472,DC100279,2025-06-11,238.04,Standing Order,Cleared
PMT000473,DC100279,01/04/2024,186.94,Debit Card,Cleared
PMT000474,DC100280,01-10-2024,16.2,DEBIT CARD,Cleared
PMT000475,DC100280,29/12/2023,288.17,debit card,Cleared
PMT000476,DC100281,22/06/2025,26.69,Standing Order,Cleared
PMT000477,DC100281,2025-10-18,40.22,Cash,Cleared
PMT000478,DC100282,2024-07-31,75.91,Cheque,Cleared
PMT000479,DC100282,2025-02-19,18.31,Card,Cleared
PMT000480,DC100282,2025-12-12,284.19,Bank Transfer,Cleared
PMT000481,DC100282,29/09/2024,40.93,Card,Cleared
PMT000482,DC100282,2025-10-21,8.58,Cheque,Cleared
PMT000483,DC100283,2026-05-01,305.66,Cash,Cleared
PMT000484,DC100284,2025-10-14,284.84,Bank Transfer,Cleared
PMT000485,DC100284,16-05-2026,7.51,Debit Card,Cleared
PMT000486,DC100285,23/05/2026,25.32,Bank Transfer,Cleared
PMT000487,DC100286,2026-08-19,46.54,Card,Cleared
PMT000488,DC100287,2025-11-01,43.24,DEBIT CARD,Cleared
PMT000489,DC100288,2023-11-25,31.27,debit card,Cleared
PMT000490,DC100288,2024-09-16,414.64,Cheque,Cleared
PMT000491,DC100288,2024-07-13,117.13,Direct Debit,Cleared
PMT000492,DC100291,03/04/2025,46.1,debit card,Cleared
PMT000493,DC100291,2025-09-07,40.46,debit card,Failed
PMT000494,DC100291,08/09/2025,25.44,Card,Cleared
PMT000495,DC100291,29/07/2026,327.04,debit card,Cleared
PMT000496,DC100291,2025-10-19,37.68,Cheque,Failed
PMT000497,DC100291,06-09-2025,8.53,Card,Pending
PMT000498,DC100292,2026-04-21,476.95,Standing Order,Cleared
PMT000499,DC100292,2026-05-03,25.02,Cheque,Cleared
PMT000500,DC100294,29/12/2024,456.23,Standing Order,Cleared
PMT000501,DC100294,2025-06-16,139.07,Cash,Cleared
PMT000502,DC100294,19/03/2025,118.61,DEBIT CARD,Cleared
PMT000503,DC100295,26/10/2024,496.91,Cheque,Cleared
PMT000504,DC100296,06/29/2025,32.19,Direct Debit,Cleared
PMT000505,DC100296,2025-09-25,333.53,Standing Order,Failed
PMT000506,DC100296,2026-02-10,391.58,Cash,Cleared
PMT000507,DC100296,11/08/2025,466.46,Direct Debit,Cleared
PMT000508,DC100297,2026-01-09,18.29,Cash,Pending
PMT000509,DC100297,24-02-2025,248.37,DEBIT CARD,Cleared
PMT000510,DC100299,2026-05-29,28.25,debit card,Cleared
PMT000511,DC100300,03-07-2026,38.91,DEBIT CARD,Cleared
PMT000512,DC100300,05/08/2026,24.99,DEBIT CARD,Cleared
PMT000513,DC100300,2026-08-21,49.67,Bank Transfer,Cleared
PMT000514,DC100301,14-08-2026,154.98,debit card,Cleared
PMT000515,DC100303,04-09-2026,26.6,Direct Debit,Cleared
PMT000516,DC100303,07/11/2026,19.0,debit card,Cleared
PMT000517,DC100304,2026-04-01,326.04,Direct Debit,Pending
PMT000518,DC100305,2026-07-02,119.65,Bank Transfer,Cleared
PMT000519,DC100305,2026-04-13,219.25,Direct Debit,Cleared
PMT000520,DC100305,05/23/2026,348.7,Standing Order,Cleared
PMT000521,DC100305,2025-11-12,452.55,debit card,Cleared
PMT000522,DC100308,2025-08-31,25.81,debit card,Cleared
PMT000523,DC100308,2026-06-01,134.59,Cheque,Cleared
PMT000524,DC100308,08/04/2026,36.23,Cheque,Cleared
PMT000525,DC100308,2026-02-17,5.22,Cheque,Cleared
PMT000526,DC100308,2025-01-17,493.5,Bank Transfer,Cleared
PMT000527,DC100309,2026-05-05,32.95,Debit Card,Failed
PMT000528,DC100309,2026-08-02,35.03,Cash,Cleared
PMT000529,DC100310,26-05-2025,16.61,Bank Transfer,Cleared
PMT000530,DC100310,16/09/2025,38.29,Card,Cleared
PMT000531,DC100311,25/05/2024,358.97,DEBIT CARD,Cleared
PMT000532,DC100311,04-06-2024,16.87,DEBIT CARD,Cleared
PMT000533,DC100312,2026-07-01,472.41,debit card,Failed
PMT000534,DC100312,2025-07-17,39.74,Bank Transfer,Failed
PMT000535,DC100314,21/09/2026,104.7,Standing Order,Cleared
PMT000536,DC100314,2025-09-08,12.0,debit card,Cleared
PMT000537,DC100315,2024-12-17,258.1,Debit Card,Cleared
PMT000538,DC100315,2026-08-24,8.05,Bank Transfer,Cleared
PMT000539,DC100315,2025-03-12,335.78,DEBIT CARD,Cleared
PMT000540,DC100316,2026-04-26,430.57,Bank Transfer,Cleared
PMT000541,DC100317,27/07/2026,357.71,Direct Debit,Cleared
PMT000542,DC100318,2024-01-22,44.24,Cheque,Cleared
PMT000543,DC100318,2024-06-18,6.09,Cash,Cleared
PMT000544,DC100319,2025-08-04,31.72,debit card,Cleared
PMT000545,DC100320,08/03/2025,12.73,Bank Transfer,Failed
PMT000546,DC100321,2024-10-05,26.06,debit card,Cleared
PMT000547,DC100321,2025-01-03,27.89,Bank Transfer,Cleared
PMT000548,DC100321,10/09/2025,47.81,DEBIT CARD,Cleared
PMT000549,DC100321,02/08/2025,433.72,Cash,Failed
PMT000550,DC100321,05/07/2024,16.47,Standing Order,Failed
PMT000551,DC100321,03/13/2025,48.34,Card,Cleared
PMT000552,DC100322,2025-03-15,122.14,Bank Transfer,Cleared
PMT000553,DC100322,2024-02-11,21.27,Card,Cleared
PMT000554,DC100322,13/09/2024,301.38,Direct Debit,Cleared
PMT000555,DC100324,18/06/2026,8.75,debit card,Cleared
PMT000556,DC100329,2025-12-12,111.98,Cheque,Cleared
PMT000557,DC100329,2026-05-02,27.05,debit card,Cleared
PMT000558,DC100330,2024-12-28,9.11,Cash,Cleared
PMT000559,DC100332,2026-04-24,10.8,Debit Card,Failed
PMT000560,DC100332,30/04/2026,10.81,Card,Cleared
PMT000561,DC100332,2026-09-18,444.72,Direct Debit,Cleared
PMT000562,DC100334,09/01/2026,11.37,Standing Order,Cleared
PMT000563,DC100334,08/08/2025,403.05,Card,Cleared
PMT000564,DC100335,2025-04-01,175.3,Standing Order,Cleared
PMT000565,DC100336,2026-03-25,358.6,Cheque,Cleared
PMT000566,DC100337,2025-09-02,9.27,debit card,Cleared
PMT000567,DC100340,01/07/2026,344.39,debit card,Cleared
PMT000568,DC100342,2026-02-21,36.42,Card,Cleared
PMT000569,DC100342,2026-03-27,341.56,Direct Debit,Cleared
PMT000570,DC100345,2026-05-31,13.93,Standing Order,Cleared
PMT000571,DC100349,16-05-2025,8.71,Direct Debit,Failed
PMT000572,DC100349,2025-10-04,41.11,DEBIT CARD,Cleared
PMT000573,DC100350,2026-01-01,42.21,Cash,Cleared
PMT000574,DC100350,18/12/2025,34.73,Debit Card,Cleared
PMT000575,DC100350,18/05/2026,19.45,Standing Order,Pending
PMT000576,DC100350,2026-09-03,368.89,DEBIT CARD,Cleared
PMT000577,DC100350,2026-01-17,39.52,debit card,Failed
PMT000578,DC100351,04/12/2025,99.06,Bank Transfer,Cleared
PMT000579,DC100352,18/07/2026,39.96,Cheque,Cleared
PMT000580,DC100352,19-04-2026,33.6,Debit Card,Cleared
PMT000581,DC100353,15/02/2024,378.74,Bank Transfer,Pending
PMT000582,DC100353,2024-11-25,47.08,Direct Debit,Cleared
PMT000583,DC100353,02/04/2025,35.45,Card,Pending
PMT000584,DC100353,2025-07-09,28.04,Card,Cleared
PMT000585,DC100353,2025-05-30,26.03,Debit Card,Cleared
PMT000586,DC100354,01/03/2026,432.34,Cheque,Cleared
PMT000587,DC100355,11-02-2025,17.47,DEBIT CARD,Cleared
PMT000588,DC100356,2025-01-24,466.81,Direct Debit,Cleared
PMT000589,DC100356,30/07/2025,225.95,Direct Debit,Cleared
PMT000590,DC100357,23/07/2025,19.82,DEBIT CARD,Cleared
PMT000591,DC100357,25-04-2025,434.78,Card,Cleared
PMT000592,DC100357,2025-04-12,34.97,debit card,Cleared
PMT000593,DC100357,20/12/2024,35.47,Debit Card,Cleared
PMT000594,DC100357,02/06/2025,25.96,Cash,Cleared
PMT000595,DC100357,15/07/2025,29.06,Bank Transfer,Cleared
PMT000596,DC100358,2025-11-14,233.96,Bank Transfer,Cleared
PMT000597,DC100359,2026-01-19,8.91,debit card,Cleared
PMT000598,DC100359,08/05/2026,178.13,Bank Transfer,Cleared
PMT000599,DC100360,2024-09-10,269.28,debit card,Cleared
PMT000600,DC100360,2024-09-07,191.28,DEBIT CARD,Pending
PMT000601,DC100360,02/09/2024,101.1,Standing Order,Cleared
PMT000602,DC100360,2025-01-06,409.69,Standing Order,Cleared
PMT000603,DC100360,11/11/2025,31.87,DEBIT CARD,Cleared
PMT000604,DC100360,2025-03-06,246.92,Standing Order,Cleared
PMT000605,DC100361,2025-11-11,15.66,Cash,Cleared
PMT000606,DC100361,12/01/2025,51.97,Cash,Cleared
PMT000607,DC100361,2024-12-22,7.3,Cash,Cleared
PMT000608,DC100361,2025-07-21,32.26,Direct Debit,Cleared
PMT000609,DC100361,2024-07-31,320.27,debit card,Failed
PMT000610,DC100361,2024-09-23,23.01,debit card,Cleared
PMT000611,DC100361,2024-07-23,303.91,Cash,Cleared
PMT000612,DC100361,2025-09-28,339.49,Debit Card,Cleared
PMT000613,DC100364,17-03-2025,325.22,debit card,Cleared
PMT000614,DC100365,12/04/2024,29.81,Direct Debit,Cleared
PMT000615,DC100366,2025-10-19,31.01,Standing Order,Failed
PMT000616,DC100366,05-06-2025,121.83,Debit Card,Cleared
PMT000617,DC100366,06/10/2025,343.57,Cheque,Cleared
PMT000618,DC100367,13-04-2026,293.66,Bank Transfer,Cleared
PMT000619,DC100367,2025-12-01,11.78,Standing Order,Pending
PMT000620,DC100369,2025-01-09,214.55,Bank Transfer,Cleared
PMT000621,DC100370,09/10/2025,419.86,Cheque,Cleared
PMT000622,DC100370,2025-07-25,257.46,Card,Cleared
PMT000623,DC100370,2026-02-09,248.68,debit card,Cleared
PMT000624,DC100370,2024-10-02,88.88,Bank Transfer,Cleared
PMT000625,DC100371,06/04/2026,495.01,Standing Order,Cleared
PMT000626,DC100371,15-12-2025,138.14,Standing Order,Cleared
PMT000627,DC100374,2025-09-29,187.53,Cash,Cleared
PMT000628,DC100378,2026-01-02,11.01,Cash,Cleared
PMT000629,DC100378,2025-04-27,321.77,Card,Failed
PMT000630,DC100378,2025-08-08,361.46,DEBIT CARD,Cleared
PMT000631,DC100378,2026-08-13,26.03,DEBIT CARD,Cleared
PMT000632,DC100381,2025-04-11,341.65,debit card,Pending
PMT000633,DC100381,2024-04-06,6.57,Debit Card,Cleared
PMT000634,DC100382,18/11/2025,129.47,Debit Card,Cleared
PMT000635,DC100382,2025-04-29,35.87,Bank Transfer,Failed
PMT000636,DC100384,2026-04-19,341.79,Direct Debit,Cleared
PMT000637,DC100384,15/11/2025,38.67,Cash,Cleared
PMT000638,DC100384,2025-05-01,124.59,Standing Order,Cleared
PMT000639,DC100384,03/14/2025,67.71,Standing Order,Cleared
PMT000640,DC100384,29/04/2026,440.78,debit card,Cleared
PMT000641,DC100385,2026-07-14,38.46,Card,Cleared
PMT000642,DC100386,30/10/2024,70.89,Card,Cleared
PMT000643,DC100386,03/16/2024,17.38,Card,Failed
PMT000644,DC100386,2024-12-06,27.65,Cash,Cleared
PMT000645,DC100386,2025-09-19,30.99,Cheque,Cleared
PMT000646,DC100387,2026-04-29,9.92,Debit Card,Cleared
PMT000647,DC100387,12/11/2024,162.63,Card,Cleared
PMT000648,DC100388,2026-04-15,210.63,Standing Order,Cleared
PMT000649,DC100389,2024-08-31,34.29,Debit Card,Cleared
PMT000650,DC100389,07-11-2024,327.29,Bank Transfer,Failed
PMT000651,DC100389,09/12/2024,123.78,Card,Cleared
PMT000652,DC100392,2025-03-31,17.6,Cheque,Cleared
PMT000653,DC100392,10-01-2024,296.44,DEBIT CARD,Cleared
PMT000654,DC100392,2024-12-09,132.42,Card,Failed
PMT000655,DC100394,16-01-2025,276.55,Card,Cleared
PMT000656,DC100394,2024-08-16,166.09,Cheque,Cleared
PMT000657,DC100394,22-07-2025,46.68,debit card,Cleared
PMT000658,DC100394,2025-07-13,362.92,Standing Order,Cleared
PMT000659,DC100394,2024-07-17,28.22,Cheque,Cleared
PMT000660,DC100395,12-09-2026,404.75,debit card,Pending
PMT000661,DC100396,31/12/2025,11.12,Debit Card,Cleared
PMT000662,DC100396,2026-01-17,20.09,Cash,Cleared
PMT000663,DC100397,2025-04-14,33.6,Debit Card,Cleared
PMT000664,DC100397,06/11/2025,37.2,Card,Cleared
PMT000665,DC100397,2025-04-21,44.25,Standing Order,Cleared
PMT000666,DC100398,2024-03-18,431.35,Card,Cleared
PMT000667,DC100401,09/05/2025,219.52,debit card,Cleared
PMT000668,DC100401,03-07-2024,12.44,Cash,Cleared
PMT000669,DC100401,21/11/2025,36.72,Cash,Cleared
PMT000670,DC100401,2026-02-14,28.67,Card,Cleared
PMT000671,DC100401,2024-11-08,7.0,Bank Transfer,Cleared
PMT000672,DC100402,20-02-2025,14.43,Direct Debit,Cleared
PMT000673,DC100402,2025-06-29,249.13,Card,Cleared
PMT000674,DC100403,12/03/2025,114.81,debit card,Cleared
PMT000675,DC100403,2025-08-30,49.73,Cheque,Cleared
PMT000676,DC100403,2025-05-21,13.19,Cheque,Cleared
PMT000677,DC100407,22/05/2026,433.12,DEBIT CARD,Cleared
PMT000678,DC100407,2026-08-16,210.4,Direct Debit,Failed
PMT000679,DC100407,23/08/2026,38.55,Bank Transfer,Cleared
PMT000680,DC100407,02/02/2026,123.45,Debit Card,Cleared
PMT000681,DC100408,03/17/2026,28.45,DEBIT CARD,Cleared
PMT000682,DC100409,2026-01-29,23.7,Cash,Cleared
PMT000683,DC100410,2025-11-21,287.44,debit card,Pending
PMT000684,DC100411,2026-07-22,38.58,Direct Debit,Cleared
PMT000685,DC100411,09/04/2026,321.03,Card,Cleared
PMT000686,DC100412,2026-07-04,326.73,Cheque,Cleared
PMT000687,DC100414,2025-04-21,14.28,Direct Debit,Cleared
PMT000688,DC100414,2024-09-23,475.4,Standing Order,Cleared
PMT000689,DC100415,2026-01-25,29.74,Debit Card,Cleared
PMT000690,DC100416,2026-03-26,25.57,Cash,Cleared
PMT000691,DC100416,2026-02-12,257.36,debit card,Cleared
PMT000692,DC100418,2026-05-07,203.28,Cash,Cleared
PMT000693,DC100418,2026-01-11,35.97,DEBIT CARD,Cleared
PMT000694,DC100418,2026-02-28,301.62,Bank Transfer,Cleared
PMT000695,DC100418,2026-05-21,469.86,Card,Cleared
PMT000696,DC100420,19-05-2026,44.31,Standing Order,Cleared
PMT000697,DC100422,05-07-2024,349.16,debit card,Cleared
PMT000698,DC100422,2024-06-20,28.08,Cheque,Cleared
PMT000699,DC100422,2026-04-24,43.62,Bank Transfer,Pending
PMT000700,DC100422,03/06/2024,38.16,debit card,Cleared
PMT000701,DC100424,15/12/2025,40.87,Cash,Cleared
PMT000702,DC100425,2026-06-16,368.33,DEBIT CARD,Cleared
PMT000703,DC100425,2026-08-30,119.24,debit card,Failed
PMT000704,DC100426,19/05/2026,14.18,Cheque,Cleared
PMT000705,DC100426,2026-08-17,395.21,Bank Transfer,Cleared
PMT000706,DC100428,20-06-2024,10.22,Bank Transfer,Cleared
PMT000707,DC100429,05/08/2026,316.43,Card,Failed
PMT000708,DC100430,2025-01-11,30.02,debit card,Cleared
PMT000709,DC100430,01/06/2025,10.27,Card,Cleared
PMT000710,DC100430,2025-12-27,48.39,Standing Order,Cleared
PMT000711,DC100430,2026-08-24,74.23,Standing Order,Cleared
PMT000712,DC100430,01/07/2025,36.09,Standing Order,Cleared
PMT000713,DC100430,27/12/2024,19.45,Direct Debit,Cleared
PMT000714,DC100431,2026-01-22,409.56,debit card,Failed
PMT000715,DC100431,30/01/2026,263.64,Cash,Failed
PMT000716,DC100431,2026-08-20,366.51,DEBIT CARD,Cleared
PMT000717,DC100431,2025-12-12,10.3,DEBIT CARD,Cleared
PMT000718,DC100432,05/15/2026,396.13,DEBIT CARD,Pending
PMT000719,DC100432,04-02-2026,32.54,Debit Card,Cleared
PMT000720,DC100432,2025-06-15,176.42,debit card,Cleared
PMT000721,DC100432,07/03/2025,14.82,DEBIT CARD,Cleared
PMT000722,DC100432,2024-07-06,40.16,Cheque,Cleared
PMT000723,DC100432,2024-12-30,14.73,debit card,Cleared
PMT000724,DC100432,2025-04-15,44.68,Bank Transfer,Cleared
PMT000725,DC100432,2026-02-08,113.96,Card,Cleared
PMT000726,DC100433,2026-03-28,21.02,Direct Debit,Cleared
PMT000727,DC100433,25/08/2026,483.73,Card,Cleared
PMT000728,DC100433,2026-01-18,270.07,Direct Debit,Cleared
PMT000729,DC100436,2025-08-09,409.8,DEBIT CARD,Cleared
PMT000730,DC100436,2025-10-27,108.62,Direct Debit,Cleared
PMT000731,DC100437,2026-07-24,167.07,Debit Card,Cleared
PMT000732,DC100438,13/12/2023,21.64,Cheque,Cleared
PMT000733,DC100440,2025-09-24,9.59,Direct Debit,Cleared
PMT000734,DC100440,12/11/2025,386.75,Cash,Cleared
PMT000735,DC100441,2026-07-25,12.9,debit card,Cleared
PMT000736,DC100442,02-05-2026,90.28,Debit Card,Cleared
PMT000737,DC100442,2026-07-26,202.08,debit card,Cleared
PMT000738,DC100442,14/09/2025,91.72,Bank Transfer,Pending
PMT000739,DC100443,31/05/2026,262.21,Bank Transfer,Cleared
PMT000740,DC100443,2026-08-09,411.31,Card,Cleared
PMT000741,DC100443,2025-07-06,196.18,Debit Card,Cleared
PMT000742,DC100443,2025-08-06,463.42,Debit Card,Cleared
PMT000743,DC100444,31-01-2026,417.31,Card,Pending
PMT000744,DC100447,2026-04-12,30.94,Cheque,Cleared
PMT000745,DC100449,2025-04-20,425.89,Cash,Cleared
PMT000746,DC100449,2025-10-12,55.39,Standing Order,Cleared
PMT000747,DC100450,15/04/2026,363.7,Bank Transfer,Cleared
PMT000748,DC100450,2025-01-09,420.49,Cheque,Cleared
PMT000749,DC100452,2024-01-21,250.23,Card,Cleared
PMT000750,DC100452,02/09/2025,345.25,debit card,Cleared
PMT000751,DC100452,07/09/2024,400.18,Card,Cleared
PMT000752,DC100452,30/05/2024,33.15,Cash,Cleared
PMT000753,DC100452,11/06/2025,14.09,Card,Cleared
PMT000754,DC100452,2025-10-09,27.14,Direct Debit,Failed
PMT000755,DC100453,2025-11-25,255.36,Standing Order,Cleared
PMT000756,DC100453,2025-01-08,439.39,Debit Card,Cleared
PMT000757,DC100453,2025-01-16,471.2,Standing Order,Cleared
PMT000758,DC100453,18-12-2025,16.6,Standing Order,Cleared
PMT000759,DC100453,2026-06-16,25.59,Cheque,Pending
PMT000760,DC100455,09/01/2025,499.99,Cheque,Cleared
PMT000761,DC100455,2025-10-16,5.21,Bank Transfer,Pending
PMT000762,DC100455,11/12/2024,8.89,Card,Cleared
PMT000763,DC100455,2026-02-09,77.18,debit card,Cleared
PMT000764,DC100456,2024-08-11,146.75,DEBIT CARD,Failed
PMT000765,DC100457,08/08/2025,28.83,Debit Card,Cleared
PMT000766,DC100457,23/05/2025,42.93,Direct Debit,Cleared
PMT000767,DC100457,2025-03-01,237.61,Direct Debit,Cleared
PMT000768,DC100457,2023-10-29,30.68,Cheque,Cleared
PMT000769,DC100458,2025-09-11,293.37,Bank Transfer,Cleared
PMT000770,DC100458,2025-02-13,171.06,debit card,Cleared
PMT000771,DC100458,04/30/2025,35.46,Card,Cleared
PMT000772,DC100459,06/01/2025,5.16,Direct Debit,Cleared
PMT000773,DC100459,2024-03-16,488.74,Direct Debit,Failed
PMT000774,DC100460,2026-05-31,478.86,DEBIT CARD,Cleared
PMT000775,DC100460,2025-10-15,257.65,Debit Card,Cleared
PMT000776,DC100461,2025-04-22,172.29,DEBIT CARD,Cleared
PMT000777,DC100461,2025-06-15,26.7,Debit Card,Cleared
PMT000778,DC100462,2025-10-31,32.02,DEBIT CARD,Cleared
PMT000779,DC100464,05/04/2025,12.17,DEBIT CARD,Cleared
PMT000780,DC100464,2024-10-02,129.52,Direct Debit,Cleared
PMT000781,DC100464,2025-06-17,42.1,Debit Card,Cleared
PMT000782,DC100464,2024-09-20,16.29,DEBIT CARD,Failed
PMT000783,DC100464,2024-10-16,44.91,Card,Cleared
PMT000784,DC100464,2025-03-02,22.94,Bank Transfer,Cleared
PMT000785,DC100465,2026-04-25,247.95,Standing Order,Cleared
PMT000786,DC100465,09/08/2025,343.65,Cheque,Cleared
PMT000787,DC100465,2025-12-18,9.31,DEBIT CARD,Cleared
PMT000788,DC100465,06/19/2026,115.46,Direct Debit,Cleared
PMT000789,DC100466,2025-10-19,14.19,Card,Cleared
PMT000790,DC100466,05/03/2024,255.57,Card,Cleared
PMT000791,DC100467,08/06/2025,317.24,debit card,Cleared
PMT000792,DC100468,30/07/2026,55.26,debit card,Cleared
PMT000793,DC100469,2025-12-04,150.42,DEBIT CARD,Cleared
PMT000794,DC100469,2026-05-22,30.97,Bank Transfer,Cleared
PMT000795,DC100469,2024-10-18,200.73,Bank Transfer,Cleared
PMT000796,DC100469,2025-09-16,20.86,DEBIT CARD,Pending
PMT000797,DC100471,2025-06-11,46.26,Card,Cleared
PMT000798,DC100473,2026-09-17,76.19,Direct Debit,Failed
PMT000799,DC100473,2026-05-30,115.91,Direct Debit,Cleared
PMT000800,DC100473,16/08/2026,225.73,Direct Debit,Cleared
PMT000801,DC100474,2024-12-07,46.32,Standing Order,Cleared
PMT000802,DC100474,2025-10-06,321.44,Card,Pending
PMT000803,DC100474,14-03-2024,38.65,debit card,Cleared
PMT000804,DC100475,2026-06-05,138.97,Card,Pending
PMT000805,DC100475,2025-01-30,26.8,Debit Card,Cleared
PMT000806,DC100475,2025-08-24,397.02,Card,Cleared
PMT000807,DC100475,08/07/2025,238.31,Cheque,Cleared
PMT000808,DC100476,07-10-2025,24.82,Cash,Cleared
PMT000809,DC100476,2025-03-08,22.5,Card,Cleared
PMT000810,DC100476,07/07/2025,24.91,DEBIT CARD,Cleared
PMT000811,DC100476,2025-12-14,41.87,Card,Failed
PMT000812,DC100476,28/02/2025,157.88,Cheque,Cleared
PMT000813,DC100476,2024-12-30,46.87,Cash,Cleared
PMT000814,DC100477,2026-02-18,358.71,Debit Card,Cleared
PMT000815,DC100477,2025-09-26,440.5,Cheque,Cleared
PMT000816,DC100477,10/10/2025,231.06,Cheque,Cleared
PMT000817,DC100477,02/11/2025,24.17,Cash,Failed
PMT000818,DC100479,2025-10-26,36.99,Debit Card,Cleared
PMT000819,DC100479,05/02/2026,14.97,Card,Cleared
PMT000820,DC100479,2024-09-09,282.03,Debit Card,Cleared
PMT000821,DC100479,05-10-2025,13.69,Debit Card,Failed
PMT000822,DC100480,31/05/2026,293.89,Card,Failed
PMT000823,DC100480,12/05/2025,31.9,Direct Debit,Cleared
PMT000824,DC100480,2025-03-18,44.47,Direct Debit,Cleared
PMT000825,DC100482,2025-09-17,27.16,Cheque,Cleared
PMT000826,DC100482,25-04-2024,476.48,Debit Card,Cleared
PMT000827,DC100483,2024-02-29,48.33,Standing Order,Cleared
PMT000828,DC100483,10-02-2024,442.19,Debit Card,Cleared
PMT000829,DC100484,2025-03-29,262.03,Card,Cleared
PMT000830,DC100485,01/12/2023,22.49,debit card,Cleared
PMT000831,DC100486,2026-05-29,316.36,Standing Order,Cleared
PMT000832,DC100486,2026-07-20,10.3,Card,Cleared
PMT000833,DC100487,2024-07-14,44.37,Direct Debit,Failed
PMT000834,DC100487,11/07/2025,278.59,Bank Transfer,Failed
PMT000835,DC100487,05/07/2024,178.02,debit card,Cleared
PMT000836,DC100488,2025-04-26,446.66,Standing Order,Cleared
PMT000837,DC100488,2025-10-31,21.17,Standing Order,Cleared
PMT000838,DC100488,17-03-2026,105.1,Standing Order,Cleared
PMT000839,DC100488,25/09/2025,408.31,Debit Card,Cleared
PMT000840,DC100488,2026-06-04,45.82,Cheque,Cleared
PMT000841,DC100488,04/01/2026,231.77,Card,Failed
PMT000842,DC100488,2026-04-21,16.8,Card,Cleared
PMT000843,DC100488,22/05/2026,323.77,Standing Order,Cleared
PMT000844,DC100489,19/07/2025,436.73,debit card,Cleared
PMT000845,DC100490,2025-09-13,25.44,Cash,Pending
PMT000846,DC100490,2025-09-11,286.0,Standing Order,Cleared
PMT000847,DC100490,08/05/2026,19.41,debit card,Pending
PMT000848,DC100492,2025-03-16,373.62,debit card,Failed
PMT000849,DC100492,17/10/2025,171.53,Card,Cleared
PMT000850,DC100492,11/04/2025,70.69,Cash,Cleared
PMT000851,DC100492,2024-12-12,78.31,DEBIT CARD,Cleared
PMT000852,DC100496,17/05/2026,20.37,Debit Card,Cleared
PMT000853,DC100497,2026-04-26,44.54,Cash,Cleared
PMT000854,DC100497,2025-03-31,33.17,Cash,Cleared
PMT000855,DC100498,2026-06-05,46.33,Cheque,Cleared
PMT000856,DC100498,24-09-2025,5.3,Cheque,Cleared
PMT000857,DC100500,04/10/2025,63.94,Card,Cleared
PMT000858,DC100500,06-02-2026,335.83,Card,Cleared
PMT000859,DC100500,2025-12-19,9.35,Direct Debit,Pending
PMT000860,DC100501,2026-06-12,8.64,Debit Card,Cleared
PMT000861,DC100501,13/11/2025,233.78,Card,Cleared
PMT000862,DC100501,09/08/2025,212.73,DEBIT CARD,Cleared
PMT000863,DC100501,2025-05-09,395.26,Card,Cleared
PMT000864,DC100501,2026-05-19,117.09,Cheque,Cleared
PMT000865,DC100502,2025-11-12,45.46,Card,Failed
PMT000866,DC100503,2025-06-12,21.45,Card,Pending
PMT000867,DC100504,2026-05-27,24.58,Card,Cleared
PMT000868,DC100504,2025-12-22,422.51,Standing Order,Cleared
PMT000869,DC100505,2025-01-11,419.7,Card,Cleared
PMT000870,DC100506,23/07/2024,22.83,DEBIT CARD,Pending
PMT000871,DC100506,2024-11-24,40.57,Standing Order,Failed
PMT000872,DC100506,2024-12-15,209.96,Cheque,Cleared
PMT000873,DC100506,01/10/2024,317.82,Standing Order,Cleared
PMT000874,DC100507,10/01/2025,403.47,Bank Transfer,Cleared
PMT000875,DC100509,2024-05-06,186.15,Cheque,Cleared
PMT000876,DC100509,2025-04-16,416.18,Standing Order,Cleared
PMT000877,DC100509,2025-02-07,28.03,Standing Order,Cleared
PMT000878,DC100509,26-06-2024,14.78,Card,Cleared
PMT000879,DC100511,2025-09-13,10.29,Cash,Cleared
PMT000880,DC100511,20-02-2025,18.04,Cheque,Cleared
PMT000881,DC100511,28/07/2026,228.35,Cheque,Cleared
PMT000882,DC100511,02/12/2025,149.53,debit card,Cleared
PMT000883,DC100511,02/18/2025,485.14,Bank Transfer,Cleared
PMT000884,DC100514,2026-07-31,23.69,DEBIT CARD,Cleared
PMT000885,DC100514,13-05-2026,16.76,Direct Debit,Cleared
PMT000886,DC100514,2026-03-06,499.24,Bank Transfer,Cleared
PMT000887,DC100514,2026-04-13,172.92,Direct Debit,Cleared
PMT000888,DC100516,22/10/2024,31.02,Standing Order,Pending
PMT000889,DC100516,31-03-2025,119.31,Bank Transfer,Cleared
PMT000890,DC100517,06-01-2026,368.38,Card,Cleared
PMT000891,DC100518,07/09/2026,360.18,Cash,Cleared
PMT000892,DC100519,21/09/2026,30.77,Direct Debit,Pending
PMT000893,DC100519,2026-04-06,234.55,Cash,Cleared
PMT000894,DC100520,10/11/2025,144.32,Standing Order,Cleared
PMT000895,DC100520,03/19/2025,82.84,Direct Debit,Cleared
PMT000896,DC100521,03/06/2026,13.06,Direct Debit,Cleared
PMT000897,DC100522,24/04/2026,21.35,Standing Order,Cleared
PMT000898,DC100523,2025-11-03,18.85,debit card,Cleared
PMT000899,DC100523,18/01/2026,16.77,Standing Order,Failed
PMT000900,DC100524,2024-01-20,223.01,DEBIT CARD,Cleared
PMT000901,DC100524,17/08/2025,480.07,DEBIT CARD,Cleared
PMT000902,DC100524,2025-01-20,307.53,Direct Debit,Cleared
PMT000903,DC100524,2025-09-03,22.75,Direct Debit,Cleared
PMT000904,DC100524,07-04-2024,279.01,DEBIT CARD,Cleared
PMT000905,DC100524,2025-07-09,96.6,Cash,Cleared
PMT000906,DC100525,2026-09-13,103.35,Cheque,Pending
PMT000907,DC100525,2025-11-27,132.3,Debit Card,Cleared
PMT000908,DC100527,2025-12-12,78.28,DEBIT CARD,Cleared
PMT000909,DC100527,30-09-2025,418.04,Direct Debit,Pending
PMT000910,DC100527,2025-07-22,17.32,Bank Transfer,Cleared
PMT000911,DC100527,14/10/2025,448.26,debit card,Cleared
PMT000912,DC100527,09/11/2025,383.64,Cheque,Pending
PMT000913,DC100528,02-07-2025,20.91,Cheque,Cleared
PMT000914,DC100528,2026-05-04,337.34,Debit Card,Cleared
PMT000915,DC100528,2026-03-16,301.62,Card,Cleared
PMT000916,DC100529,03-02-2026,412.13,Cheque,Cleared
PMT000917,DC100530,2026-07-08,139.42,debit card,Cleared
PMT000918,DC100534,2026-01-25,26.36,Cheque,Cleared
PMT000919,DC100534,2026-08-07,495.25,Debit Card,Cleared
PMT000920,DC100534,20-05-2026,282.44,debit card,Pending
PMT000921,DC100535,2025-12-20,499.01,debit card,Cleared
PMT000922,DC100535,2025-08-09,138.45,Cheque,Cleared
PMT000923,DC100536,2024-06-08,7.4,DEBIT CARD,Cleared
PMT000924,DC100537,18/01/2026,184.56,DEBIT CARD,Cleared
PMT000925,DC100537,2025-09-06,49.81,debit card,Cleared
PMT000926,DC100538,06/04/2026,17.13,Cash,Failed
PMT000927,DC100539,2025-12-10,35.88,DEBIT CARD,Failed
PMT000928,DC100540,18-09-2024,261.7,Standing Order,Cleared
PMT000929,DC100540,11-02-2024,47.36,debit card,Cleared
PMT000930,DC100542,08/13/2026,340.07,Standing Order,Cleared
PMT000931,DC100542,08/08/2026,470.83,Debit Card,Cleared
PMT000932,DC100544,24/10/2024,389.23,Standing Order,Cleared
PMT000933,DC100544,2026-01-29,6.61,Card,Cleared
PMT000934,DC100545,20-08-2025,152.6,DEBIT CARD,Cleared
PMT000935,DC100546,2026-02-26,180.97,Bank Transfer,Cleared
PMT000936,DC100548,2026-06-14,403.64,Direct Debit,Cleared
PMT000937,DC100548,05-09-2026,276.16,Cheque,Cleared
PMT000938,DC100549,10/24/2025,49.84,Direct Debit,Cleared
PMT000939,DC100549,07/09/2026,246.07,Bank Transfer,Cleared
PMT000940,DC100549,2025-12-10,12.15,Bank Transfer,Cleared
PMT000941,DC100550,04/24/2026,5.96,Direct Debit,Cleared
PMT000942,DC100551,06/03/2025,6.32,Cash,Cleared
PMT000943,DC100551,30-12-2024,35.72,Debit Card,Cleared
PMT000944,DC100551,2025-06-29,301.29,Debit Card,Failed
PMT000945,DC100551,2024-09-17,34.89,debit card,Cleared
PMT000946,DC100551,2025-05-03,28.78,Direct Debit,Pending
PMT000947,DC100551,29/04/2025,28.88,Card,Cleared
PMT000948,DC100552,2024-11-10,31.41,Cheque,Cleared
PMT000949,DC100552,2024-12-13,28.68,Card,Cleared
PMT000950,DC100553,2025-04-01,24.65,Cash,Cleared
PMT000951,DC100553,17/11/2025,260.17,Card,Cleared
PMT000952,DC100553,23-10-2025,31.63,debit card,Cleared
PMT000953,DC100553,2025-09-17,275.81,Standing Order,Cleared
PMT000954,DC100555,05/05/2026,38.17,Cheque,Cleared
PMT000955,DC100555,2026-05-12,469.75,Cash,Cleared
PMT000956,DC100555,07/01/2026,21.57,Debit Card,Cleared
PMT000957,DC100556,2026-03-31,395.44,DEBIT CARD,Cleared
PMT000958,DC100556,2025-10-29,21.65,Bank Transfer,Cleared
PMT000959,DC100557,09/09/2024,26.71,Debit Card,Cleared
PMT000960,DC100557,2025-01-05,177.89,debit card,Cleared
PMT000961,DC100557,2024-04-16,109.66,debit card,Cleared
PMT000962,DC100558,2025-09-05,20.46,DEBIT CARD,Cleared
PMT000963,DC100560,2024-11-06,493.58,Bank Transfer,Cleared
PMT000964,DC100562,15-09-2025,47.68,Cheque,Cleared
PMT000965,DC100564,06/05/2025,158.3,Cash,Cleared
PMT000966,DC100565,20/11/2025,481.2,Card,Cleared
PMT000967,DC100566,2026-03-18,486.74,debit card,Cleared
PMT000968,DC100566,13/05/2025,39.14,Debit Card,Cleared
PMT000969,DC100566,05/12/2024,89.96,DEBIT CARD,Cleared
PMT000970,DC100566,2025-12-27,154.18,Card,Pending
PMT000971,DC100567,2026-08-18,239.11,Debit Card,Cleared
PMT000972,DC100571,2024-08-05,6.97,Debit Card,Cleared
PMT000973,DC100571,2024-10-10,473.19,Direct Debit,Cleared
PMT000974,DC100571,22/12/2025,156.29,Card,Pending
PMT000975,DC100571,2025-09-05,145.06,Cheque,Cleared
PMT000976,DC100572,2026-02-26,161.81,Bank Transfer,Cleared
PMT000977,DC100572,2025-02-22,133.86,debit card,Cleared
PMT000978,DC100572,2026-01-16,431.7,DEBIT CARD,Cleared
PMT000979,DC100572,2025-05-09,319.67,debit card,Cleared
PMT000980,DC100573,2025-10-05,263.47,Cheque,Cleared
PMT000981,DC100573,2025-02-04,187.68,debit card,Cleared
PMT000982,DC100574,25/12/2025,414.67,debit card,Cleared
PMT000983,DC100574,29-10-2025,118.67,Debit Card,Cleared
PMT000984,DC100574,18/10/2025,315.12,debit card,Cleared
PMT000985,DC100575,01/10/2025,42.79,Direct Debit,Pending
PMT000986,DC100575,2025-08-15,16.98,Bank Transfer,Cleared
PMT000987,DC100576,2026-07-29,7.4,Direct Debit,Cleared
PMT000988,DC100577,22/06/2025,48.36,Debit Card,Cleared
PMT000989,DC100577,03/02/2025,461.01,DEBIT CARD,Cleared
PMT000990,DC100577,2025-01-20,257.17,Card,Cleared
PMT000991,DC100577,2024-03-14,109.29,DEBIT CARD,Cleared
PMT000992,DC100577,2025-09-13,16.88,Bank Transfer,Cleared
PMT000993,DC100578,25/08/2026,117.92,DEBIT CARD,Cleared
PMT000994,DC100580,2025-12-28,91.71,Debit Card,Cleared
PMT000995,DC100581,2025-03-27,44.56,Card,Cleared
PMT000996,DC100584,27/02/2025,45.46,Bank Transfer,Cleared
PMT000997,DC100584,2023-12-16,40.07,Card,Pending
PMT000998,DC100585,2025-03-04,84.84,Debit Card,Failed
PMT000999,DC100585,12/06/2025,170.27,Cheque,Cleared
PMT001000,DC100585,2025-06-07,431.26,Debit Card,Cleared
PMT001001,DC100588,28-05-2025,45.66,Debit Card,Cleared
PMT001002,DC100589,2026-06-02,10.56,Debit Card,Cleared
PMT001003,DC100589,13-10-2025,297.39,Cheque,Cleared
PMT001004,DC100591,2024-12-25,119.75,Direct Debit,Cleared
PMT001005,DC100591,2024-07-23,241.24,debit card,Cleared
PMT001006,DC100591,22/07/2024,485.61,Card,Failed
PMT001007,DC100591,2025-01-06,25.42,debit card,Cleared
PMT001008,DC100591,2024-12-28,23.23,Bank Transfer,Cleared
PMT001009,DC100591,2025-04-24,430.46,Card,Cleared
PMT001010,DC100591,2025-08-11,48.06,Standing Order,Cleared
PMT001011,DC100591,2025-12-29,14.12,Cash,Cleared
PMT001012,DC100592,2025-05-03,439.27,Card,Cleared
PMT001013,DC100592,2024-12-01,238.37,Debit Card,Cleared
PMT001014,DC100592,28/12/2024,36.78,Cheque,Cleared
PMT001015,DC100592,2026-03-04,332.64,Standing Order,Cleared
PMT001016,DC100594,29/03/2024,19.53,Cash,Cleared
PMT001017,DC100594,2025-02-26,39.86,debit card,Cleared
PMT001018,DC100594,2025-02-03,36.5,Debit Card,Cleared
PMT001019,DC100594,13/03/2025,168.6,DEBIT CARD,Failed
PMT001020,DC100596,21-09-2026,24.84,Cash,Cleared
PMT001021,DC100597,15/11/2025,464.19,Standing Order,Cleared
PMT001022,DC100597,24/04/2026,254.31,Cash,Failed
PMT001023,DC100597,2026-08-18,47.83,Debit Card,Cleared
PMT001024,DC100597,2026-03-21,37.45,debit card,Cleared
PMT001025,DC100598,05/02/2026,219.11,Debit Card,Cleared
PMT001026,DC100600,2025-08-11,496.74,Bank Transfer,Cleared
PMT001027,DC100601,2025-09-25,433.62,Cash,Failed
PMT001028,DC100601,07-03-2026,261.04,debit card,Cleared
PMT001029,DC100601,12/26/2025,418.45,Debit Card,Cleared
PMT001030,DC100602,09/06/2025,10.46,Standing Order,Failed
PMT001031,DC100602,2025-11-15,24.62,Cheque,Cleared
PMT001032,DC100603,2025-09-21,497.6,debit card,Cleared
PMT001033,DC100605,2025-02-16,88.08,Bank Transfer,Cleared
PMT001034,DC100605,01/08/2024,201.13,Cheque,Cleared
PMT001035,DC100605,09/07/2025,317.58,Standing Order,Cleared
PMT001036,DC100605,2024-09-24,43.94,Direct Debit,Pending
PMT001037,DC100607,12/07/2026,71.92,Standing Order,Cleared
PMT001038,DC100608,2024-11-12,21.34,Standing Order,Cleared
PMT001039,DC100608,2025-02-15,323.25,Cash,Cleared
PMT001040,DC100608,2025-05-19,310.41,Standing Order,Cleared
PMT001041,DC100610,2025-09-22,45.14,Bank Transfer,Cleared
PMT001042,DC100611,2025-08-12,30.88,Debit Card,Cleared
PMT001043,DC100611,24/04/2025,67.82,Card,Cleared
PMT001044,DC100612,2026-01-09,15.59,debit card,Cleared
PMT001045,DC100612,2026-02-24,480.25,DEBIT CARD,Cleared
PMT001046,DC100615,2025-04-11,25.34,Bank Transfer,Cleared
PMT001047,DC100615,2026-03-23,27.98,Direct Debit,Cleared
PMT001048,DC100615,2026-03-01,21.81,Cash,Cleared
PMT001049,DC100616,2026-04-16,8.55,Bank Transfer,Cleared
PMT001050,DC100616,2025-04-16,20.74,Standing Order,Cleared
PMT001051,DC100616,2026-05-11,11.33,Debit Card,Cleared
PMT001052,DC100618,2026-01-19,208.55,Bank Transfer,Cleared
PMT001053,DC100618,2025-04-14,219.91,Debit Card,Cleared
PMT001054,DC100619,2026-06-16,465.23,Cheque,Cleared
PMT001055,DC100623,2024-04-28,20.7,Standing Order,Cleared
PMT001056,DC100624,2025-12-02,338.17,Standing Order,Cleared
PMT001057,DC100624,06/04/2026,216.37,Direct Debit,Cleared
PMT001058,DC100624,2024-09-20,196.23,Debit Card,Cleared
PMT001059,DC100624,26-08-2024,441.79,Cheque,Cleared
PMT001060,DC100626,02/07/2025,45.89,Debit Card,Cleared
PMT001061,DC100626,2025-02-14,36.91,Bank Transfer,Cleared
PMT001062,DC100626,2024-05-26,160.75,Direct Debit,Cleared
PMT001063,DC100626,01/12/2025,424.94,DEBIT CARD,Cleared
PMT001064,DC100628,2026-01-05,310.14,Standing Order,Cleared
PMT001065,DC100629,2024-07-07,38.31,Bank Transfer,Cleared
PMT001066,DC100629,18/06/2024,68.72,debit card,Cleared
PMT001067,DC100629,20/03/2025,17.14,debit card,Cleared
PMT001068,DC100629,23/09/2025,20.32,Cash,Cleared
PMT001069,DC100630,2025-07-18,94.51,DEBIT CARD,Cleared
PMT001070,DC100630,2024-10-23,38.2,Bank Transfer,Cleared
PMT001071,DC100631,2025-12-03,306.69,Card,Cleared
PMT001072,DC100631,2024-05-02,280.95,debit card,Cleared
PMT001073,DC100631,23/11/2024,43.46,Debit Card,Cleared
PMT001074,DC100633,09/19/2025,328.68,Cheque,Cleared
PMT001075,DC100634,19/05/2025,33.09,DEBIT CARD,Cleared
PMT001076,DC100635,2025-05-21,44.91,debit card,Cleared
PMT001077,DC100635,2024-06-13,49.83,Bank Transfer,Cleared
PMT001078,DC100635,2024-05-15,77.74,Bank Transfer,Cleared
PMT001079,DC100636,14/07/2024,44.92,Card,Cleared
PMT001080,DC100636,2024-05-29,376.94,debit card,Cleared
PMT001081,DC100637,2026-05-04,190.91,Bank Transfer,Cleared
PMT001082,DC100638,20/05/2024,18.99,Card,Cleared
PMT001083,DC100638,2025-05-29,186.07,DEBIT CARD,Cleared
PMT001084,DC100639,27-04-2026,42.93,Direct Debit,Cleared
PMT001085,DC100641,01/04/2026,37.16,Cheque,Cleared
PMT001086,DC100641,07/05/2025,13.23,debit card,Cleared
PMT001087,DC100641,2026-06-15,130.05,Direct Debit,Cleared
PMT001088,DC100642,12/16/2025,41.22,debit card,Cleared
PMT001089,DC100643,09-05-2025,28.22,Cheque,Cleared
PMT001090,DC100643,2025-06-09,153.94,Direct Debit,Failed
PMT001091,DC100644,10/07/2025,31.69,Cash,Cleared
PMT001092,DC100644,2024-11-14,5.31,DEBIT CARD,Cleared
PMT001093,DC100646,03/09/2026,205.93,Card,Cleared
PMT001094,DC100646,06/04/2025,470.46,Cash,Failed
PMT001095,DC100646,2025-10-14,382.93,Bank Transfer,Cleared
PMT001096,DC100648,2025-04-25,36.86,Cash,Cleared
PMT001097,DC100648,2025-10-11,9.94,Debit Card,Cleared
PMT001098,DC100648,2026-09-02,437.25,Direct Debit,Cleared
PMT001099,DC100648,22-09-2025,163.31,Direct Debit,Cleared
PMT001100,DC100649,2025-08-11,365.93,Debit Card,Pending
PMT001101,DC100650,2026-04-09,33.5,Card,Cleared
PMT001102,DC100652,2024-11-21,383.78,Bank Transfer,Cleared
PMT001103,DC100652,2025-04-07,476.6,Direct Debit,Cleared
PMT001104,DC100652,2024-03-24,8.95,Direct Debit,Cleared
PMT001105,DC100652,12/07/2025,27.67,Debit Card,Cleared
PMT001106,DC100652,29-08-2025,44.99,Debit Card,Cleared
PMT001107,DC100652,31-01-2024,237.87,Standing Order,Cleared
PMT001108,DC100653,2026-02-06,36.79,DEBIT CARD,Failed
PMT001109,DC100654,2024-07-01,297.57,Direct Debit,Cleared
PMT001110,DC100654,12/06/2025,26.52,Direct Debit,Cleared
PMT001111,DC100654,2026-02-16,19.01,Direct Debit,Cleared
PMT001112,DC100654,2025-05-02,7.99,Cheque,Cleared
PMT001113,DC100654,21/02/2025,104.88,Cash,Cleared
PMT001114,DC100654,2024-09-11,7.13,Bank Transfer,Cleared
PMT001115,DC100654,16/08/2025,88.29,Standing Order,Cleared
PMT001116,DC100654,21/11/2025,299.44,DEBIT CARD,Cleared
PMT001117,DC100655,07/10/2024,27.5,Bank Transfer,Cleared
PMT001118,DC100655,2025-10-07,15.04,Debit Card,Cleared
PMT001119,DC100655,2025-03-03,163.81,Card,Cleared
PMT001120,DC100655,2025-12-19,38.14,Cheque,Cleared
PMT001121,DC100655,2025-07-22,310.43,Cheque,Cleared
PMT001122,DC100656,2025-01-02,412.19,Direct Debit,Pending
PMT001123,DC100656,2025-10-25,19.64,Debit Card,Cleared
PMT001124,DC100656,2024-07-25,312.59,Standing Order,Cleared
PMT001125,DC100656,03/07/2025,191.31,DEBIT CARD,Failed
PMT001126,DC100657,2026-02-25,209.8,Card,Cleared
PMT001127,DC100657,2025-05-05,342.0,Direct Debit,Pending
PMT001128,DC100657,06/21/2024,472.58,DEBIT CARD,Cleared
PMT001129,DC100658,2026-06-27,34.0,Standing Order,Cleared
PMT001130,DC100659,05/19/2026,34.97,Cheque,Pending
PMT001131,DC100659,2024-12-17,97.54,Cash,Cleared
PMT001132,DC100659,2025-04-05,449.48,Card,Cleared
PMT001133,DC100659,2025-03-13,117.02,Bank Transfer,Pending
PMT001134,DC100660,12/02/2025,30.33,Standing Order,Cleared
PMT001135,DC100660,2026-07-03,40.04,Cash,Cleared
PMT001136,DC100661,2025-05-17,110.57,debit card,Cleared
PMT001137,DC100662,2026-05-12,32.03,Direct Debit,Cleared
PMT001138,DC100662,13-04-2026,95.5,DEBIT CARD,Cleared
PMT001139,DC100665,2026-05-02,17.71,Direct Debit,Failed
PMT001140,DC100666,2026-09-15,416.33,debit card,Cleared
PMT001141,DC100668,25/05/2026,172.05,Cheque,Cleared
PMT001142,DC100669,2025-02-04,14.45,Bank Transfer,Cleared
PMT001143,DC100672,28/05/2025,33.8,DEBIT CARD,Cleared
PMT001144,DC100672,25/11/2025,7.37,Bank Transfer,Failed
PMT001145,DC100674,26/02/2026,475.8,Direct Debit,Cleared
PMT001146,DC100674,12/02/2026,10.4,Cash,Cleared
PMT001147,DC100674,19/10/2025,17.16,Card,Cleared
PMT001148,DC100674,2026-02-27,498.54,Card,Cleared
PMT001149,DC100675,2025-08-15,171.37,Debit Card,Cleared
PMT001150,DC100675,29/06/2026,31.69,Direct Debit,Cleared
PMT001151,DC100676,16-06-2026,27.86,DEBIT CARD,Cleared
PMT001152,DC100676,23/03/2026,447.13,Direct Debit,Cleared
PMT001153,DC100676,2026-05-06,176.22,DEBIT CARD,Cleared
PMT001154,DC100677,2025-04-03,160.38,debit card,Cleared
PMT001155,DC100677,2025-08-06,30.57,debit card,Pending
PMT001156,DC100678,24/06/2025,411.05,DEBIT CARD,Cleared
PMT001157,DC100678,2026-01-13,343.21,debit card,Failed
PMT001158,DC100678,2024-10-19,6.0,DEBIT CARD,Cleared
PMT001159,DC100679,11/18/2024,69.59,Debit Card,Cleared
PMT001160,DC100680,2026-03-13,384.43,Debit Card,Pending
PMT001161,DC100680,2026-02-03,36.8,debit card,Cleared
PMT001162,DC100681,2026-07-23,490.34,Direct Debit,Pending
PMT001163,DC100681,2026-08-20,472.02,Card,Pending
PMT001164,DC100683,2026-07-13,306.46,Cash,Cleared
PMT001165,DC100683,2025-11-12,209.32,Card,Cleared
PMT001166,DC100683,2025-03-06,27.19,DEBIT CARD,Cleared
PMT001167,DC100683,04/12/2025,46.93,Bank Transfer,Cleared
PMT001168,DC100684,2026-02-14,257.75,Debit Card,Cleared
PMT001169,DC100684,2025-11-17,20.14,Bank Transfer,Cleared
PMT001170,DC100684,17/02/2025,48.42,Bank Transfer,Cleared
PMT001171,DC100684,11-08-2026,336.39,Bank Transfer,Pending
PMT001172,DC100684,2025-03-02,469.06,DEBIT CARD,Cleared
PMT001173,DC100685,2025-12-25,388.4,Direct Debit,Cleared
PMT001174,DC100686,2026-07-29,42.12,Debit Card,Cleared
PMT001175,DC100689,25-05-2026,363.61,debit card,Cleared
PMT001176,DC100689,2025-11-18,21.25,Standing Order,Cleared
PMT001177,DC100690,2026-06-18,149.89,Debit Card,Cleared
PMT001178,DC100691,2025-01-05,108.58,Direct Debit,Cleared
PMT001179,DC100691,03/31/2025,28.27,DEBIT CARD,Cleared
PMT001180,DC100692,2025-10-13,28.65,Debit Card,Cleared
PMT001181,DC100694,2024-10-28,160.39,debit card,Cleared
PMT001182,DC100694,2024-12-17,458.12,Cash,Cleared
PMT001183,DC100698,2025-12-22,438.68,Standing Order,Pending
PMT001184,DC100698,07/08/2026,10.48,Debit Card,Cleared
PMT001185,DC100699,2025-06-19,357.25,Debit Card,Cleared
PMT001186,DC100699,2025-01-17,328.38,Bank Transfer,Cleared
PMT001187,DC100700,2025-07-20,275.77,Standing Order,Cleared
PMT001188,DC100700,26/07/2025,6.77,Card,Cleared
PMT001189,DC100701,2025-12-23,115.81,debit card,Cleared
PMT001190,DC100701,25-10-2025,43.62,debit card,Cleared
PMT001191,DC100701,2026-04-23,485.89,Card,Cleared
PMT001192,DC100701,2026-06-05,381.1,Card,Cleared
PMT001193,DC100701,06/29/2025,340.53,DEBIT CARD,Cleared
PMT001194,DC100701,2025-07-04,331.17,Card,Cleared
PMT001195,DC100703,2024-11-10,30.87,debit card,Cleared
PMT001196,DC100703,2025-07-17,466.84,Direct Debit,Cleared
PMT001197,DC100703,24/04/2025,5.12,debit card,Cleared
PMT001198,DC100703,15/02/2025,310.96,Bank Transfer,Cleared
PMT001199,DC100703,09/11/2024,35.07,DEBIT CARD,Cleared
PMT001200,DC100703,2024-05-29,225.23,Bank Transfer,Cleared
PMT001201,DC100705,2026-06-12,438.14,Standing Order,Cleared
PMT001202,DC100705,12-02-2026,39.9,Card,Cleared
PMT001203,DC100705,2026-02-05,46.26,debit card,Pending
PMT001204,DC100705,2025-04-01,14.1,Direct Debit,Cleared
PMT001205,DC100708,24/04/2026,436.6,Debit Card,Cleared
PMT001206,DC100710,2025-09-28,9.47,Direct Debit,Cleared
PMT001207,DC100713,2026-01-12,451.28,Direct Debit,Cleared
PMT001208,DC100713,2026-06-14,42.17,Card,Cleared
PMT001209,DC100713,20/11/2024,451.42,Cheque,Cleared
PMT001210,DC100713,18/09/2025,42.5,Card,Cleared
PMT001211,DC100713,2025-07-11,126.65,Direct Debit,Cleared
PMT001212,DC100714,2025-07-06,238.22,Bank Transfer,Cleared
PMT001213,DC100714,21/09/2024,30.93,Standing Order,Cleared
PMT001214,DC100714,14-06-2024,14.52,Cheque,Cleared
PMT001215,DC100715,27/05/2025,25.4,Cash,Cleared
PMT001216,DC100715,2025-07-12,34.25,Cheque,Cleared
PMT001217,DC100715,2025-11-04,94.43,Cash,Pending
PMT001218,DC100715,05/02/2026,388.33,Cash,Cleared
PMT001219,DC100716,14/04/2026,71.09,Bank Transfer,Failed
PMT001220,DC100716,2025-11-23,112.86,Cheque,Cleared
PMT001221,DC100716,2026-04-24,179.38,Card,Cleared
PMT001222,DC100716,2025-05-04,184.59,Bank Transfer,Cleared
PMT001223,DC100716,28/06/2026,21.28,Card,Cleared
PMT001224,DC100717,03/25/2026,7.78,Cheque,Cleared
PMT001225,DC100720,2025-01-25,16.12,Direct Debit,Cleared
PMT001226,DC100720,2024-08-29,41.04,debit card,Cleared
PMT001227,DC100720,2025-10-24,217.19,Cash,Cleared
PMT001228,DC100720,02/14/2025,323.88,Cash,Cleared
PMT001229,DC100720,20-07-2024,47.19,Card,Cleared
PMT001230,DC100721,2026-08-22,461.24,Direct Debit,Cleared
PMT001231,DC100722,09/03/2026,385.05,Cheque,Failed
PMT001232,DC100722,02/08/2025,19.72,Standing Order,Pending
PMT001233,DC100723,15-09-2026,437.32,DEBIT CARD,Cleared
PMT001234,DC100723,06-08-2026,357.8,Bank Transfer,Cleared
PMT001235,DC100724,2025-02-21,26.66,Standing Order,Cleared
PMT001236,DC100724,24/04/2025,41.59,Cash,Cleared
PMT001237,DC100725,2026-04-17,29.3,Standing Order,Cleared
PMT001238,DC100725,2025-12-23,335.26,debit card,Pending
PMT001239,DC100726,14/10/2025,92.23,debit card,Cleared
PMT001240,DC100728,2026-02-05,12.0,debit card,Cleared
PMT001241,DC100729,2024-03-24,339.44,Cash,Cleared
PMT001242,DC100729,2024-12-25,7.95,Debit Card,Cleared
PMT001243,DC100729,2025-02-27,7.22,Direct Debit,Cleared
PMT001244,DC100729,2024-05-04,337.84,Debit Card,Cleared
PMT001245,DC100729,03/10/2024,8.87,DEBIT CARD,Cleared
PMT001246,DC100729,01/02/2026,19.78,DEBIT CARD,Cleared
PMT001247,DC100730,24-03-2025,24.84,DEBIT CARD,Cleared
PMT001248,DC100731,2026-06-04,17.96,debit card,Cleared
PMT001249,DC100732,01/06/2024,40.94,Cheque,Cleared
PMT001250,DC100733,2026-01-22,94.2,Direct Debit,Cleared
PMT001251,DC100734,11-06-2026,415.56,Direct Debit,Cleared
PMT001252,DC100735,2026-01-16,14.95,Bank Transfer,Cleared
PMT001253,DC100737,2026-09-04,382.73,Bank Transfer,Pending
PMT001254,DC100738,25-11-2025,174.25,Direct Debit,Cleared
PMT001255,DC100738,2026-08-03,420.67,Standing Order,Cleared
PMT001256,DC100739,12/24/2023,33.42,Bank Transfer,Cleared
PMT001257,DC100739,12-05-2025,15.75,Card,Pending
PMT001258,DC100739,2024-11-08,35.09,Direct Debit,Cleared
PMT001259,DC100739,2024-01-30,454.78,Direct Debit,Cleared
PMT001260,DC100739,2025-02-23,264.13,Cash,Cleared
PMT001261,DC100739,2025-04-20,346.13,Debit Card,Cleared
PMT001262,DC100740,2024-09-14,419.02,debit card,Pending
PMT001263,DC100741,2026-08-28,380.68,Standing Order,Cleared
PMT001264,DC100741,06/01/2026,41.79,DEBIT CARD,Cleared
PMT001265,DC100743,2025-02-07,5.57,Direct Debit,Cleared
PMT001266,DC100743,2025-01-21,38.15,Standing Order,Failed
PMT001267,DC100744,2026-01-11,379.56,Cash,Cleared
PMT001268,DC100744,2026-03-24,108.71,debit card,Cleared
PMT001269,DC100744,2026-07-14,133.2,Debit Card,Cleared
PMT001270,DC100744,05/03/2026,31.57,Direct Debit,Cleared
PMT001271,DC100744,03/16/2026,124.79,Debit Card,Cleared
PMT001272,DC100744,2026-07-12,454.0,Debit Card,Cleared
PMT001273,DC100745,03/01/2026,74.5,Card,Cleared
PMT001274,DC100745,2026-06-26,23.13,Debit Card,Cleared
PMT001275,DC100747,09/01/2026,32.34,debit card,Cleared
PMT001276,DC100747,20/07/2026,144.66,Card,Cleared
PMT001277,DC100747,2025-01-04,28.82,Cash,Cleared
PMT001278,DC100747,25/06/2025,21.97,Direct Debit,Cleared
PMT001279,DC100747,30/05/2025,334.4,debit card,Cleared
PMT001280,DC100747,06/06/2025,74.68,DEBIT CARD,Cleared
PMT001281,DC100747,2025-09-04,443.86,debit card,Cleared
PMT001282,DC100747,2025-10-20,31.98,Card,Failed
PMT001283,DC100749,2026-08-22,385.79,Bank Transfer,Cleared
PMT001284,DC100749,2026-04-09,389.26,Standing Order,Cleared
PMT001285,DC100749,2025-10-19,15.33,Card,Cleared
PMT001286,DC100750,2025-05-30,62.45,Direct Debit,Cleared
PMT001287,DC100750,06/04/2024,34.04,DEBIT CARD,Cleared
PMT001288,DC100750,27-08-2025,48.64,Standing Order,Cleared
PMT001289,DC100750,18/12/2023,146.78,Bank Transfer,Failed
PMT001290,DC100750,2024-07-23,31.1,Standing Order,Cleared
PMT001291,DC100751,2026-02-13,35.55,Card,Cleared
PMT001292,DC100751,13/03/2026,317.66,DEBIT CARD,Cleared
PMT001293,DC100751,2026-06-27,32.2,Standing Order,Cleared
PMT001294,DC100753,2023-11-01,5.35,Standing Order,Cleared
PMT001295,DC100753,2024-05-22,128.37,Cheque,Cleared
PMT001296,DC100753,23/03/2025,266.43,Standing Order,Cleared
PMT001297,DC100754,2024-06-19,331.86,Debit Card,Pending
PMT001298,DC100754,28-03-2024,42.97,Card,Failed
PMT001299,DC100754,2024-09-17,17.74,Bank Transfer,Cleared
PMT001300,DC100755,2024-10-17,21.86,Bank Transfer,Cleared
PMT001301,DC100755,2026-08-22,207.64,debit card,Cleared
PMT001302,DC100755,08/03/2025,100.27,DEBIT CARD,Cleared
PMT001303,DC100756,2025-05-26,12.54,Standing Order,Cleared
PMT001304,DC100756,2025-02-08,244.85,Card,Cleared
PMT001305,DC100756,2025-04-19,199.89,Cheque,Cleared
PMT001306,DC100756,03/11/2024,68.36,Standing Order,Pending
PMT001307,DC100756,2025-05-19,33.83,Cash,Cleared
PMT001308,DC100756,2025-01-02,204.22,Cash,Cleared
PMT001309,DC100757,2025-08-01,468.09,Debit Card,Cleared
PMT001310,DC100758,2026-06-15,38.02,Debit Card,Cleared
PMT001311,DC100759,03-07-2026,154.53,Debit Card,Cleared
PMT001312,DC100760,15/07/2026,46.84,Debit Card,Cleared
PMT001313,DC100760,2026-03-22,5.49,Standing Order,Cleared
PMT001314,DC100760,2026-05-28,43.24,Debit Card,Cleared
PMT001315,DC100760,13/01/2026,261.08,DEBIT CARD,Cleared
PMT001316,DC100760,2026-08-14,472.62,debit card,Pending
PMT001317,DC100761,17/09/2024,479.9,Debit Card,Cleared
PMT001318,DC100761,2026-03-29,18.4,Card,Cleared
PMT001319,DC100761,2024-10-23,388.88,Cash,Cleared
PMT001320,DC100762,2025-02-17,313.01,Bank Transfer,Cleared
PMT001321,DC100762,2025-04-27,6.76,DEBIT CARD,Pending
PMT001322,DC100763,21/02/2026,10.8,Card,Failed
PMT001323,DC100764,2026-01-25,18.74,DEBIT CARD,Cleared
PMT001324,DC100765,2025-07-10,32.78,Card,Cleared
PMT001325,DC100765,07/01/2026,21.23,DEBIT CARD,Cleared
PMT001326,DC100765,21-11-2025,376.14,Debit Card,Cleared
PMT001327,DC100766,02/10/2025,230.4,Direct Debit,Cleared
PMT001328,DC100766,2026-02-24,17.88,DEBIT CARD,Cleared
PMT001329,DC100766,2026-03-05,40.82,Standing Order,Cleared
PMT001330,DC100766,03/17/2026,487.05,Direct Debit,Cleared
PMT001331,DC100767,2025-12-27,45.27,Debit Card,Cleared
PMT001332,DC100768,21/06/2026,10.25,Standing Order,Cleared
PMT001333,DC100769,25-11-2024,12.97,debit card,Cleared
PMT001334,DC100769,2024-06-13,137.73,Debit Card,Cleared
PMT001335,DC100769,2024-04-08,447.81,Direct Debit,Cleared
PMT001336,DC100771,2026-08-18,169.24,DEBIT CARD,Cleared
PMT001337,DC100772,2025-12-25,331.46,debit card,Cleared
PMT001338,DC100772,06/08/2025,105.36,Cheque,Cleared
PMT001339,DC100774,04/04/2026,275.5,Bank Transfer,Cleared
PMT001340,DC100775,2026-07-13,44.7,Cash,Cleared
PMT001341,DC100776,2025-11-22,21.59,Card,Cleared
PMT001342,DC100776,28/08/2025,46.28,Cash,Cleared
PMT001343,DC100776,2025-11-21,19.59,Debit Card,Cleared
PMT001344,DC100776,01/01/2026,157.38,Card,Cleared
PMT001345,DC100778,2023-12-24,336.06,debit card,Failed
PMT001346,DC100779,13-12-2024,61.92,Direct Debit,Cleared
PMT001347,DC100779,2024-04-09,408.11,Debit Card,Cleared
PMT001348,DC100779,2024-08-09,24.7,Standing Order,Cleared
PMT001349,DC100780,02/18/2026,69.84,Debit Card,Cleared
PMT001350,DC100782,09/02/2025,77.04,Standing Order,Cleared
PMT001351,DC100782,10/03/2025,432.71,debit card,Cleared
PMT001352,DC100782,2026-01-23,27.74,Debit Card,Cleared
PMT001353,DC100783,01/04/2026,22.65,DEBIT CARD,Cleared
PMT001354,DC100784,2024-12-18,126.35,Cheque,Cleared
PMT001355,DC100784,2025-03-13,389.08,Card,Cleared
PMT001356,DC100786,2026-03-09,33.86,debit card,Cleared
PMT001357,DC100786,2026-04-03,9.49,Cheque,Cleared
PMT001358,DC100786,15/04/2025,41.78,Direct Debit,Cleared
PMT001359,DC100787,2025-08-20,298.19,debit card,Cleared
PMT001360,DC100787,2024-09-27,354.43,Debit Card,Cleared
PMT001361,DC100787,17/08/2024,89.87,Bank Transfer,Cleared
PMT001362,DC100787,2025-12-26,17.86,Bank Transfer,Cleared
PMT001363,DC100787,2025-07-21,20.71,Cash,Cleared
PMT001364,DC100788,24/06/2025,253.92,Debit Card,Cleared
PMT001365,DC100789,2025-02-01,39.8,DEBIT CARD,Cleared
PMT001366,DC100789,22-01-2025,387.46,Standing Order,Pending
PMT001367,DC100789,13/08/2025,42.33,Standing Order,Cleared
PMT001368,DC100790,28/03/2026,31.5,Cheque,Pending
PMT001369,DC100790,23-10-2025,144.06,DEBIT CARD,Pending
PMT001370,DC100790,2026-06-22,32.75,Card,Cleared
PMT001371,DC100790,2026-06-18,16.8,Bank Transfer,Cleared
PMT001372,DC100790,2026-03-18,149.62,Standing Order,Pending
PMT001373,DC100791,05/09/2026,326.76,Standing Order,Cleared
PMT001374,DC100791,2026-01-17,17.2,Debit Card,Cleared
PMT001375,DC100791,2026-03-14,319.47,Direct Debit,Cleared
PMT001376,DC100792,09/14/2025,34.66,Cheque,Cleared
PMT001377,DC100792,31/05/2025,41.2,Direct Debit,Cleared
PMT001378,DC100792,27/10/2025,416.84,Cheque,Cleared
PMT001379,DC100793,07-09-2026,34.92,Standing Order,Cleared
PMT001380,DC100793,20/09/2026,158.13,DEBIT CARD,Cleared
PMT001381,DC100794,2026-01-25,433.99,DEBIT CARD,Cleared
PMT001382,DC100794,02/07/2026,44.85,Cash,Cleared
PMT001383,DC100794,2025-01-29,72.73,Direct Debit,Cleared
PMT001384,DC100794,2024-11-27,29.18,Direct Debit,Pending
PMT001385,DC100794,2024-12-31,14.26,Cheque,Cleared
PMT001386,DC100794,06/11/2024,114.47,Debit Card,Cleared
PMT001387,DC100795,2024-08-25,37.28,Cheque,Cleared
PMT001388,DC100797,2025-05-20,48.16,Cheque,Cleared
PMT001389,DC100797,2025-10-29,74.54,Debit Card,Cleared
PMT001390,DC100797,04/09/2024,20.52,Direct Debit,Cleared
PMT001391,DC100797,2025-12-10,14.28,Bank Transfer,Cleared
PMT001392,DC100797,2025-10-09,88.08,Cash,Cleared
PMT001393,DC100797,2025-12-15,387.11,Cash,Pending
PMT001394,DC100798,2026-07-27,16.31,Debit Card,Failed
PMT001395,DC100798,2026-05-25,442.86,DEBIT CARD,Cleared
PMT001396,DC100798,2025-05-20,275.95,DEBIT CARD,Cleared
PMT001397,DC100798,15/03/2026,21.91,debit card,Pending
PMT001398,DC100798,2025-06-25,38.43,Debit Card,Cleared
PMT001399,DC100798,18-09-2026,64.6,Direct Debit,Cleared
PMT001400,DC100798,2026-01-20,93.98,Debit Card,Cleared
PMT001401,DC100798,2025-08-08,170.69,Cash,Cleared
PMT001402,DC100800,2025-11-08,392.13,DEBIT CARD,Pending
PMT001403,DC100801,2025-09-27,458.27,Card,Cleared
PMT001404,DC100801,2025-02-22,196.3,debit card,Cleared
PMT001405,DC100801,2025-06-19,45.12,debit card,Cleared
PMT001406,DC100801,2025-08-16,305.9,Cash,Cleared
PMT001407,DC100801,2024-01-13,314.16,Direct Debit,Cleared
PMT001408,DC100801,2024-01-16,217.94,Standing Order,Cleared
PMT001409,DC100802,24/08/2026,382.58,Card,Cleared
PMT001410,DC100802,2026-06-01,286.52,Direct Debit,Cleared
PMT001411,DC100802,10-01-2026,332.14,Direct Debit,Pending
PMT001412,DC100804,2025-12-25,37.93,Direct Debit,Failed
PMT001413,DC100805,2026-07-26,31.39,Standing Order,Cleared
PMT001414,DC100807,2026-03-21,15.97,Card,Cleared
PMT001415,DC100807,2025-01-14,23.9,Debit Card,Cleared
PMT001416,DC100807,2026-01-06,218.17,Bank Transfer,Cleared
PMT001417,DC100809,2026-07-30,42.71,Bank Transfer,Cleared
PMT001418,DC100813,2026-07-04,153.17,debit card,Cleared
PMT001419,DC100813,28/07/2026,5.58,debit card,Cleared
PMT001420,DC100815,2024-06-20,34.76,Standing Order,Pending
PMT001421,DC100815,2025-06-27,39.29,Direct Debit,Cleared
PMT001422,DC100815,2025-03-06,472.33,DEBIT CARD,Cleared
PMT001423,DC100815,2025-03-29,196.87,Cash,Failed
PMT001424,DC100815,2025-06-16,372.71,Debit Card,Cleared
PMT001425,DC100815,2025-11-08,35.98,Direct Debit,Cleared
PMT001426,DC100815,2025-05-02,198.51,Standing Order,Cleared
PMT001427,DC100815,11/10/2024,231.26,Card,Failed
PMT001428,DC100817,2026-06-03,434.44,Card,Cleared
PMT001429,DC100819,2026-03-10,45.81,Cheque,Cleared
PMT001430,DC100819,05/06/2026,376.65,Cash,Cleared
PMT001431,DC100819,23/08/2026,366.41,Standing Order,Cleared
PMT001432,DC100820,2024-07-03,480.65,Card,Cleared
PMT001433,DC100820,27/04/2026,416.48,DEBIT CARD,Cleared
PMT001434,DC100820,2025-07-18,446.63,Cash,Cleared
PMT001435,DC100821,25/04/2025,36.82,Cash,Cleared
PMT001436,DC100821,2026-08-31,475.74,Direct Debit,Cleared
PMT001437,DC100821,2026-01-07,8.91,debit card,Cleared
PMT001438,DC100821,12-11-2025,367.46,Card,Failed
PMT001439,DC100821,2025-08-08,5.03,Direct Debit,Pending
PMT001440,DC100824,08/06/2026,24.93,DEBIT CARD,Cleared
PMT001441,DC100825,03-10-2025,33.83,Cash,Cleared
PMT001442,DC100825,2025-04-08,430.93,DEBIT CARD,Cleared
PMT001443,DC100826,2026-06-26,8.42,Cash,Cleared
PMT001444,DC100829,2026-09-07,24.29,Cash,Pending
PMT001445,DC100830,01/04/2026,238.81,Cheque,Cleared
PMT001446,DC100830,26/02/2025,282.06,Debit Card,Cleared
PMT001447,DC100830,13-12-2025,32.38,Debit Card,Failed
PMT001448,DC100832,10-07-2024,283.57,Cheque,Cleared
PMT001449,DC100832,2026-03-12,18.91,debit card,Cleared
PMT001450,DC100832,2024-07-08,29.95,Standing Order,Cleared
PMT001451,DC100832,2025-10-27,8.05,Direct Debit,Cleared
PMT001452,DC100832,2026-04-12,29.37,Cash,Pending
PMT001453,DC100833,2024-05-21,209.02,Debit Card,Cleared
PMT001454,DC100833,2024-06-12,191.08,Debit Card,Cleared
PMT001455,DC100835,2026-02-27,260.72,Debit Card,Cleared
PMT001456,DC100835,21/09/2025,30.98,Direct Debit,Cleared
PMT001457,DC100835,2024-11-06,418.15,Card,Cleared
PMT001458,DC100836,08/02/2026,5.96,debit card,Cleared
PMT001459,DC100836,18/02/2026,442.67,Debit Card,Cleared
PMT001460,DC100836,2026-01-10,262.37,Cheque,Cleared
PMT001461,DC100837,24/02/2025,261.46,Debit Card,Cleared
PMT001462,DC100838,2024-08-10,31.68,Debit Card,Cleared
PMT001463,DC100838,26/08/2025,19.38,Cash,Cleared
PMT001464,DC100839,2025-09-01,55.83,DEBIT CARD,Cleared
PMT001465,DC100839,08/02/2026,16.98,debit card,Cleared
PMT001466,DC100839,28/02/2026,176.81,DEBIT CARD,Cleared
PMT001467,DC100840,2025-01-03,15.3,Cash,Cleared
PMT001468,DC100840,2026-01-09,41.49,Cash,Cleared
PMT001469,DC100840,2025-10-25,30.81,Card,Pending
PMT001470,DC100841,2025-09-27,38.11,Direct Debit,Cleared
PMT001471,DC100841,2026-01-21,17.91,Cash,Failed
PMT001472,DC100841,05/07/2026,5.42,Card,Cleared
PMT001473,DC100841,2025-06-25,16.66,Bank Transfer,Pending
PMT001474,DC100843,15-08-2026,454.98,Direct Debit,Cleared
PMT001475,DC100843,2026-03-16,330.65,Bank Transfer,Cleared
PMT001476,DC100843,30-12-2025,446.28,DEBIT CARD,Cleared
PMT001477,DC100843,04/27/2026,29.09,Bank Transfer,Cleared
PMT001478,DC100844,03/07/2026,99.55,Bank Transfer,Cleared
PMT001479,DC100844,05/04/2026,258.21,DEBIT CARD,Pending
PMT001480,DC100844,21/10/2025,61.06,Cheque,Cleared
PMT001481,DC100844,2025-09-20,23.59,Standing Order,Cleared
PMT001482,DC100844,27/12/2025,9.06,Direct Debit,Cleared
PMT001483,DC100845,2026-08-26,158.29,Standing Order,Cleared
PMT001484,DC100845,2026-05-01,7.9,Cash,Pending
PMT001485,DC100845,2026-03-22,8.85,Direct Debit,Cleared
PMT001486,DC100845,30-12-2025,27.73,Cash,Cleared
PMT001487,DC100846,2026-09-05,95.12,Bank Transfer,Cleared
PMT001488,DC100846,2026-08-22,238.02,Card,Cleared
PMT001489,DC100846,2026-06-13,24.72,Direct Debit,Failed
PMT001490,DC100847,28-10-2025,319.09,debit card,Cleared
PMT001491,DC100848,2025-09-05,57.4,debit card,Failed
PMT001492,DC100849,2024-03-16,28.14,debit card,Cleared
PMT001493,DC100849,2024-07-29,350.37,Standing Order,Pending
PMT001494,DC100849,2024-06-29,43.4,Direct Debit,Pending
PMT001495,DC100853,05/03/2026,213.27,Cheque,Failed
PMT001496,DC100853,2026-09-13,461.2,Bank Transfer,Cleared
PMT001497,DC100854,02/14/2026,28.02,Debit Card,Cleared
PMT001498,DC100854,2026-03-29,38.29,debit card,Cleared
PMT001499,DC100856,2025-11-12,20.1,debit card,Cleared
PMT001500,DC100859,2026-05-30,179.55,Direct Debit,Cleared
PMT001501,DC100860,2024-05-02,46.0,Card,Cleared
PMT001502,DC100861,13/11/2024,25.74,DEBIT CARD,Cleared
PMT001503,DC100861,2025-04-20,346.45,Debit Card,Cleared
PMT001504,DC100861,2026-05-06,20.29,Standing Order,Cleared
PMT001505,DC100861,19/09/2025,21.06,Bank Transfer,Cleared
PMT001506,DC100863,05-01-2026,12.05,Card,Cleared
PMT001507,DC100863,2026-01-08,313.93,Bank Transfer,Cleared
PMT001508,DC100865,2026-07-14,391.66,Direct Debit,Cleared
PMT001509,DC100867,17/05/2025,15.74,Cash,Failed
PMT001510,DC100867,2025-11-29,16.28,Direct Debit,Cleared
PMT001511,DC100867,2024-09-05,39.14,DEBIT CARD,Cleared
PMT001512,DC100867,2026-03-09,119.46,Card,Failed
PMT001513,DC100867,14/08/2024,28.52,Cheque,Cleared
PMT001514,DC100868,2026-04-30,415.46,Debit Card,Cleared
PMT001515,DC100869,2025-03-10,31.3,Card,Cleared
PMT001516,DC100869,2024-07-18,73.39,Cheque,Cleared
PMT001517,DC100869,2024-07-20,262.25,Cheque,Cleared
PMT001518,DC100871,2026-07-18,288.48,DEBIT CARD,Cleared
PMT001519,DC100872,26/11/2025,21.97,Direct Debit,Cleared
PMT001520,DC100872,2026-02-01,16.85,Card,Failed
PMT001521,DC100873,2026-09-02,33.77,Card,Cleared
PMT001522,DC100873,2026-02-14,161.18,Standing Order,Cleared
PMT001523,DC100874,09-08-2025,218.06,debit card,Pending
PMT001524,DC100874,2024-11-10,34.99,debit card,Cleared
PMT001525,DC100874,2024-12-25,42.54,Cash,Cleared
PMT001526,DC100875,16/09/2025,15.35,Direct Debit,Cleared
PMT001527,DC100875,2025-12-11,383.22,Debit Card,Cleared
PMT001528,DC100875,09-10-2024,301.48,Direct Debit,Cleared
PMT001529,DC100877,23/08/2026,198.07,Direct Debit,Cleared
PMT001530,DC100877,2025-11-22,17.4,debit card,Cleared
PMT001531,DC100878,2026-09-16,201.38,DEBIT CARD,Cleared
PMT001532,DC100878,2025-09-15,397.99,Debit Card,Cleared
PMT001533,DC100881,09/01/2026,99.28,Cash,Cleared
PMT001534,DC100881,2026-01-21,26.32,Standing Order,Cleared
PMT001535,DC100886,08-07-2026,168.66,DEBIT CARD,Cleared
PMT001536,DC100887,2024-02-05,223.27,Bank Transfer,Pending
PMT001537,DC100887,06/06/2025,124.81,Card,Cleared
PMT001538,DC100887,2025-08-09,12.41,debit card,Failed
PMT001539,DC100887,25/01/2024,206.45,Cash,Cleared
PMT001540,DC100887,2024-07-25,14.65,Standing Order,Cleared
PMT001541,DC100887,03/03/2025,419.71,Cheque,Cleared
PMT001542,DC100888,2025-03-20,76.6,Debit Card,Cleared
PMT001543,DC100889,16/05/2024,7.29,DEBIT CARD,Cleared
PMT001544,DC100890,10-11-2024,302.82,Cheque,Cleared
PMT001545,DC100890,17-02-2025,49.77,Cash,Cleared
PMT001546,DC100891,31-03-2026,233.54,Cheque,Cleared
PMT001547,DC100892,2025-11-16,47.96,Debit Card,Pending
PMT001548,DC100892,2025-08-05,20.96,debit card,Cleared
PMT001549,DC100892,2026-02-06,13.78,DEBIT CARD,Cleared
PMT001550,DC100894,26-06-2025,21.97,Cheque,Cleared
PMT001551,DC100894,2025-08-13,43.1,DEBIT CARD,Cleared
PMT001552,DC100894,2024-12-09,309.04,Standing Order,Pending
PMT001553,DC100894,2024-07-12,408.54,Bank Transfer,Cleared
PMT001554,DC100894,2026-03-17,46.25,Card,Cleared
PMT001555,DC100894,23/08/2025,25.78,DEBIT CARD,Failed
PMT001556,DC100895,2025-12-24,22.83,Standing Order,Cleared
PMT001557,DC100896,06/16/2024,74.38,debit card,Cleared
PMT001558,DC100896,2025-12-08,7.02,debit card,Cleared
PMT001559,DC100896,2025-02-01,415.91,Standing Order,Cleared
PMT001560,DC100896,04/06/2025,15.19,Debit Card,Cleared
PMT001561,DC100896,28/04/2025,23.27,Cash,Cleared
PMT001562,DC100897,09/10/2025,235.34,Direct Debit,Pending
PMT001563,DC100898,2025-11-27,349.49,Card,Pending
PMT001564,DC100898,15/10/2025,47.91,Standing Order,Cleared
PMT001565,DC100899,2026-09-17,199.51,Bank Transfer,Cleared
PMT001566,DC100899,08/30/2025,206.5,DEBIT CARD,Failed
PMT001567,DC100901,23/08/2024,289.22,Cheque,Cleared
PMT001568,DC100901,2026-06-07,426.82,Bank Transfer,Cleared
PMT001569,DC100901,19/12/2024,160.93,Debit Card,Failed
PMT001570,DC100901,06/25/2025,34.95,DEBIT CARD,Cleared
PMT001571,DC100901,2025-10-18,36.27,DEBIT CARD,Cleared
PMT001572,DC100901,2024-09-24,42.58,Cheque,Cleared
PMT001573,DC100902,2025-08-04,330.99,debit card,Pending
PMT001574,DC100902,14-09-2026,228.52,Standing Order,Cleared
PMT001575,DC100906,01/24/2025,45.63,Card,Cleared
PMT001576,DC100906,2025-10-24,125.52,Standing Order,Cleared
PMT001577,DC100906,21/11/2025,485.35,Direct Debit,Cleared
PMT001578,DC100906,2026-03-15,39.39,Bank Transfer,Cleared
PMT001579,DC100907,30/06/2026,37.75,Cash,Cleared
PMT001580,DC100907,2026-07-04,19.84,Card,Cleared
PMT001581,DC100907,07/17/2026,20.3,Debit Card,Cleared
PMT001582,DC100909,2025-12-06,31.56,Direct Debit,Cleared
PMT001583,DC100909,11/13/2025,18.66,Standing Order,Cleared
PMT001584,DC100909,2025-06-24,423.26,Bank Transfer,Cleared
PMT001585,DC100909,31/03/2025,438.78,Bank Transfer,Failed
PMT001586,DC100910,23/08/2026,402.54,Cash,Cleared
PMT001587,DC100911,10/21/2025,150.84,debit card,Cleared
PMT001588,DC100911,2025-09-21,225.83,Card,Cleared
PMT001589,DC100911,2026-05-10,186.44,Cheque,Cleared
PMT001590,DC100912,2026-08-19,367.9,Direct Debit,Cleared
PMT001591,DC100914,19-07-2026,490.54,debit card,Cleared
PMT001592,DC100914,2026-05-25,305.83,DEBIT CARD,Cleared
PMT001593,DC100914,10/28/2025,35.95,Direct Debit,Cleared
PMT001594,DC100914,2026-07-19,33.51,DEBIT CARD,Cleared
PMT001595,DC100914,2026-02-19,56.83,Cash,Cleared
PMT001596,DC100915,2026-05-29,47.83,Bank Transfer,Cleared
PMT001597,DC100915,01/07/2026,153.81,Standing Order,Cleared
PMT001598,DC100917,26-01-2024,12.24,Card,Failed
PMT001599,DC100917,2025-05-16,487.92,Bank Transfer,Cleared
PMT001600,DC100917,08/05/2024,347.24,Cheque,Cleared
PMT001601,DC100917,2024-10-03,446.1,Direct Debit,Cleared
PMT001602,DC100918,31/01/2026,244.03,DEBIT CARD,Cleared
PMT001603,DC100918,2026-06-17,26.18,Debit Card,Cleared
PMT001604,DC100918,28/11/2025,298.09,Direct Debit,Cleared
PMT001605,DC100922,2025-01-16,134.78,Bank Transfer,Cleared
PMT001606,DC100922,19/10/2025,168.65,DEBIT CARD,Cleared
PMT001607,DC100922,12/10/2024,21.3,Bank Transfer,Cleared
PMT001608,DC100922,01/14/2025,94.91,Card,Cleared
PMT001609,DC100923,07-05-2025,422.2,Card,Cleared
PMT001610,DC100925,27/02/2026,36.14,Cash,Cleared
PMT001611,DC100925,2025-09-26,7.52,Bank Transfer,Cleared
PMT001612,DC100925,22-07-2024,488.01,Cheque,Cleared
PMT001613,DC100925,2026-03-19,477.61,DEBIT CARD,Cleared
PMT001614,DC100925,11/11/2025,306.28,Direct Debit,Cleared
PMT001615,DC100926,2025-08-03,373.39,Bank Transfer,Cleared
PMT001616,DC100929,2025-01-13,73.25,DEBIT CARD,Cleared
PMT001617,DC100929,03/24/2025,277.33,Cash,Pending
PMT001618,DC100929,2025-06-27,306.59,Card,Cleared
PMT001619,DC100929,2024-06-25,5.91,Debit Card,Cleared
PMT001620,DC100929,2025-07-08,41.76,debit card,Cleared
PMT001621,DC100929,30/09/2025,20.31,debit card,Cleared
PMT001622,DC100930,2025-08-03,53.57,Cash,Cleared
PMT001623,DC100930,27/12/2025,267.7,debit card,Cleared
PMT001624,DC100930,2026-05-20,41.73,Cash,Cleared
PMT001625,DC100930,2026-06-24,343.64,Direct Debit,Cleared
PMT001626,DC100930,06-08-2026,355.93,DEBIT CARD,Cleared
PMT001627,DC100930,2025-11-30,424.84,Card,Cleared
PMT001628,DC100932,2025-08-24,319.67,Debit Card,Cleared
PMT001629,DC100933,05/21/2025,63.43,Standing Order,Cleared
PMT001630,DC100933,2026-03-23,498.4,debit card,Cleared
PMT001631,DC100933,16-03-2026,11.82,DEBIT CARD,Cleared
PMT001632,DC100934,2024-11-30,24.04,Debit Card,Cleared
PMT001633,DC100935,18/07/2025,114.98,Cash,Cleared
PMT001634,DC100935,24/04/2025,378.18,Card,Cleared
PMT001635,DC100935,2024-06-07,150.8,DEBIT CARD,Cleared
PMT001636,DC100935,03/11/2025,82.39,Standing Order,Cleared
PMT001637,DC100935,2024-07-06,34.53,Standing Order,Cleared
PMT001638,DC100935,05/03/2025,364.12,Direct Debit,Cleared
PMT001639,DC100938,2025-12-04,227.24,Bank Transfer,Pending
PMT001640,DC100939,07/05/2025,75.42,Debit Card,Cleared
PMT001641,DC100942,14/11/2025,321.96,Bank Transfer,Cleared
PMT001642,DC100942,29/08/2025,387.18,DEBIT CARD,Cleared
PMT001643,DC100942,2024-10-29,28.26,DEBIT CARD,Cleared
PMT001644,DC100943,19/09/2026,19.65,DEBIT CARD,Failed
PMT001645,DC100944,2026-06-14,14.55,DEBIT CARD,Cleared
PMT001646,DC100946,07/28/2026,8.41,Bank Transfer,Cleared
PMT001647,DC100946,01/04/2026,36.52,Cash,Cleared
PMT001648,DC100950,04-09-2024,195.42,Debit Card,Cleared
PMT001649,DC100951,2024-03-21,39.55,Direct Debit,Cleared
PMT001650,DC100951,10-01-2025,274.03,Direct Debit,Cleared
PMT001651,DC100951,2024-08-21,120.49,DEBIT CARD,Cleared
PMT001652,DC100951,22-11-2023,25.47,Standing Order,Cleared
PMT001653,DC100952,2026-02-27,72.1,Cash,Pending
PMT001654,DC100953,2025-06-16,38.62,Debit Card,Cleared
PMT001655,DC100954,2026-03-25,420.66,DEBIT CARD,Cleared
PMT001656,DC100954,2024-11-22,250.94,debit card,Cleared
PMT001657,DC100954,2025-10-04,39.33,Direct Debit,Cleared
PMT001658,DC100954,12-04-2026,152.99,Bank Transfer,Cleared
PMT001659,DC100954,2025-02-23,27.59,Cash,Failed
PMT001660,DC100955,06/09/2026,274.43,Cash,Failed
PMT001661,DC100958,20-03-2025,108.75,Debit Card,Cleared
PMT001662,DC100958,05/28/2026,84.22,DEBIT CARD,Cleared
PMT001663,DC100958,2025-04-02,387.98,Standing Order,Cleared
PMT001664,DC100958,2026-07-26,154.33,Cash,Cleared
PMT001665,DC100958,2026-03-10,412.81,Cash,Cleared
PMT001666,DC100959,2024-06-20,168.78,Standing Order,Cleared
PMT001667,DC100959,2024-04-07,162.94,DEBIT CARD,Cleared
PMT001668,DC100959,27-02-2024,173.37,DEBIT CARD,Cleared
PMT001669,DC100960,2025-11-26,390.18,Cash,Cleared
PMT001670,DC100960,2026-04-18,10.71,Debit Card,Cleared
PMT001671,DC100960,2026-06-24,20.78,debit card,Cleared
PMT001672,DC100962,2026-05-18,46.65,DEBIT CARD,Cleared
PMT001673,DC100963,15-04-2025,393.35,Direct Debit,Cleared
PMT001674,DC100964,2026-09-02,46.97,debit card,Cleared
PMT001675,DC100965,21-01-2026,302.06,DEBIT CARD,Cleared
PMT001676,DC100966,2025-12-11,25.93,Debit Card,Cleared
PMT001677,DC100971,2025-10-21,181.55,Debit Card,Cleared
PMT001678,DC100971,22/09/2025,57.75,Direct Debit,Cleared
PMT001679,DC100971,2026-08-25,282.56,Cheque,Cleared
PMT001680,DC100971,2025-11-14,38.2,Standing Order,Cleared
PMT001681,DC100971,2026-02-10,17.51,Card,Cleared
PMT001682,DC100972,2024-11-07,27.27,Card,Cleared
PMT001683,DC100972,12/10/2025,264.75,Card,Cleared
PMT001684,DC100973,2025-07-08,20.71,debit card,Cleared
PMT001685,DC100973,2025-10-23,29.06,Card,Pending
PMT001686,DC100974,05/01/2025,25.24,Standing Order,Cleared
PMT001687,DC100974,28-07-2025,262.91,Direct Debit,Failed
PMT001688,DC100974,2025-03-29,422.99,Card,Cleared
PMT001689,DC100974,2026-02-09,14.19,debit card,Cleared
PMT001690,DC100974,08/24/2025,70.67,DEBIT CARD,Cleared
PMT001691,DC100974,2025-09-13,159.58,Cheque,Pending
PMT001692,DC100977,04-04-2026,6.76,Debit Card,Cleared
PMT001693,DC100977,09/09/2026,204.18,Cash,Cleared
PMT001694,DC100977,2025-06-29,11.88,Cheque,Cleared
PMT001695,DC100977,2026-04-14,102.62,Debit Card,Cleared
PMT001696,DC100977,03/10/2025,335.85,debit card,Cleared
PMT001697,DC100977,17/03/2026,24.82,Debit Card,Failed
PMT001698,DC100977,2026-05-17,29.84,Bank Transfer,Cleared
PMT001699,DC100978,13/02/2026,222.99,Direct Debit,Cleared
PMT001700,DC100979,2026-04-22,151.37,Direct Debit,Cleared
PMT001701,DC100979,27/08/2026,18.7,DEBIT CARD,Failed
PMT001702,DC100980,14-05-2026,350.55,Cheque,Cleared
PMT001703,DC100981,2026-06-29,23.06,Debit Card,Cleared
PMT001704,DC100981,27/05/2025,487.8,DEBIT CARD,Cleared
PMT001705,DC100981,2025-05-19,219.42,Debit Card,Cleared
PMT001706,DC100983,16-03-2026,102.07,debit card,Cleared
PMT001707,DC100983,07/08/2024,332.02,debit card,Cleared
PMT001708,DC100983,2025-07-28,221.46,Cheque,Cleared
PMT001709,DC100983,2025-10-12,119.65,Direct Debit,Cleared
PMT001710,DC100984,26/06/2025,440.12,DEBIT CARD,Pending
PMT001711,DC100984,2025-09-30,17.6,Card,Cleared
PMT001712,DC100985,2025-11-03,201.58,Standing Order,Cleared
PMT001713,DC100986,2024-12-04,458.7,DEBIT CARD,Cleared
PMT001714,DC100987,2024-02-03,243.56,Cash,Cleared
PMT001715,DC100988,12/04/2025,178.61,Cheque,Cleared
PMT001716,DC100988,2024-06-09,469.41,Card,Failed
PMT001717,DC100992,2024-09-15,317.4,Bank Transfer,Cleared
PMT001718,DC100992,2025-05-03,410.74,Standing Order,Cleared
PMT001719,DC100993,2024-10-23,105.79,Direct Debit,Cleared
PMT001720,DC100996,2025-08-10,37.39,Card,Cleared
PMT001721,DC100996,14-05-2025,54.0,Cheque,Cleared
PMT001722,DC100996,2024-10-18,202.67,debit card,Cleared
PMT001723,DC100996,2025-03-03,34.13,Debit Card,Cleared
PMT001724,DC100998,16/07/2026,328.24,Card,Cleared
PMT001725,DC100999,20-05-2024,159.73,Bank Transfer,Cleared
PMT001726,DC100999,2024-10-03,24.55,Cheque,Cleared
PMT001727,DC101000,2025-04-09,117.97,Cheque,Cleared
PMT001728,DC101000,13/08/2025,336.74,Bank Transfer,Cleared
PMT001729,DC101000,29/07/2025,23.4,Cash,Cleared
PMT001730,DC101001,30/05/2024,39.35,debit card,Cleared
PMT001731,DC101001,15-02-2024,318.59,Direct Debit,Cleared
PMT001732,DC101001,2025-04-27,139.87,Standing Order,Cleared
PMT001733,DC101002,2025-11-13,12.09,Standing Order,Cleared
PMT001734,DC101003,2026-05-04,8.24,DEBIT CARD,Cleared
PMT001735,DC101003,11/07/2026,41.41,Debit Card,Cleared
PMT001736,DC101004,08/08/2024,15.61,Cheque,Cleared
PMT001737,DC101004,2025-12-02,114.6,Card,Pending
PMT001738,DC101005,2025-07-15,33.72,debit card,Cleared
PMT001739,DC101005,2025-12-05,20.18,Standing Order,Failed
PMT001740,DC101005,17/06/2025,266.03,Debit Card,Cleared
PMT001741,DC101005,06/03/2025,499.47,Cash,Cleared
PMT001742,DC101005,01/06/2026,46.98,debit card,Cleared
PMT001743,DC101006,2026-09-16,18.09,DEBIT CARD,Cleared
PMT001744,DC101006,15/08/2026,46.56,Direct Debit,Pending
PMT001745,DC101006,2026-06-18,203.58,Bank Transfer,Cleared
PMT001746,DC101007,23/03/2025,421.4,Card,Cleared
PMT001747,DC101007,2024-01-08,15.4,Cash,Cleared
PMT001748,DC101007,2024-06-04,12.78,Cash,Cleared
PMT001749,DC101007,2025-09-27,357.77,DEBIT CARD,Cleared
PMT001750,DC101007,2024-01-31,230.82,Cash,Cleared
PMT001751,DC101007,2025-03-05,41.63,Cheque,Cleared
PMT001752,DC101008,2026-03-25,429.02,Cash,Cleared
PMT001753,DC101008,2026-04-16,15.98,Debit Card,Cleared
PMT001754,DC101010,30/06/2026,10.2,Standing Order,Pending
PMT001755,DC101013,2025-12-27,311.31,Debit Card,Cleared
PMT001756,DC101015,23-05-2026,463.37,Bank Transfer,Failed
PMT001757,DC101015,2026-04-19,414.25,Debit Card,Pending
PMT001758,DC101015,2026-08-09,10.87,Direct Debit,Cleared
PMT001759,DC101016,2025-08-19,53.51,Standing Order,Cleared
PMT001760,DC101016,2026-01-09,464.56,Debit Card,Cleared
PMT001761,DC101017,28/01/2024,29.93,Debit Card,Cleared
PMT001762,DC101017,03/25/2025,154.74,Bank Transfer,Cleared
PMT001763,DC101019,2025-08-07,21.27,Debit Card,Pending
PMT001764,DC101019,2026-05-29,40.25,Debit Card,Cleared
PMT001765,DC101019,2025-05-27,18.27,Cash,Cleared
PMT001766,DC101020,31/03/2026,88.45,Direct Debit,Cleared
PMT001767,DC101024,2025-05-07,371.39,Card,Pending
PMT001768,DC101024,2024-10-07,43.96,Cheque,Cleared
PMT001769,DC101024,2025-04-13,213.92,debit card,Cleared
PMT001770,DC101025,10-06-2026,261.48,Standing Order,Cleared
PMT001771,DC101026,24/08/2025,18.96,Card,Cleared
PMT001772,DC101026,17-06-2025,5.33,DEBIT CARD,Cleared
PMT001773,DC101027,2025-06-06,34.26,Bank Transfer,Cleared
PMT001774,DC101031,2025-09-16,221.31,Cheque,Failed
PMT001775,DC101031,30/12/2024,433.44,Cheque,Cleared
PMT001776,DC101031,17-01-2026,481.67,Standing Order,Cleared
PMT001777,DC101031,04/20/2025,18.63,Standing Order,Cleared
PMT001778,DC101031,2025-08-20,34.65,Cheque,Cleared
PMT001779,DC101031,28/12/2024,452.55,Bank Transfer,Cleared
PMT001780,DC101032,2025-10-26,413.01,Standing Order,Cleared
PMT001781,DC101033,2025-02-10,116.09,Cheque,Cleared
PMT001782,DC101035,30/01/2025,191.51,Debit Card,Cleared
PMT001783,DC101035,2024-08-05,36.1,Direct Debit,Cleared
PMT001784,DC101035,01/01/2025,33.47,DEBIT CARD,Cleared
PMT001785,DC101035,2025-09-06,309.47,DEBIT CARD,Cleared
PMT001786,DC101036,2026-06-19,362.97,Cheque,Cleared
PMT001787,DC101037,11/07/2026,344.48,Direct Debit,Cleared
PMT001788,DC101038,07/11/2025,120.31,Direct Debit,Failed
PMT001789,DC101038,2025-10-19,193.9,Debit Card,Cleared
PMT001790,DC101038,07/10/2024,329.62,Cheque,Cleared
PMT001791,DC101039,2025-08-09,345.74,Debit Card,Cleared
PMT001792,DC101039,2026-02-04,8.03,debit card,Pending
PMT001793,DC101040,26/07/2025,451.28,Standing Order,Cleared
PMT001794,DC101040,2024-11-02,65.86,Bank Transfer,Cleared
PMT001795,DC101040,2025-08-01,6.17,debit card,Cleared
PMT001796,DC101042,12/08/2025,25.72,Card,Cleared
PMT001797,DC101042,2025-12-17,133.42,DEBIT CARD,Cleared
PMT001798,DC101042,19/11/2025,204.82,Standing Order,Cleared
PMT001799,DC101043,2025-09-09,9.14,DEBIT CARD,Cleared
PMT001800,DC101043,04/11/2025,154.64,Cheque,Cleared
PMT001801,DC101043,2025-10-28,55.34,Bank Transfer,Failed
PMT001802,DC101043,22/04/2026,216.33,Standing Order,Cleared
PMT001803,DC101043,05-02-2025,48.99,Cash,Cleared
PMT001804,DC101043,18/12/2024,308.61,Card,Pending
PMT001805,DC101044,2025-02-19,402.67,Direct Debit,Cleared
PMT001806,DC101044,2025-06-28,37.47,Bank Transfer,Cleared
PMT001807,DC101044,2024-04-25,34.69,Direct Debit,Failed
PMT001808,DC101045,2026-07-17,47.55,Cheque,Pending
PMT001809,DC101046,27/11/2025,37.02,Direct Debit,Cleared
PMT001810,DC101046,29-07-2025,45.79,Card,Cleared
PMT001811,DC101046,05/06/2026,395.66,Direct Debit,Cleared
PMT001812,DC101046,17/02/2025,488.73,Card,Cleared
PMT001813,DC101047,2026-03-14,24.09,Bank Transfer,Cleared
PMT001814,DC101047,22/06/2026,25.09,Standing Order,Cleared
PMT001815,DC101048,29/03/2026,138.8,DEBIT CARD,Cleared
PMT001816,DC101048,2025-10-26,15.05,Cheque,Cleared
PMT001817,DC101048,30-07-2026,64.03,Debit Card,Failed
PMT001818,DC101048,2026-07-19,19.49,Direct Debit,Cleared
PMT001819,DC101050,2026-03-11,29.99,Card,Pending
PMT001820,DC101050,26/10/2025,17.61,Cash,Cleared
PMT001821,DC101052,2025-04-18,9.51,Direct Debit,Cleared
PMT001822,DC101055,07/14/2025,14.59,Standing Order,Cleared
PMT001823,DC101055,2024-09-01,495.14,Cash,Cleared
PMT001824,DC101055,2024-12-25,428.46,Debit Card,Cleared
PMT001825,DC101055,2025-09-18,476.56,Direct Debit,Failed
PMT001826,DC101055,2025-12-01,31.13,Cheque,Cleared
PMT001827,DC101056,2026-07-14,422.66,Cheque,Cleared
PMT001828,DC101057,29/09/2024,44.56,debit card,Cleared
PMT001829,DC101058,27/02/2026,148.48,Standing Order,Pending
PMT001830,DC101058,04/25/2025,32.96,Direct Debit,Cleared
PMT001831,DC101060,2025-06-08,410.33,Cheque,Cleared
PMT001832,DC101060,2025-10-13,420.97,Cheque,Pending
PMT001833,DC101060,01-01-2025,480.99,Standing Order,Pending
PMT001834,DC101061,29/09/2025,26.8,Bank Transfer,Failed
PMT001835,DC101061,2026-05-19,27.43,Debit Card,Cleared
PMT001836,DC101061,2025-04-16,43.88,Cash,Cleared
PMT001837,DC101062,2026-09-04,164.68,debit card,Cleared
PMT001838,DC101062,2025-03-19,5.61,Debit Card,Cleared
PMT001839,DC101064,2025-11-16,485.5,Cash,Cleared
PMT001840,DC101065,2026-08-27,43.69,Cash,Pending
PMT001841,DC101065,2026-05-14,36.35,Standing Order,Cleared
PMT001842,DC101067,2024-11-03,12.96,Card,Cleared
PMT001843,DC101067,01-12-2023,18.87,DEBIT CARD,Cleared
PMT001844,DC101067,2025-03-31,334.38,DEBIT CARD,Cleared
PMT001845,DC101067,15-09-2025,22.43,Debit Card,Cleared
PMT001846,DC101069,2026-06-02,25.64,Cash,Cleared
PMT001847,DC101070,05/08/2026,317.17,Cash,Cleared
PMT001848,DC101071,30/07/2024,35.74,Bank Transfer,Cleared
PMT001849,DC101071,20-07-2024,334.72,Cheque,Cleared
PMT001850,DC101071,2024-04-24,255.9,Standing Order,Cleared
PMT001851,DC101071,2025-05-11,308.86,Debit Card,Cleared
PMT001852,DC101073,19/02/2026,15.56,Cheque,Cleared
PMT001853,DC101075,21-07-2026,353.11,debit card,Cleared
PMT001854,DC101075,2026-01-06,25.37,Cheque,Cleared
PMT001855,DC101076,16/01/2025,292.2,Cheque,Cleared
PMT001856,DC101076,23-12-2024,38.91,Standing Order,Cleared
PMT001857,DC101077,13-02-2025,20.41,Standing Order,Cleared
PMT001858,DC101077,2024-10-22,209.77,Cash,Cleared
PMT001859,DC101077,2026-08-06,403.81,DEBIT CARD,Failed
PMT001860,DC101077,2025-07-18,264.86,Standing Order,Cleared
PMT001861,DC101078,06/23/2025,11.06,Standing Order,Cleared
PMT001862,DC101078,2026-02-10,423.83,DEBIT CARD,Cleared
PMT001863,DC101078,2025-12-05,477.4,Card,Cleared
PMT001864,DC101080,09/05/2026,42.26,Debit Card,Cleared
PMT001865,DC101081,2025-02-19,40.12,DEBIT CARD,Cleared
PMT001866,DC101081,2024-12-07,307.3,Debit Card,Pending
PMT001867,DC101081,2024-12-22,340.3,debit card,Failed
PMT001868,DC101081,20-09-2025,41.49,DEBIT CARD,Cleared
PMT001869,DC101081,2025-01-06,396.62,Direct Debit,Pending
PMT001870,DC101082,09/05/2025,41.09,DEBIT CARD,Cleared
PMT001871,DC101082,2024-12-15,270.94,Cheque,Cleared
PMT001872,DC101082,11/10/2024,242.75,Debit Card,Cleared
PMT001873,DC101083,2024-04-05,20.49,Cash,Cleared
PMT001874,DC101084,11/09/2026,26.52,Direct Debit,Cleared
PMT001875,DC101085,02/08/2026,476.12,Cheque,Cleared
PMT001876,DC101086,25/08/2025,90.63,Cash,Cleared
PMT001877,DC101086,11/11/2025,185.24,Debit Card,Cleared
PMT001878,DC101087,2025-11-14,168.43,Cash,Cleared
PMT001879,DC101087,2024-09-20,42.19,Cash,Cleared
PMT001880,DC101088,2026-07-30,308.28,Direct Debit,Cleared
PMT001881,DC101089,12/07/2026,288.46,debit card,Cleared
PMT001882,DC101090,2025-08-22,38.08,DEBIT CARD,Cleared
PMT001883,DC101090,2026-01-24,230.46,Debit Card,Cleared
PMT001884,DC101093,03/15/2026,35.4,DEBIT CARD,Cleared
PMT001885,DC101093,18-09-2026,158.27,Standing Order,Pending
PMT001886,DC101093,2026-08-03,269.42,DEBIT CARD,Cleared
PMT001887,DC101096,10/01/2025,439.79,Cash,Cleared
PMT001888,DC101097,2025-11-27,8.34,Debit Card,Cleared
PMT001889,DC101099,2025-08-13,399.02,Direct Debit,Cleared
PMT001890,DC101099,2025-12-05,24.0,Cheque,Cleared
PMT001891,DC101099,2025-07-04,8.55,Standing Order,Cleared
PMT001892,DC101100,2026-08-22,21.62,Standing Order,Cleared
PMT001893,DC101101,10/30/2025,361.87,Direct Debit,Cleared
PMT001894,DC101101,21/09/2025,41.09,Bank Transfer,Cleared
PMT001895,DC101103,07-09-2026,26.65,Standing Order,Cleared
PMT001896,DC101104,07/09/2026,8.45,Bank Transfer,Cleared
PMT001897,DC101105,2025-09-22,285.9,Cheque,Pending
PMT001898,DC101105,2024-09-16,12.7,Cheque,Cleared
PMT001899,DC101105,2025-05-03,42.29,Debit Card,Cleared
PMT001900,DC101105,12-06-2025,38.59,Cash,Pending
PMT001901,DC101105,27/04/2026,23.29,DEBIT CARD,Cleared
PMT001902,DC101105,2025-04-30,491.53,DEBIT CARD,Cleared
PMT001903,DC101105,2025-04-12,429.21,debit card,Cleared
PMT001904,DC101105,29-04-2025,189.33,Debit Card,Cleared
PMT001905,DC101106,27-05-2026,401.16,Cash,Cleared
PMT001906,DC101106,08/09/2025,27.44,Cheque,Cleared
PMT001907,DC101106,24-05-2025,21.61,DEBIT CARD,Cleared
PMT001908,DC101107,2026-04-28,271.36,Cash,Cleared
PMT001909,DC101107,06-01-2025,457.76,Bank Transfer,Cleared
PMT001910,DC101108,2026-03-12,40.59,Cash,Cleared
PMT001911,DC101108,2025-06-12,280.31,Bank Transfer,Cleared
PMT001912,DC101108,20/01/2026,6.94,debit card,Cleared
PMT001913,DC101110,2024-06-10,25.04,DEBIT CARD,Cleared
PMT001914,DC101110,2025-03-03,211.98,Bank Transfer,Cleared
PMT001915,DC101110,26-09-2025,22.61,Cash,Cleared
PMT001916,DC101110,01/05/2025,408.44,Debit Card,Cleared
PMT001917,DC101110,26-09-2024,36.97,Debit Card,Cleared
PMT001918,DC101112,2025-01-16,246.56,DEBIT CARD,Cleared
PMT001919,DC101115,02/04/2025,29.9,Cheque,Cleared
PMT001920,DC101115,2025-01-08,9.98,Cash,Cleared
PMT001921,DC101115,2025-11-24,46.02,Card,Cleared
PMT001922,DC101118,13/01/2026,44.52,Standing Order,Cleared
PMT001923,DC101118,2025-05-29,40.89,debit card,Cleared
PMT001924,DC101118,19-05-2024,11.69,Standing Order,Cleared
PMT001925,DC101120,08-12-2024,151.92,Cash,Cleared
PMT001926,DC101120,2025-02-25,247.15,Standing Order,Pending
PMT001927,DC101120,05/26/2025,485.72,Direct Debit,Cleared
PMT001928,DC101121,2025-04-19,28.1,Debit Card,Cleared
PMT001929,DC101123,2026-02-06,170.7,Card,Cleared
PMT001930,DC101123,26/04/2026,41.78,Cheque,Pending
PMT001931,DC101123,01/21/2026,195.18,Card,Pending
PMT001932,DC101124,2024-08-19,39.04,Direct Debit,Cleared
PMT001933,DC101125,2025-08-14,433.67,Debit Card,Cleared
PMT001934,DC101125,22-10-2024,26.16,Cheque,Pending
PMT001935,DC101128,2025-08-31,26.99,Bank Transfer,Cleared
PMT001936,DC101128,02/11/2025,5.2,Cash,Cleared
PMT001937,DC101130,2025-10-18,197.78,Direct Debit,Cleared
PMT001938,DC101130,2025-09-02,188.36,Bank Transfer,Cleared
PMT001939,DC101130,2026-02-15,12.37,Debit Card,Cleared
PMT001940,DC101132,08/09/2026,198.26,DEBIT CARD,Cleared
PMT001941,DC101134,2025-06-08,49.25,Card,Cleared
PMT001942,DC101135,12-11-2024,9.58,DEBIT CARD,Pending
PMT001943,DC101135,2025-02-06,8.05,Direct Debit,Cleared
PMT001944,DC101135,2025-10-21,398.44,DEBIT CARD,Cleared
PMT001945,DC101137,2026-08-13,73.06,Direct Debit,Cleared
PMT001946,DC101138,2024-02-26,142.33,Standing Order,Pending
PMT001947,DC101141,28/05/2025,44.13,debit card,Cleared
PMT001948,DC101143,2026-07-24,21.78,Cash,Failed
PMT001949,DC101143,03-09-2026,462.27,Direct Debit,Cleared
PMT001950,DC101145,2025-07-01,40.15,Bank Transfer,Cleared
PMT001951,DC101145,2024-12-08,15.83,Standing Order,Cleared
PMT001952,DC101147,11/11/2025,27.3,Cheque,Cleared
PMT001953,DC101147,2026-06-30,24.29,DEBIT CARD,Cleared
PMT001954,DC101148,2026-01-31,322.69,Direct Debit,Cleared
PMT001955,DC101148,09-02-2026,13.71,Direct Debit,Cleared
PMT001956,DC101151,07-07-2025,359.34,Standing Order,Cleared
PMT001957,DC101154,2026-08-15,23.17,Card,Cleared
PMT001958,DC101157,2026-06-11,44.39,Cheque,Cleared
PMT001959,DC101159,2026-04-21,399.31,Bank Transfer,Cleared
PMT001960,DC101160,2025-10-02,24.93,Card,Failed
PMT001961,DC101160,2025-08-16,328.01,Cheque,Cleared
PMT001962,DC101160,2025-08-31,418.97,Card,Cleared
PMT001963,DC101160,2024-12-12,463.07,Bank Transfer,Cleared
PMT001964,DC101161,2025-07-16,240.06,debit card,Cleared
PMT001965,DC101161,29/09/2025,26.44,Debit Card,Cleared
PMT001966,DC101161,2024-09-19,127.84,Direct Debit,Cleared
PMT001967,DC101162,10/04/2025,452.9,Cash,Cleared
PMT001968,DC101163,2025-09-01,17.77,DEBIT CARD,Cleared
PMT001969,DC101164,2026-05-18,17.4,Direct Debit,Cleared
PMT001970,DC101164,2025-12-13,413.24,DEBIT CARD,Cleared
PMT001971,DC101165,08/07/2026,371.74,Cheque,Cleared
PMT001972,DC101165,16/07/2026,18.24,Standing Order,Cleared
PMT001973,DC101165,03/03/2026,42.91,Cash,Cleared
PMT001974,DC101165,2026-01-07,404.71,DEBIT CARD,Cleared
PMT001975,DC101166,01/08/2026,373.38,Cheque,Failed
PMT001976,DC101166,2026-05-29,19.15,Direct Debit,Pending
PMT001977,DC101167,20/10/2024,411.57,Bank Transfer,Cleared
PMT001978,DC101168,2026-07-30,235.53,Standing Order,Failed
PMT001979,DC101168,2026-06-10,27.38,Card,Cleared
PMT001980,DC101168,2025-08-14,36.77,debit card,Cleared
PMT001981,DC101169,29-10-2024,84.72,debit card,Cleared
PMT001982,DC101169,03-11-2024,245.27,Debit Card,Cleared
PMT001983,DC101169,2026-05-31,226.5,Cheque,Cleared
PMT001984,DC101172,25/03/2025,108.63,Cheque,Cleared
PMT001985,DC101172,2024-06-27,46.01,Cash,Cleared
PMT001986,DC101172,2025-10-04,35.89,DEBIT CARD,Cleared
PMT001987,DC101172,2025-08-03,398.36,Standing Order,Failed
PMT001988,DC101172,2026-03-27,28.95,Standing Order,Cleared
PMT001989,DC101177,2024-05-05,497.28,Direct Debit,Cleared
PMT001990,DC101178,06/20/2026,353.17,Debit Card,Cleared
PMT001991,DC101179,02/07/2024,8.58,Bank Transfer,Cleared
PMT001992,DC101179,20/04/2024,492.04,Cash,Cleared
PMT001993,DC101179,26/08/2024,30.37,Cheque,Cleared
PMT001994,DC101181,01-06-2026,38.2,Direct Debit,Failed
PMT001995,DC101181,2026-01-18,46.56,Debit Card,Pending
PMT001996,DC101181,2025-04-22,272.75,Cheque,Cleared
PMT001997,DC101181,03-05-2025,189.09,Card,Cleared
PMT001998,DC101182,03/06/2026,74.21,DEBIT CARD,Cleared
PMT001999,DC101182,25/05/2026,46.11,Cheque,Cleared
PMT002000,DC101183,11/16/2025,318.4,Card,Cleared
PMT002001,DC101183,2026-02-17,161.43,Cheque,Cleared
PMT002002,DC101183,31-08-2026,482.18,Debit Card,Cleared
PMT002003,DC101184,20/02/2024,20.41,Cash,Cleared
PMT002004,DC101184,10/10/2024,494.59,Cash,Pending
PMT002005,DC101185,2024-11-01,173.85,Debit Card,Cleared
PMT002006,DC101186,2025-11-22,324.66,Direct Debit,Cleared
PMT002007,DC101187,05/02/2026,328.72,Direct Debit,Cleared
PMT002008,DC101187,20/10/2025,8.3,Bank Transfer,Cleared
PMT002009,DC101188,2026-09-21,168.16,Card,Cleared
PMT002010,DC101188,2026-08-25,26.94,DEBIT CARD,Failed
PMT002011,DC101189,2025-11-27,469.69,Direct Debit,Pending
PMT002012,DC101189,2026-06-02,10.85,Debit Card,Cleared
PMT002013,DC101190,2025-10-24,6.8,DEBIT CARD,Cleared
PMT002014,DC101191,03/02/2026,315.01,Direct Debit,Cleared
PMT002015,DC101192,2025-04-03,17.05,Card,Cleared
PMT002016,DC101193,20-09-2025,22.99,Standing Order,Cleared
PMT002017,DC101194,2026-01-09,266.75,DEBIT CARD,Cleared
PMT002018,DC101194,2025-10-15,212.5,Direct Debit,Pending
PMT002019,DC101194,27/08/2025,30.84,Direct Debit,Cleared
PMT002020,DC101195,27/02/2026,32.73,DEBIT CARD,Cleared
PMT002021,DC101196,28/08/2024,127.19,Cheque,Cleared
PMT002022,DC101196,2026-01-24,389.9,Debit Card,Cleared
PMT002023,DC101196,07/07/2025,15.23,debit card,Cleared
PMT002024,DC101196,2025-03-16,425.61,Direct Debit,Cleared
PMT002025,DC101197,20/08/2025,466.49,Cheque,Cleared
PMT002026,DC101197,2025-09-01,282.03,Cash,Cleared
PMT002027,DC101197,16-08-2025,35.08,Card,Cleared
PMT002028,DC101197,2026-01-28,25.07,Cheque,Cleared
PMT002029,DC101197,01/12/2025,409.68,Cheque,Pending
PMT002030,DC101198,07/29/2026,12.91,Card,Pending
PMT002031,DC101198,22-11-2025,39.51,Cash,Cleared
PMT002032,DC101198,2026-08-28,52.49,Debit Card,Cleared
PMT002033,DC101199,2025-08-25,45.85,Standing Order,Cleared
